# Static Concept B graybox, metres, identity world transform.
v -100 2.4 -100
v -92 2.362105 -92
v -92 2.4 -100
v -100 2.4 -100
v -100 2.4 -92
v -92 2.362105 -92
v -100 2.4 -92
v -93 2.324211 -85
v -93 2.368421 -92
v -93 2.368421 -92
v -92 1.724211 -86
v -92 2.362105 -92
v -93 2.368421 -92
v -93 2.330526 -86
v -92 1.724211 -86
v -92 1.724211 -86
v -93 2.324211 -85
v -92 1.711579 -84
v -92 1.724211 -86
v -93 2.330526 -86
v -93 2.324211 -85
v -100 2.4 -92
v -93 2.317895 -84
v -93 2.324211 -85
v -100 2.4 -92
v -100 2.362105 -84
v -93 2.317895 -84
v -93 2.324211 -85
v -93 2.317895 -84
v -92 1.711579 -84
v -100 2.362105 -84
v -93 2.273684 -77
v -93 2.317895 -84
v -93 2.317895 -84
v -92 1.661053 -76
v -92 1.711579 -84
v -93 2.317895 -84
v -93 2.273684 -77
v -92 1.661053 -76
v -100 2.362105 -84
v -93 2.267368 -76
v -93 2.273684 -77
v -100 2.362105 -84
v -100 2.311579 -76
v -93 2.267368 -76
v -93 2.273684 -77
v -93 2.267368 -76
v -92 1.661053 -76
v -100 2.311579 -76
v -93 2.223158 -69
v -93 2.267368 -76
v -93 2.267368 -76
v -92 1.610526 -68
v -92 1.661053 -76
v -93 2.267368 -76
v -93 2.223158 -69
v -92 1.610526 -68
v -100 2.311579 -76
v -93 2.216842 -68
v -93 2.223158 -69
v -100 2.311579 -76
v -100 2.261053 -68
v -93 2.216842 -68
v -93 2.223158 -69
v -93 2.216842 -68
v -92 1.610526 -68
v -100 2.261053 -68
v -93 2.172632 -61
v -93 2.216842 -68
v -93 2.216842 -68
v -92 1.56 -60
v -92 1.610526 -68
v -93 2.216842 -68
v -93 2.172632 -61
v -92 1.56 -60
v -100 2.261053 -68
v -93 2.166316 -60
v -93 2.172632 -61
v -100 2.261053 -68
v -100 2.210526 -60
v -93 2.166316 -60
v -93 2.172632 -61
v -93 2.166316 -60
v -92 1.56 -60
v -100 2.210526 -60
v -93 2.122105 -53
v -93 2.166316 -60
v -93 2.166316 -60
v -92 1.509474 -52
v -92 1.56 -60
v -93 2.166316 -60
v -93 2.122105 -53
v -92 1.509474 -52
v -100 2.210526 -60
v -93 2.115789 -52
v -93 2.122105 -53
v -100 2.210526 -60
v -93.073493 2.116254 -52
v -93 2.115789 -52
v -100 2.210526 -60
v -100 2.17346 -54.131233
v -93.073493 2.116254 -52
v -93 2.122105 -53
v -93 2.115789 -52
v -92 1.509474 -52
v -93.717262 2.12032 -52
v -100 2.17346 -54.131233
v -100 2.16 -52
v -93.717262 2.12032 -52
v -93.661585 2.121111 -52.180951
v -100 2.17346 -54.131233
v -93.073493 2.116254 -52
v -93.661585 2.121111 -52.180951
v -93.717262 2.12032 -52
v -93.073493 2.116254 -52
v -93 2.115647 -51.977387
v -93 2.115789 -52
v -93 2.115789 -52
v -92 1.510696 -51.669695
v -92 1.509474 -52
v -93 2.115789 -52
v -93 2.115647 -51.977387
v -92 1.510696 -51.669695
v -95.793787 2.133434 -52
v -93.896854 2.117767 -51.416328
v -93.717262 2.12032 -52
v -93.717262 2.12032 -52
v -93 2.115647 -51.977387
v -93.073493 2.116254 -52
v -93.717262 2.12032 -52
v -93 2.11036 -51.140373
v -93 2.115647 -51.977387
v -93.717262 2.12032 -52
v -93.896854 2.117767 -51.416328
v -93 2.11036 -51.140373
v -93 2.115647 -51.977387
v -92 2.102101 -50.832681
v -92 1.510696 -51.669695
v -93 2.115647 -51.977387
v -93 2.11036 -51.140373
v -92 2.102101 -50.832681
v -100 2.16 -52
v -93.896854 2.117767 -51.416328
v -95.793787 2.133434 -52
v -100 2.16 -52
v -95.195554 2.099312 -47.195554
v -93.896854 2.117767 -51.416328
v -93.896854 2.117767 -51.416328
v -93 2.071579 -45
v -93 2.11036 -51.140373
v -93.896854 2.117767 -51.416328
v -95.195554 2.099312 -47.195554
v -93 2.071579 -45
v -93 2.11036 -51.140373
v -92 2.058947 -44
v -92 2.102101 -50.832681
v -93 2.11036 -51.140373
v -93 2.071579 -45
v -92 2.058947 -44
v -94.956507 2.07762 -44
v -100 2.119275 -45.551844
v -100 2.109474 -44
v -96.073089 2.086842 -44.343564
v -100 2.124561 -46.388857
v -100 2.119275 -45.551844
v -96.073089 2.086842 -44.343564
v -95.83782 2.090185 -45.108187
v -100 2.124561 -46.388857
v -93 2.065263 -44
v -96.073089 2.086842 -44.343564
v -94.956507 2.07762 -44
v -93 2.065263 -44
v -95.83782 2.090185 -45.108187
v -96.073089 2.086842 -44.343564
v -93 2.065263 -44
v -93 2.066747 -44.235011
v -95.83782 2.090185 -45.108187
v -92.236213 2.057912 -44
v -93 2.066747 -44.235011
v -93 2.065263 -44
v -100 2.16 -52
v -95.83782 2.090185 -45.108187
v -95.195554 2.099312 -47.195554
v -100 2.16 -52
v -100 2.124561 -46.388857
v -95.83782 2.090185 -45.108187
v -95.195554 2.099312 -47.195554
v -93 2.066747 -44.235011
v -93 2.071579 -45
v -95.195554 2.099312 -47.195554
v -95.83782 2.090185 -45.108187
v -93 2.066747 -44.235011
v -93 2.071579 -45
v -92.236213 2.057912 -44
v -92 2.058947 -44
v -93 2.071579 -45
v -93 2.066747 -44.235011
v -92.236213 2.057912 -44
v -92 1.415867 -37.178897
v -92.277388 1.578357 -36.277388
v -92 1.408421 -36
v -100 2.109474 -44
v -93 2.061461 -43.397998
v -94.956507 2.07762 -44
v -100 2.109474 -44
v -93 2.021053 -37
v -93 2.061461 -43.397998
v -93 2.061461 -43.397998
v -92 1.415867 -37.178897
v -92 1.453202 -43.090305
v -93 2.061461 -43.397998
v -92.277388 1.578357 -36.277388
v -92 1.415867 -37.178897
v -93 2.061461 -43.397998
v -93 2.021053 -37
v -92.277388 1.578357 -36.277388
v -94.956507 2.07762 -44
v -93 2.061461 -43.397998
v -93 2.065263 -44
v -93 2.065263 -44
v -92 2.05518 -43.927319
v -92.236213 2.057912 -44
v -93 2.065263 -44
v -92 1.453202 -43.090305
v -92 2.05518 -43.927319
v -93 2.065263 -44
v -93 2.061461 -43.397998
v -92 1.453202 -43.090305
v -92.236213 2.057912 -44
v -92 2.05518 -43.927319
v -92 2.058947 -44
v -92.277388 1.578357 -36.277388
v -92.362738 1.628355 -36
v -92 1.408421 -36
v -100 2.109474 -44
v -93 2.014737 -36
v -93 2.021053 -37
v -100 2.109474 -44
v -100 2.058947 -36
v -93 2.014737 -36
v -93 2.021053 -37
v -92.362738 1.628355 -36
v -92.277388 1.578357 -36.277388
v -93 2.021053 -37
v -93 2.014737 -36
v -92.362738 1.628355 -36
v -100 2.058947 -36
v -93 1.970526 -29
v -93 2.014737 -36
v -93 2.014737 -36
v -92 1.357895 -28
v -92 1.408421 -36
v -93 2.014737 -36
v -93 1.970526 -29
v -92 1.357895 -28
v -100 2.058947 -36
v -93 1.964211 -28
v -93 1.970526 -29
v -100 2.058947 -36
v -100 2.008421 -28
v -93 1.964211 -28
v -93 1.970526 -29
v -93 1.964211 -28
v -92 1.357895 -28
v -100 2.008421 -28
v -93 1.92 -21
v -93 1.964211 -28
v -93 1.964211 -28
v -92 1.307368 -20
v -92 1.357895 -28
v -93 1.964211 -28
v -93 1.92 -21
v -92 1.307368 -20
v -100 2.008421 -28
v -93 1.913684 -20
v -93 1.92 -21
v -100 2.008421 -28
v -100 1.957895 -20
v -93 1.913684 -20
v -93 1.92 -21
v -93 1.913684 -20
v -92 1.307368 -20
v -100 1.957895 -20
v -93 1.869474 -13
v -93 1.913684 -20
v -93 1.913684 -20
v -92 1.256842 -12
v -92 1.307368 -20
v -93 1.913684 -20
v -93 1.869474 -13
v -92 1.256842 -12
v -100 1.957895 -20
v -93 1.863158 -12
v -93 1.869474 -13
v -100 1.957895 -20
v -100 1.907368 -12
v -93 1.863158 -12
v -93 1.869474 -13
v -93 1.863158 -12
v -92 1.256842 -12
v -92 1.212632 -5
v -93 1.818947 -5
v -92 1.206316 -4
v -100 1.907368 -12
v -93 1.818947 -5
v -93 1.863158 -12
v -93 1.863158 -12
v -92 1.212632 -5
v -92 1.256842 -12
v -93 1.863158 -12
v -93 1.818947 -5
v -92 1.212632 -5
v -93 1.818947 -5
v -100 1.856842 -4
v -93 1.812632 -4
v -93 1.818947 -5
v -100 1.863158 -5
v -100 1.856842 -4
v -93 1.818947 -5
v -93 1.812632 -4
v -92 1.206316 -4
v -100 1.907368 -12
v -100 1.863158 -5
v -93 1.818947 -5
v -100 1.856842 -4
v -93 1.768421 3
v -93 1.812632 -4
v -93 1.812632 -4
v -92 1.150105 4
v -92 1.206316 -4
v -93 1.812632 -4
v -93 1.768421 3
v -92 1.150105 4
v -100 1.856842 -4
v -93 1.762105 4
v -93 1.768421 3
v -100 1.856842 -4
v -100 1.806316 4
v -93 1.762105 4
v -93 1.768421 3
v -93 1.762105 4
v -92 1.150105 4
v -100 1.806316 4
v -93 1.717895 11
v -93 1.762105 4
v -93 1.762105 4
v -92 1.105168 12
v -92 1.150105 4
v -93 1.762105 4
v -93 1.717895 11
v -92 1.105168 12
v -100 1.806316 4
v -93 1.711579 12
v -93 1.717895 11
v -100 1.806316 4
v -100 1.755789 12
v -93 1.711579 12
v -93 1.717895 11
v -93 1.711579 12
v -92 1.105168 12
v -100 1.755789 12
v -93 1.667368 19
v -93 1.711579 12
v -93 1.711579 12
v -92 1.054737 20
v -92 1.105168 12
v -93 1.711579 12
v -93 1.667368 19
v -92 1.054737 20
v -100 1.755789 12
v -93 1.661053 20
v -93 1.667368 19
v -100 1.755789 12
v -100 1.705263 20
v -93 1.661053 20
v -93 1.667368 19
v -93 1.661053 20
v -92 1.054737 20
v -100 1.705263 20
v -93 1.616842 27
v -93 1.661053 20
v -93 1.661053 20
v -92 1.004211 28
v -92 1.054737 20
v -93 1.661053 20
v -93 1.616842 27
v -92 1.004211 28
v -100 1.705263 20
v -93 1.610526 28
v -93 1.616842 27
v -100 1.705263 20
v -100 1.654737 28
v -93 1.610526 28
v -93 1.616842 27
v -93 1.610526 28
v -92 1.004211 28
v -100 1.654737 28
v -93 1.566316 35
v -93 1.610526 28
v -93 1.610526 28
v -92 0.949031 36
v -92 1.004211 28
v -93 1.610526 28
v -93 1.566316 35
v -92 0.949031 36
v -100 1.654737 28
v -93 1.56 36
v -93 1.566316 35
v -100 1.654737 28
v -100 1.604211 36
v -93 1.56 36
v -93 1.566316 35
v -93 1.56 36
v -92 0.949031 36
v -100 1.604211 36
v -93 1.515789 43
v -93 1.56 36
v -93 1.56 36
v -92 0.903158 44
v -92 0.949031 36
v -93 1.56 36
v -93 1.515789 43
v -92 0.903158 44
v -100 1.604211 36
v -93 1.509474 44
v -93 1.515789 43
v -100 1.604211 36
v -100 1.553684 44
v -93 1.509474 44
v -93 1.515789 43
v -93 1.509474 44
v -92 0.903158 44
v -100 1.553684 44
v -93 1.465263 51
v -93 1.509474 44
v -93 1.509474 44
v -92 0.852632 52
v -92 0.903158 44
v -93 1.509474 44
v -93 1.465263 51
v -92 0.852632 52
v -100 1.553684 44
v -93 1.458947 52
v -93 1.465263 51
v -100 1.553684 44
v -100 1.503158 52
v -93 1.458947 52
v -93 1.465263 51
v -93 1.458947 52
v -92 0.852632 52
v -100 1.503158 52
v -93 1.414737 59
v -93 1.458947 52
v -93 1.458947 52
v -92 0.802105 60
v -92 0.852632 52
v -93 1.458947 52
v -93 1.414737 59
v -92 0.802105 60
v -100 1.503158 52
v -93 1.408421 60
v -93 1.414737 59
v -100 1.503158 52
v -100 1.452632 60
v -93 1.408421 60
v -93 1.414737 59
v -93 1.408421 60
v -92 0.802105 60
v -100 1.452632 60
v -93 1.364211 67
v -93 1.408421 60
v -93 1.408421 60
v -92 0.751579 68
v -92 0.802105 60
v -93 1.408421 60
v -93 1.364211 67
v -92 0.751579 68
v -100 1.452632 60
v -93 1.357895 68
v -93 1.364211 67
v -100 1.452632 60
v -100 1.402105 68
v -93 1.357895 68
v -93 1.364211 67
v -93 1.357895 68
v -92 0.751579 68
v -100 1.402105 68
v -93 1.313684 75
v -93 1.357895 68
v -93 1.357895 68
v -92 0.701053 76
v -92 0.751579 68
v -93 1.357895 68
v -93 1.313684 75
v -92 0.701053 76
v -100 1.402105 68
v -93 1.307368 76
v -93 1.313684 75
v -100 1.402105 68
v -100 1.351579 76
v -93 1.307368 76
v -93 1.313684 75
v -93 1.307368 76
v -92 0.701053 76
v -100 1.351579 76
v -93 1.263158 83
v -93 1.307368 76
v -93 1.307368 76
v -92 0.650526 84
v -92 0.701053 76
v -93 1.307368 76
v -93 1.263158 83
v -92 0.650526 84
v -100 1.351579 76
v -93 1.256842 84
v -93 1.263158 83
v -100 1.351579 76
v -100 1.301053 84
v -93 1.256842 84
v -93 1.263158 83
v -93 1.256842 84
v -92 0.650526 84
v -92 1.231385 87.030776
v -98 1.275789 86
v -92 1.2 92
v -92 1.231385 87.030776
v -96.123106 1.263935 86
v -98 1.275789 86
v -92 0.637895 86
v -96.123106 1.263935 86
v -92.242536 1.233299 86.970143
v -92 0.637895 86
v -92.242536 1.233299 86.970143
v -92 1.231385 87.030776
v -100 1.301053 84
v -93 1.244211 86
v -93 1.256842 84
v -100 1.301053 84
v -98 1.275789 86
v -93 1.244211 86
v -93 1.256842 84
v -92 0.644405 84.969224
v -92 0.650526 84
v -93 1.256842 84
v -93 1.2523 84.719224
v -92 0.644405 84.969224
v -92 0.637895 86
v -93 1.245789 85.75
v -93 1.244211 86
v -92 0.644405 84.969224
v -93 1.245789 85.75
v -92 0.637895 86
v -92 0.644405 84.969224
v -93 1.2523 84.719224
v -93 1.245789 85.75
v -98 1.275789 86
v -100 1.250526 92
v -92 1.2 92
v -98 1.275789 86
v -100 1.288421 86
v -100 1.250526 92
v -100 1.301053 84
v -100 1.288421 86
v -98 1.275789 86
v -100 1.250526 92
v -92 1.149474 100
v -92 1.2 92
v -100 1.250526 92
v -100 1.2 100
v -92 1.149474 100
v -92 2.4 -100
v -84 2.311579 -92
v -84 2.362105 -100
v -92 2.4 -100
v -92 2.362105 -92
v -84 2.311579 -92
v -91 2.355789 -92
v -84 2.248421 -85.394113
v -84 2.311579 -92
v -91 2.355789 -92
v -84.697056 2.248421 -84.697056
v -84 2.248421 -85.394113
v -91 2.355789 -92
v -91 2.349474 -91
v -84.697056 2.248421 -84.697056
v -92 2.362105 -92
v -91 2.349474 -91
v -91 2.355789 -92
v -88.808326 2.274374 -84
v -91 2.319105 -86.191674
v -91 2.305263 -84
v -92 1.724211 -86
v -91 2.319105 -86.191674
v -92 2.331737 -87.191674
v -92 1.724211 -86
v -91 2.317895 -86
v -91 2.319105 -86.191674
v -91 2.305263 -84
v -92 1.724211 -86
v -92 1.711579 -84
v -91 2.305263 -84
v -91 2.317895 -86
v -92 1.724211 -86
v -91 2.349474 -91
v -85.394113 2.248421 -84
v -84.697056 2.248421 -84.697056
v -91 2.349474 -91
v -88.808326 2.274374 -84
v -85.394113 2.248421 -84
v -91 2.349474 -91
v -91 2.319105 -86.191674
v -88.808326 2.274374 -84
v -92 2.362105 -92
v -91 2.319105 -86.191674
v -91 2.349474 -91
v -92 2.362105 -92
v -92 2.331737 -87.191674
v -91 2.319105 -86.191674
v -84 2.246201 -78.605887
v -85.302944 2.236326 -77.302944
v -84 2.220819 -76
v -91 2.305263 -84
v -84 2.248421 -79.191674
v -88.808326 2.274374 -84
v -91 2.305263 -84
v -84 2.246201 -78.605887
v -84 2.248421 -79.191674
v -91 2.305263 -84
v -85.302944 2.236326 -77.302944
v -84 2.246201 -78.605887
v -91 2.305263 -84
v -91 2.298472 -83
v -85.302944 2.236326 -77.302944
v -92 1.711579 -84
v -91 2.298472 -83
v -91 2.305263 -84
v -88.808326 2.274374 -84
v -87.101219 2.248421 -82.292893
v -85.394113 2.248421 -84
v -85.302944 2.236326 -77.302944
v -86.605887 2.226985 -76
v -84 2.220819 -76
v -91 2.298472 -83
v -86.605887 2.226985 -76
v -85.302944 2.236326 -77.302944
v -91 2.298472 -83
v -91 2.254737 -76
v -86.605887 2.226985 -76
v -92 1.711579 -84
v -91 2.254737 -76
v -91 2.298472 -83
v -92 1.711579 -84
v -92 1.661053 -76
v -91 2.254737 -76
v -91 2.254737 -76
v -84 2.16 -68
v -84 2.220819 -76
v -91 2.254737 -76
v -91 2.248421 -75
v -84 2.16 -68
v -92 1.661053 -76
v -91 2.248421 -75
v -91 2.254737 -76
v -91 2.248421 -75
v -91 2.204211 -68
v -84 2.16 -68
v -92 1.661053 -76
v -91 2.204211 -68
v -91 2.248421 -75
v -92 1.661053 -76
v -92 1.610526 -68
v -91 2.204211 -68
v -91 2.204211 -68
v -84 2.109474 -60
v -84 2.16 -68
v -91 2.204211 -68
v -91 2.197895 -67
v -84 2.109474 -60
v -92 1.610526 -68
v -91 2.197895 -67
v -91 2.204211 -68
v -91 2.197895 -67
v -91 2.153684 -60
v -84 2.109474 -60
v -92 1.610526 -68
v -91 2.153684 -60
v -91 2.197895 -67
v -92 1.610526 -68
v -92 1.56 -60
v -91 2.153684 -60
v -91 2.153684 -60
v -84 2.058947 -52
v -84 2.109474 -60
v -91 2.153684 -60
v -91 2.147368 -59
v -84 2.058947 -52
v -92 1.56 -60
v -91 2.147368 -59
v -91 2.153684 -60
v -91 2.147368 -59
v -91 2.103158 -52
v -84 2.058947 -52
v -92 1.56 -60
v -91 2.103158 -52
v -91 2.147368 -59
v -92 1.56 -60
v -92 1.509474 -52
v -91 2.103158 -52
v -91 2.103158 -52
v -84 2.041315 -49.208156
v -84 2.058947 -52
v -91 2.103158 -52
v -91 2.099128 -51.362002
v -84 2.041315 -49.208156
v -92 1.509474 -52
v -91 2.099128 -51.362002
v -91 2.103158 -52
v -92 1.509474 -52
v -91.522892 1.791442 -51.522892
v -91 2.099128 -51.362002
v -84 2.041315 -49.208156
v -88.16218 2.070404 -49.651813
v -84 2.036028 -48.371143
v -84 2.041315 -49.208156
v -87.926911 2.073747 -50.416436
v -88.16218 2.070404 -49.651813
v -88.16218 2.070404 -49.651813
v -91 2.096842 -51
v -90.313873 2.088175 -50.313873
v -88.16218 2.070404 -49.651813
v -91 2.099128 -51.362002
v -91 2.096842 -51
v -88.16218 2.070404 -49.651813
v -87.926911 2.073747 -50.416436
v -91 2.099128 -51.362002
v -91 2.096842 -51
v -91 2.099128 -51.362002
v -91.522892 1.791442 -51.522892
v -84 2.036028 -48.371143
v -88.512682 2.065423 -48.512682
v -84 2.008421 -44
v -84 2.036028 -48.371143
v -88.16218 2.070404 -49.651813
v -88.512682 2.065423 -48.512682
v -88.512682 2.065423 -48.512682
v -88.16218 2.070404 -49.651813
v -90.313873 2.088175 -50.313873
v -92 1.509474 -52
v -92 1.510696 -51.669695
v -91.522892 1.791442 -51.522892
v -91 2.096842 -51
v -91 2.093842 -50.524989
v -90.313873 2.088175 -50.313873
v -91.522892 1.791442 -51.522892
v -91 2.093842 -50.524989
v -91 2.096842 -51
v -91.522892 1.791442 -51.522892
v -92 2.102101 -50.832681
v -91 2.093842 -50.524989
v -91.522892 1.791442 -51.522892
v -92 1.510696 -51.669695
v -92 2.102101 -50.832681
v -88.512682 2.065423 -48.512682
v -89.901199 2.045692 -44
v -84 2.008421 -44
v -90.313873 2.088175 -50.313873
v -89.901199 2.045692 -44
v -88.512682 2.065423 -48.512682
v -90.313873 2.088175 -50.313873
v -91 2.052632 -44
v -89.901199 2.045692 -44
v -90.313873 2.088175 -50.313873
v -91 2.093842 -50.524989
v -91 2.052632 -44
v -91 2.052632 -44
v -92 2.102101 -50.832681
v -92 2.058947 -44
v -91 2.052632 -44
v -91 2.093842 -50.524989
v -92 2.102101 -50.832681
v -89.901199 2.045692 -44
v -84 1.957895 -36
v -84 2.008421 -44
v -89.901199 2.045692 -44
v -90.395035 2.038674 -42.395035
v -84 1.957895 -36
v -90.338415 2.039479 -42.579049
v -90.685997 2.042349 -42.685997
v -90.395035 2.038674 -42.395035
v -90.103146 2.042822 -43.343672
v -90.685997 2.042349 -42.685997
v -90.338415 2.039479 -42.579049
v -90.103146 2.042822 -43.343672
v -91 2.046316 -43
v -90.685997 2.042349 -42.685997
v -90.103146 2.042822 -43.343672
v -91 2.050229 -43.619627
v -91 2.046316 -43
v -91 2.046316 -43
v -91 2.050229 -43.619627
v -91.895016 2.05466 -43.895016
v -91 2.052632 -44
v -90.103146 2.042822 -43.343672
v -89.901199 2.045692 -44
v -91 2.052632 -44
v -91 2.050229 -43.619627
v -90.103146 2.042822 -43.343672
v -92 2.058947 -44
v -91 2.050229 -43.619627
v -91 2.052632 -44
v -92 2.058947 -44
v -91.895016 2.05466 -43.895016
v -91 2.050229 -43.619627
v -90.395035 2.038674 -42.395035
v -91 2.002105 -36
v -84 1.957895 -36
v -90.395035 2.038674 -42.395035
v -91 2.030077 -40.428897
v -91 2.002105 -36
v -91 2.002105 -36
v -92 1.415867 -37.178897
v -92 1.408421 -36
v -91 2.002105 -36
v -91 2.030077 -40.428897
v -92 1.415867 -37.178897
v -90.685997 2.042349 -42.685997
v -91 2.030077 -40.428897
v -90.395035 2.038674 -42.395035
v -90.685997 2.042349 -42.685997
v -91 2.044943 -42.782613
v -91 2.030077 -40.428897
v -91 2.030077 -40.428897
v -92 1.453202 -43.090305
v -92 1.415867 -37.178897
v -91 2.030077 -40.428897
v -91 2.044943 -42.782613
v -92 1.453202 -43.090305
v -91 2.046316 -43
v -91 2.044943 -42.782613
v -90.685997 2.042349 -42.685997
v -91.895016 2.05466 -43.895016
v -91 2.044943 -42.782613
v -91 2.046316 -43
v -91.895016 2.05466 -43.895016
v -92 1.453202 -43.090305
v -91 2.044943 -42.782613
v -91.895016 2.05466 -43.895016
v -92 2.05518 -43.927319
v -92 1.453202 -43.090305
v -92 2.058947 -44
v -92 2.05518 -43.927319
v -91.895016 2.05466 -43.895016
v -91 2.002105 -36
v -84 1.907368 -28
v -84 1.957895 -36
v -91 2.002105 -36
v -91 1.995789 -35
v -84 1.907368 -28
v -92 1.408421 -36
v -91 1.995789 -35
v -91 2.002105 -36
v -91 1.995789 -35
v -91 1.951579 -28
v -84 1.907368 -28
v -92 1.408421 -36
v -91 1.951579 -28
v -91 1.995789 -35
v -92 1.408421 -36
v -92 1.357895 -28
v -91 1.951579 -28
v -91 1.951579 -28
v -84 1.856842 -20
v -84 1.907368 -28
v -91 1.951579 -28
v -91 1.945263 -27
v -84 1.856842 -20
v -92 1.357895 -28
v -91 1.945263 -27
v -91 1.951579 -28
v -91 1.945263 -27
v -91 1.901053 -20
v -84 1.856842 -20
v -92 1.357895 -28
v -91 1.901053 -20
v -91 1.945263 -27
v -92 1.357895 -28
v -92 1.307368 -20
v -91 1.901053 -20
v -91 1.901053 -20
v -84 1.785379 -12
v -84 1.856842 -20
v -91 1.901053 -20
v -91 1.894737 -19
v -84 1.785379 -12
v -92 1.307368 -20
v -91 1.894737 -19
v -91 1.901053 -20
v -91 1.894737 -19
v -91 1.850526 -12
v -84 1.785379 -12
v -92 1.307368 -20
v -91 1.850526 -12
v -91 1.894737 -19
v -92 1.307368 -20
v -92 1.256842 -12
v -91 1.850526 -12
v -91 1.850526 -12
v -84 1.733053 -4
v -84 1.785379 -12
v -91 1.850526 -12
v -91 1.844211 -11
v -84 1.733053 -4
v -92 1.256842 -12
v -91 1.844211 -11
v -91 1.850526 -12
v -91 1.844211 -11
v -91 1.8 -4
v -84 1.733053 -4
v -91 1.806316 -5
v -92 1.206316 -4
v -91 1.8 -4
v -91 1.806316 -5
v -92 1.212632 -5
v -92 1.206316 -4
v -92 1.256842 -12
v -91 1.806316 -5
v -91 1.844211 -11
v -92 1.256842 -12
v -92 1.212632 -5
v -91 1.806316 -5
v -91 1.8 -4
v -88.4 1.760842 -0.4
v -88.4 1.783579 -4
v -91 1.8 -4
v -91 1.793684 -3
v -88.4 1.760842 -0.4
v -92 1.206316 -4
v -91 1.793684 -3
v -91 1.8 -4
v -88.4 1.783579 -4
v -84 1.698947 3.6
v -84 1.733053 -4
v -88.4 1.783579 -4
v -84.4 1.698947 3.6
v -84 1.698947 3.6
v -88.4 1.783579 -4
v -88.4 1.760842 -0.4
v -84.4 1.698947 3.6
v -91 1.793684 -3
v -88.4 1.698947 4
v -88.4 1.760842 -0.4
v -91 1.793684 -3
v -91 1.731789 4
v -88.4 1.698947 4
v -92 1.206316 -4
v -91 1.731789 4
v -91 1.793684 -3
v -92 1.206316 -4
v -92 1.150105 4
v -91 1.731789 4
v -88.4 1.760842 -0.4
v -88.4 1.698947 3.6
v -84.4 1.698947 3.6
v -84 1.698947 10.4
v -85.6 1.698947 10.4
v -84 1.681263 12
v -91 1.731789 4
v -88.4 1.698947 7.6
v -88.4 1.698947 4
v -91 1.731789 4
v -91 1.727684 5
v -88.4 1.698947 7.6
v -92 1.150105 4
v -91 1.727684 5
v -91 1.731789 4
v -85.6 1.698947 10.4
v -91 1.698947 12
v -84 1.681263 12
v -85.6 1.698947 10.4
v -91 1.705516 10.4
v -91 1.698947 12
v -91 1.698947 12
v -92 1.113726 10.4
v -92 1.105168 12
v -91 1.698947 12
v -91 1.705516 10.4
v -92 1.113726 10.4
v -91 1.727684 5
v -88.4 1.698947 10.4
v -88.4 1.698947 7.6
v -91 1.727684 5
v -91 1.705516 10.4
v -88.4 1.698947 10.4
v -92 1.150105 4
v -91 1.705516 10.4
v -91 1.727684 5
v -92 1.150105 4
v -92 1.113726 10.4
v -91 1.705516 10.4
v -91 1.698947 12
v -84 1.573895 20
v -84 1.681263 12
v -91 1.698947 12
v -91 1.693142 13
v -84 1.573895 20
v -92 1.105168 12
v -91 1.693142 13
v -91 1.698947 12
v -91 1.693142 13
v -91 1.648421 20
v -84 1.573895 20
v -92 1.105168 12
v -91 1.648421 20
v -91 1.693142 13
v -92 1.105168 12
v -92 1.054737 20
v -91 1.648421 20
v -91 1.648421 20
v -84 1.553684 28
v -84 1.573895 20
v -91 1.648421 20
v -91 1.642105 21
v -84 1.553684 28
v -92 1.054737 20
v -91 1.642105 21
v -91 1.648421 20
v -91 1.642105 21
v -91 1.597895 28
v -84 1.553684 28
v -92 1.054737 20
v -91 1.597895 28
v -91 1.642105 21
v -92 1.054737 20
v -92 1.004211 28
v -91 1.597895 28
v -91 1.597895 28
v -87.771931 1.51585 32.228069
v -87.026408 1.572798 28
v -91 1.597895 28
v -91 1.591579 29
v -87.771931 1.51585 32.228069
v -92 1.004211 28
v -91 1.591579 29
v -91 1.597895 28
v -87.026408 1.572798 28
v -84 1.515789 32.900203
v -84 1.553684 28
v -87.026408 1.572798 28
v -87.763382 1.515789 32.236618
v -84 1.515789 32.900203
v -87.026408 1.572798 28
v -87.771931 1.51585 32.228069
v -87.763382 1.515789 32.236618
v -91 1.591579 29
v -88.437024 1.515789 36
v -87.771931 1.51585 32.228069
v -91 1.591579 29
v -91 1.535716 36
v -88.437024 1.515789 36
v -92 1.004211 28
v -91 1.535716 36
v -91 1.591579 29
v -92 1.004211 28
v -92 0.949031 36
v -91 1.535716 36
v -87.771931 1.51585 32.228069
v -87.773135 1.515789 32.234898
v -87.763382 1.515789 32.236618
v -84 1.515789 38.478486
v -84.827654 1.470204 43.172346
v -84 1.452632 44
v -84.226865 1.515789 39.765102
v -89.092914 1.515831 38.907086
v -84.827654 1.470204 43.172346
v -91 1.535716 36
v -88.953942 1.515789 38.931591
v -88.437024 1.515789 36
v -91 1.535716 36
v -89.092914 1.515831 38.907086
v -88.953942 1.515789 38.931591
v -91 1.535716 36
v -91 1.530634 37
v -89.092914 1.515831 38.907086
v -92 0.949031 36
v -91 1.530634 37
v -91 1.535716 36
v -84.827654 1.470204 43.172346
v -84.973592 1.458781 44
v -84 1.452632 44
v -89.092914 1.515831 38.907086
v -84.973592 1.458781 44
v -84.827654 1.470204 43.172346
v -89.092914 1.515831 38.907086
v -91 1.496842 44
v -84.973592 1.458781 44
v -89.092914 1.515831 38.907086
v -91 1.523758 38.570816
v -91 1.496842 44
v -91 1.496842 44
v -92 0.933398 38.394489
v -92 0.903158 44
v -91 1.496842 44
v -91 1.523758 38.570816
v -92 0.933398 38.394489
v -91 1.530634 37
v -91 1.523758 38.570816
v -89.092914 1.515831 38.907086
v -92 0.949031 36
v -91 1.523758 38.570816
v -91 1.530634 37
v -92 0.949031 36
v -92 0.933398 38.394489
v -91 1.523758 38.570816
v -91 1.496842 44
v -84 1.402105 52
v -84 1.452632 44
v -91 1.496842 44
v -91 1.490526 45
v -84 1.402105 52
v -92 0.903158 44
v -91 1.490526 45
v -91 1.496842 44
v -91 1.490526 45
v -91 1.446316 52
v -84 1.402105 52
v -92 0.903158 44
v -91 1.446316 52
v -91 1.490526 45
v -92 0.903158 44
v -92 0.852632 52
v -91 1.446316 52
v -91 1.446316 52
v -84 1.351579 60
v -84 1.402105 52
v -91 1.446316 52
v -91 1.44 53
v -84 1.351579 60
v -92 0.852632 52
v -91 1.44 53
v -91 1.446316 52
v -91 1.44 53
v -91 1.395789 60
v -84 1.351579 60
v -92 0.852632 52
v -91 1.395789 60
v -91 1.44 53
v -92 0.852632 52
v -92 0.802105 60
v -91 1.395789 60
v -91 1.395789 60
v -84 1.301053 68
v -84 1.351579 60
v -91 1.395789 60
v -91 1.389474 61
v -84 1.301053 68
v -92 0.802105 60
v -91 1.389474 61
v -91 1.395789 60
v -91 1.389474 61
v -91 1.345263 68
v -84 1.301053 68
v -92 0.802105 60
v -91 1.345263 68
v -91 1.389474 61
v -92 0.802105 60
v -92 0.751579 68
v -91 1.345263 68
v -91 1.345263 68
v -84 1.250526 76
v -84 1.301053 68
v -91 1.345263 68
v -91 1.338947 69
v -84 1.250526 76
v -92 0.751579 68
v -91 1.338947 69
v -91 1.345263 68
v -91 1.338947 69
v -91 1.294737 76
v -84 1.250526 76
v -92 0.751579 68
v -91 1.294737 76
v -91 1.338947 69
v -92 0.751579 68
v -92 0.701053 76
v -91 1.294737 76
v -91 1.294737 76
v -84 1.2 84
v -84 1.250526 76
v -91 1.294737 76
v -91 1.288421 77
v -84 1.2 84
v -92 0.701053 76
v -91 1.288421 77
v -91 1.294737 76
v -91 1.288421 77
v -91 1.244211 84
v -84 1.2 84
v -92 0.701053 76
v -91 1.244211 84
v -91 1.288421 77
v -92 0.701053 76
v -92 0.650526 84
v -91 1.244211 84
v -91 1.244211 84
v -84 1.181247 86.969224
v -84 1.2 84
v -91 1.244211 84
v -90.707702 1.234203 85.292298
v -84 1.181247 86.969224
v -91 1.244211 84
v -91 1.237895 85
v -90.707702 1.234203 85.292298
v -84 1.168227 89.030776
v -87.958965 1.199482 88.041035
v -84 1.149474 92
v -84 0.574737 88
v -87.958965 1.199482 88.041035
v -84 1.168227 89.030776
v -84 0.574737 88
v -89.333333 0.616842 86.666667
v -87.958965 1.199482 88.041035
v -84 1.181247 86.969224
v -89.333333 0.616842 86.666667
v -84 0.574737 88
v -84 1.181247 86.969224
v -90.707702 1.234203 85.292298
v -89.333333 0.616842 86.666667
v -92 0.650526 84
v -91 1.237895 85
v -91 1.244211 84
v -91 1.237895 85
v -91 1.23651 85.219224
v -90.707702 1.234203 85.292298
v -87.958965 1.199482 88.041035
v -91 1.193684 92
v -84 1.149474 92
v -87.958965 1.199482 88.041035
v -91 1.22349 87.280776
v -91 1.193684 92
v -89.333333 0.616842 86.666667
v -91 1.22349 87.280776
v -87.958965 1.199482 88.041035
v -89.333333 0.616842 86.666667
v -91 0.63 86.25
v -91 1.22349 87.280776
v -90.707702 1.234203 85.292298
v -91 0.63 86.25
v -89.333333 0.616842 86.666667
v -90.707702 1.234203 85.292298
v -91 1.23651 85.219224
v -91 0.63 86.25
v -91 1.22349 87.280776
v -92 1.2 92
v -91 1.193684 92
v -91 1.22349 87.280776
v -92 1.231385 87.030776
v -92 1.2 92
v -91 0.63 86.25
v -92 1.231385 87.030776
v -91 1.22349 87.280776
v -91 0.63 86.25
v -92 0.637895 86
v -92 1.231385 87.030776
v -91 0.7771 86
v -92 0.637895 86
v -91 0.63 86.25
v -92 0.650526 84
v -91 1.23651 85.219224
v -91 1.237895 85
v -92 0.650526 84
v -92 0.644405 84.969224
v -91 1.23651 85.219224
v -92 0.637895 86
v -91.757464 0.788012 85.029857
v -92 0.644405 84.969224
v -91 1.23651 85.219224
v -92 0.637895 86
v -91 0.7771 86
v -91 1.23651 85.219224
v -91.757464 0.788012 85.029857
v -92 0.637895 86
v -92 1.2 92
v -84 1.098947 100
v -84 1.149474 92
v -92 1.2 92
v -92 1.149474 100
v -84 1.098947 100
v -84 2.362105 -100
v -76 2.261053 -92
v -76 2.311579 -100
v -84 2.362105 -100
v -84 2.311579 -92
v -76 2.261053 -92
v -76 2.167409 -86.605887
v -77.302944 2.236326 -85.302944
v -76 2.175164 -84
v -84 2.311579 -92
v -80.697056 2.260516 -88.697056
v -77.394113 2.269858 -92
v -77.394113 2.269858 -92
v -76 2.167409 -86.605887
v -76 2.261053 -92
v -77.394113 2.269858 -92
v -77.302944 2.236326 -85.302944
v -76 2.167409 -86.605887
v -77.394113 2.269858 -92
v -80.697056 2.260516 -88.697056
v -77.302944 2.236326 -85.302944
v -77.302944 2.236326 -85.302944
v -78.605887 2.246201 -84
v -76 2.175164 -84
v -84 2.311579 -92
v -84 2.248421 -85.394113
v -80.697056 2.260516 -88.697056
v -80.697056 2.260516 -88.697056
v -78.605887 2.246201 -84
v -77.302944 2.236326 -85.302944
v -80.697056 2.260516 -88.697056
v -79.191674 2.248421 -84
v -78.605887 2.246201 -84
v -80.697056 2.260516 -88.697056
v -82.292893 2.248421 -87.101219
v -79.191674 2.248421 -84
v -78.605887 2.246201 -84
v -76 2.16 -76
v -76 2.175164 -84
v -78.605887 2.246201 -84
v -81.302944 2.248421 -81.302944
v -76 2.16 -76
v -79.191674 2.248421 -84
v -78.898781 2.248421 -83.707107
v -78.605887 2.246201 -84
v -81.302944 2.248421 -81.302944
v -84 2.220819 -76
v -76 2.16 -76
v -81.302944 2.248421 -81.302944
v -84 2.246201 -78.605887
v -84 2.220819 -76
v -83.707107 2.248421 -78.898781
v -84 2.248421 -79.191674
v -84 2.246201 -78.605887
v -84 2.220819 -76
v -76 2.045053 -68
v -76 2.16 -76
v -84 2.220819 -76
v -84 2.16 -68
v -76 2.045053 -68
v -84 2.16 -68
v -77.4 2.033684 -61.4
v -77.4 2.046379 -68
v -77.4 2.046379 -68
v -76 2.033684 -67.4
v -76 2.045053 -68
v -77.4 2.046379 -68
v -77.4 2.033684 -67.4
v -76 2.033684 -67.4
v -84 2.16 -68
v -77.4 2.033684 -60
v -77.4 2.033684 -61.4
v -84 2.16 -68
v -84 2.109474 -60
v -77.4 2.033684 -60
v -76 2.033684 -58.6
v -82.6 2.091789 -58.6
v -76 2.008421 -52
v -84 2.109474 -60
v -77.4 2.033684 -58.6
v -77.4 2.033684 -60
v -84 2.109474 -60
v -82.6 2.091789 -58.6
v -77.4 2.033684 -58.6
v -82.6 2.091789 -58.6
v -84 2.058947 -52
v -76 2.008421 -52
v -82.6 2.091789 -58.6
v -84 2.100632 -58.6
v -84 2.058947 -52
v -84 2.109474 -60
v -84 2.100632 -58.6
v -82.6 2.091789 -58.6
v -84 2.058947 -52
v -76 1.957895 -44
v -76 2.008421 -52
v -84 2.058947 -52
v -84 2.008421 -44
v -76 1.957895 -44
v -84 2.008421 -44
v -76 1.907368 -36
v -76 1.957895 -44
v -84 2.008421 -44
v -84 1.957895 -36
v -76 1.907368 -36
v -84 1.957895 -36
v -76 1.856842 -28
v -76 1.907368 -36
v -84 1.957895 -36
v -84 1.907368 -28
v -76 1.856842 -28
v -84 1.907368 -28
v -76 1.806316 -20
v -76 1.856842 -28
v -84 1.907368 -28
v -84 1.856842 -20
v -76 1.806316 -20
v -84 1.856842 -20
v -76 1.742526 -12
v -76 1.806316 -20
v -84 1.856842 -20
v -84 1.785379 -12
v -76 1.742526 -12
v -84 1.785379 -12
v -82.4 1.734947 -10.4
v -82.4 1.7688 -12
v -82.4 1.7688 -12
v -76 1.717895 -9.4
v -76 1.742526 -12
v -82.4 1.7688 -12
v -81.4 1.717895 -9.4
v -76 1.717895 -9.4
v -82.4 1.7688 -12
v -82.4 1.734947 -10.4
v -81.4 1.717895 -9.4
v -84 1.785379 -12
v -82.4 1.717895 -4
v -82.4 1.734947 -10.4
v -84 1.785379 -12
v -84 1.733053 -4
v -82.4 1.717895 -4
v -82.4 1.734947 -10.4
v -82.4 1.717895 -9.4
v -81.4 1.717895 -9.4
v -76 1.717895 1.4
v -78.6 1.717895 1.4
v -76 1.676842 4
v -84 1.733053 -4
v -82.4 1.717895 -2.4
v -82.4 1.717895 -4
v -78.6 1.717895 1.4
v -83.6 1.698947 4
v -76 1.676842 4
v -78.6 1.717895 1.4
v -83.6 1.718274 1.4
v -83.6 1.698947 4
v -84 1.698947 3.6
v -83.6 1.718274 1.4
v -84 1.719411 1.4
v -84 1.698947 3.6
v -83.6 1.698947 3.6
v -83.6 1.718274 1.4
v -84 1.733053 -4
v -82.4 1.717895 1.4
v -82.4 1.717895 -2.4
v -84 1.733053 -4
v -84 1.719411 1.4
v -82.4 1.717895 1.4
v -83.6 1.698947 4
v -76 1.604211 12
v -76 1.676842 4
v -83.6 1.698947 4
v -83.6 1.698947 4.4
v -76 1.604211 12
v -83.6 1.698947 4.4
v -83.6 1.680253 12
v -76 1.604211 12
v -83.6 1.698947 10.4
v -84 1.681263 12
v -83.6 1.680253 12
v -83.6 1.698947 10.4
v -84 1.698947 10.4
v -84 1.681263 12
v -84 1.681263 12
v -82.4 1.614316 13.6
v -82.4 1.671789 12
v -82.4 1.671789 12
v -76 1.553684 16.6
v -76 1.604211 12
v -82.4 1.671789 12
v -79.4 1.553684 16.6
v -76 1.553684 16.6
v -82.4 1.671789 12
v -82.4 1.614316 13.6
v -79.4 1.553684 16.6
v -84 1.681263 12
v -82.4 1.553684 20
v -82.4 1.614316 13.6
v -84 1.681263 12
v -84 1.573895 20
v -82.4 1.553684 20
v -82.4 1.614316 13.6
v -82.4 1.553684 16.6
v -79.4 1.553684 16.6
v -76 1.553684 27.4
v -76.6 1.553684 27.4
v -76 1.546105 28
v -84 1.573895 20
v -82.4 1.553684 21.6
v -82.4 1.553684 20
v -76.6 1.553684 27.4
v -84 1.553684 28
v -76 1.546105 28
v -76.6 1.553684 27.4
v -84 1.5552 27.4
v -84 1.553684 28
v -84 1.573895 20
v -82.4 1.553684 27.4
v -82.4 1.553684 21.6
v -84 1.573895 20
v -84 1.5552 27.4
v -82.4 1.553684 27.4
v -82.15236 1.551934 28
v -76 1.452632 36
v -76 1.546105 28
v -82.15236 1.551934 28
v -82.429315 1.542916 29.570685
v -76 1.452632 36
v -84 1.553684 28
v -82.429315 1.542916 29.570685
v -82.15236 1.551934 28
v -82.429315 1.542916 29.570685
v -83.562976 1.515789 36
v -76 1.452632 36
v -84 1.553684 28
v -83.046058 1.515789 33.068409
v -82.429315 1.542916 29.570685
v -84 1.553684 28
v -84 1.515789 32.900203
v -83.046058 1.515789 33.068409
v -83.562976 1.515789 36
v -76 1.402105 44
v -76 1.452632 36
v -83.562976 1.515789 36
v -83.628484 1.515789 36.371516
v -76 1.402105 44
v -83.628484 1.515789 36.371516
v -84 1.452632 44
v -76 1.402105 44
v -83.628484 1.515789 36.371516
v -84 1.515789 38.478486
v -84 1.452632 44
v -84 1.452632 44
v -76 1.351579 52
v -76 1.402105 44
v -84 1.452632 44
v -84 1.402105 52
v -76 1.351579 52
v -84 1.402105 52
v -76 1.301053 60
v -76 1.351579 52
v -84 1.402105 52
v -84 1.351579 60
v -76 1.301053 60
v -84 1.351579 60
v -76 1.250526 68
v -76 1.301053 60
v -84 1.351579 60
v -84 1.301053 68
v -76 1.250526 68
v -84 1.301053 68
v -76 1.2 76
v -76 1.250526 68
v -84 1.301053 68
v -84 1.250526 76
v -76 1.2 76
v -84 1.250526 76
v -76 1.149474 84
v -76 1.2 76
v -84 1.250526 76
v -84 1.2 84
v -76 1.149474 84
v -84 1.2 84
v -76 1.118089 88.969224
v -76 1.149474 84
v -84 1.2 84
v -80.041035 1.149992 87.958965
v -76 1.118089 88.969224
v -76 1.105069 91.030776
v -77.292298 1.115271 90.707702
v -76 1.098947 92
v -76 0.511579 90
v -77.292298 1.115271 90.707702
v -76 1.105069 91.030776
v -76 0.511579 90
v -78.666667 0.532632 89.333333
v -77.292298 1.115271 90.707702
v -76 1.118089 88.969224
v -78.666667 0.532632 89.333333
v -76 0.511579 90
v -76 1.118089 88.969224
v -80.041035 1.149992 87.958965
v -78.666667 0.532632 89.333333
v -84 1.2 84
v -84 1.181247 86.969224
v -80.041035 1.149992 87.958965
v -77.292298 1.115271 90.707702
v -84 1.149474 92
v -76 1.098947 92
v -77.292298 1.115271 90.707702
v -84 1.168227 89.030776
v -84 1.149474 92
v -78.666667 0.532632 89.333333
v -84 1.168227 89.030776
v -77.292298 1.115271 90.707702
v -78.666667 0.532632 89.333333
v -84 0.574737 88
v -84 1.168227 89.030776
v -80.041035 1.149992 87.958965
v -84 0.574737 88
v -78.666667 0.532632 89.333333
v -80.041035 1.149992 87.958965
v -84 1.181247 86.969224
v -84 0.574737 88
v -84 1.149474 92
v -76 1.048421 100
v -76 1.098947 92
v -84 1.149474 92
v -84 1.098947 100
v -76 1.048421 100
v -76 2.311579 -100
v -68 2.163028 -92.879394
v -68 2.261053 -100
v -76 2.311579 -100
v -68.439697 2.151364 -92.439697
v -68 2.163028 -92.879394
v -68 2.163028 -92.879394
v -68.439697 2.151364 -92.439697
v -68 2.150601 -92
v -76 2.311579 -100
v -68.879394 2.141053 -92
v -68.439697 2.151364 -92.439697
v -76 2.311579 -100
v -76 2.261053 -92
v -68.879394 2.141053 -92
v -68.439697 2.151364 -92.439697
v -68.77746 2.141053 -92
v -68 2.150601 -92
v -68.439697 2.151364 -92.439697
v -68.828427 2.141053 -92.050967
v -68.77746 2.141053 -92
v -76 2.261053 -92
v -72.439697 2.141053 -88.439697
v -68.879394 2.141053 -92
v -68.77746 2.141053 -92
v -68 2.141053 -91.22254
v -68 2.150601 -92
v -73.22254 2.141053 -84
v -76 2.170249 -86.77746
v -76 2.175164 -84
v -76 2.261053 -92
v -75.050967 2.141053 -85.828427
v -72.439697 2.141053 -88.439697
v -76 2.261053 -92
v -76 2.170249 -86.77746
v -75.050967 2.141053 -85.828427
v -76 2.175164 -84
v -68 2.141053 -78.77746
v -73.22254 2.141053 -84
v -76 2.175164 -84
v -68 2.125548 -76
v -68 2.141053 -78.77746
v -76 2.175164 -84
v -76 2.16 -76
v -68 2.125548 -76
v -68 2.047596 -69.120606
v -68.560303 2.043065 -68.560303
v -68 2.037474 -68
v -76 2.16 -76
v -68 2.047596 -69.120606
v -68 2.125548 -76
v -76 2.16 -76
v -68.560303 2.043065 -68.560303
v -68 2.047596 -69.120606
v -68.560303 2.043065 -68.560303
v -69.120606 2.038535 -68
v -68 2.037474 -68
v -76 2.16 -76
v -69.120606 2.038535 -68
v -68.560303 2.043065 -68.560303
v -76 2.16 -76
v -76 2.045053 -68
v -69.120606 2.038535 -68
v -76 2.045053 -68
v -68 2.033684 -67.4
v -68 2.037474 -68
v -76 2.045053 -68
v -75.4 2.033684 -67.4
v -68 2.033684 -67.4
v -76 2.045053 -68
v -76 2.033684 -67.4
v -75.4 2.033684 -67.4
v -68 2.033684 -58.6
v -74.6 2.033684 -58.6
v -68 1.957895 -52
v -74.6 2.033684 -58.6
v -76 2.008421 -52
v -68 1.957895 -52
v -74.6 2.033684 -58.6
v -76 2.033684 -58.6
v -76 2.008421 -52
v -76 2.008421 -52
v -68 1.907368 -44
v -68 1.957895 -52
v -76 2.008421 -52
v -76 1.957895 -44
v -68 1.907368 -44
v -76 1.957895 -44
v -68 1.856842 -36
v -68 1.907368 -44
v -76 1.957895 -44
v -76 1.907368 -36
v -68 1.856842 -36
v -76 1.907368 -36
v -68 1.806316 -28
v -68 1.856842 -36
v -76 1.907368 -36
v -76 1.856842 -28
v -68 1.806316 -28
v -76 1.856842 -28
v -68 1.755789 -20
v -68 1.806316 -28
v -76 1.856842 -28
v -76 1.806316 -20
v -68 1.755789 -20
v -76 1.806316 -20
v -68 1.705263 -12
v -68 1.755789 -20
v -76 1.806316 -20
v -76 1.742526 -12
v -68 1.705263 -12
v -73.6 1.732674 -12
v -68 1.654737 -4
v -68 1.705263 -12
v -73.6 1.732674 -12
v -73.6 1.718274 -9.6
v -68 1.654737 -4
v -76 1.742526 -12
v -73.6 1.718274 -9.6
v -73.6 1.732674 -12
v -73.6 1.718274 -9.6
v -73.6 1.717895 -4
v -68 1.654737 -4
v -76 1.742526 -12
v -73.6 1.717895 -9.4
v -73.6 1.718274 -9.6
v -76 1.742526 -12
v -76 1.717895 -9.4
v -73.6 1.717895 -9.4
v -73.6 1.717895 -4
v -68 1.604211 4
v -68 1.654737 -4
v -73.6 1.717895 -4
v -73.6 1.717895 -1.6
v -68 1.604211 4
v -73.6 1.717895 -1.6
v -73.6 1.666989 4
v -68 1.604211 4
v -73.6 1.717895 1.4
v -76 1.676842 4
v -73.6 1.666989 4
v -73.6 1.717895 1.4
v -76 1.717895 1.4
v -76 1.676842 4
v -76 1.676842 4
v -68 1.553684 12
v -68 1.604211 4
v -76 1.676842 4
v -76 1.604211 12
v -68 1.553684 12
v -73.6 1.589053 12
v -68 1.503158 20
v -68 1.553684 12
v -73.6 1.589053 12
v -73.6 1.5648 14.4
v -68 1.503158 20
v -76 1.604211 12
v -73.6 1.5648 14.4
v -73.6 1.589053 12
v -73.6 1.5648 14.4
v -73.6 1.553684 20
v -68 1.503158 20
v -76 1.604211 12
v -73.6 1.553684 16.6
v -73.6 1.5648 14.4
v -76 1.604211 12
v -76 1.553684 16.6
v -73.6 1.553684 16.6
v -73.6 1.553684 20
v -68 1.452632 28
v -68 1.503158 20
v -73.6 1.553684 20
v -73.6 1.553684 22.4
v -68 1.452632 28
v -73.6 1.553684 22.4
v -73.6 1.543832 28
v -68 1.452632 28
v -73.6 1.553684 27.4
v -76 1.546105 28
v -73.6 1.543832 28
v -73.6 1.553684 27.4
v -76 1.553684 27.4
v -76 1.546105 28
v -76 1.546105 28
v -68 1.402105 36
v -68 1.452632 28
v -76 1.546105 28
v -76 1.452632 36
v -68 1.402105 36
v -76 1.452632 36
v -68 1.334546 44
v -68 1.402105 36
v -76 1.452632 36
v -76 1.402105 44
v -68 1.334546 44
v -76 1.402105 44
v -71.431258 1.285263 48.568742
v -73.094144 1.383752 44
v -73.094144 1.383752 44
v -68 1.285263 47.163366
v -68 1.334546 44
v -73.094144 1.383752 44
v -71.481556 1.285263 48.430548
v -68 1.285263 47.163366
v -76 1.402105 44
v -70.182382 1.285263 52
v -71.431258 1.285263 48.568742
v -76 1.402105 44
v -76 1.351579 52
v -70.182382 1.285263 52
v -68 1.283781 58.656486
v -68.985003 1.278162 59.014997
v -68 1.272788 60
v -76 1.351579 52
v -68 1.285263 57.996046
v -70.182382 1.285263 52
v -76 1.351579 52
v -68 1.283781 58.656486
v -68 1.285263 57.996046
v -76 1.351579 52
v -68.985003 1.278162 59.014997
v -68 1.283781 58.656486
v -68.985003 1.278162 59.014997
v -71.691276 1.27384 60
v -68 1.272788 60
v -76 1.351579 52
v -71.691276 1.27384 60
v -68.985003 1.278162 59.014997
v -76 1.351579 52
v -76 1.301053 60
v -71.691276 1.27384 60
v -76 1.301053 60
v -68 1.2 68
v -68 1.272788 60
v -76 1.301053 60
v -76 1.250526 68
v -68 1.2 68
v -76 1.250526 68
v -68 1.149474 76
v -68 1.2 68
v -76 1.250526 68
v -76 1.2 76
v -68 1.149474 76
v -76 1.2 76
v -68 1.098947 84
v -68 1.149474 76
v -76 1.2 76
v -76 1.149474 84
v -68 1.098947 84
v -76 1.149474 84
v -68 1.054931 90.969224
v -68 1.098947 84
v -76 1.149474 84
v -69.374369 1.065781 90.625631
v -68 1.054931 90.969224
v -68 1.054931 90.969224
v -69 0.897617 91
v -68 1.036822 91
v -68 1.054931 90.969224
v -69.374369 1.065781 90.625631
v -69 0.897617 91
v -68 1.036822 91
v -69 0.897617 91
v -68 0.448421 92
v -76 1.149474 84
v -76 1.118089 88.969224
v -69.374369 1.065781 90.625631
v -72.123106 1.074462 92
v -76 1.105069 91.030776
v -76 1.098947 92
v -76 1.087349 91
v -72 0.48 91
v -76 0.511579 90
v -68 0.448421 92
v -76 1.105069 91.030776
v -72.123106 1.074462 92
v -68 0.448421 92
v -76 1.087349 91
v -76 1.105069 91.030776
v -68 0.448421 92
v -72 0.48 91
v -76 1.087349 91
v -69.374369 1.065781 90.625631
v -72 0.48 91
v -69 0.897617 91
v -69.374369 1.065781 90.625631
v -76 0.511579 90
v -72 0.48 91
v -69.374369 1.065781 90.625631
v -76 1.118089 88.969224
v -76 0.511579 90
v -69 0.897617 91
v -72 0.48 91
v -68 0.448421 92
v -68 1.042105 93
v -69.6 1.018105 98.4
v -68 0.997895 100
v -68 1.042105 93
v -68.25 1.043684 93
v -69.6 1.018105 98.4
v -68 0.448421 92
v -68.25 1.043684 93
v -68 1.042105 93
v -76 1.098947 92
v -68.242536 1.043826 92.970143
v -72.123106 1.074462 92
v -76 1.098947 92
v -69.6 1.018105 98.4
v -68.242536 1.043826 92.970143
v -72.123106 1.074462 92
v -68.242536 1.043826 92.970143
v -68 0.448421 92
v -69.6 1.018105 98.4
v -70 1.010526 100
v -68 0.997895 100
v -76 1.098947 92
v -70 1.010526 100
v -69.6 1.018105 98.4
v -76 1.098947 92
v -76 1.048421 100
v -70 1.010526 100
v -68 2.261053 -100
v -64.439697 2.21608 -96.439697
v -60.879394 2.21608 -100
v -60.879394 2.21608 -100
v -60 2.16 -92
v -60 2.210526 -100
v -60.879394 2.21608 -100
v -64.439697 2.21608 -96.439697
v -60 2.16 -92
v -68 2.261053 -100
v -68 2.163028 -92.879394
v -64.439697 2.21608 -96.439697
v -64.439697 2.21608 -96.439697
v -68 2.150601 -92
v -60 2.16 -92
v -64.439697 2.21608 -96.439697
v -68 2.163028 -92.879394
v -68 2.150601 -92
v -68 2.150601 -92
v -60 2.136713 -84
v -60 2.16 -92
v -68 2.150601 -92
v -60.77746 2.141053 -84
v -60 2.136713 -84
v -68 2.150601 -92
v -68 2.141053 -91.22254
v -60.77746 2.141053 -84
v -60 2.141053 -77.120606
v -60.560303 2.141053 -76.560303
v -60 2.124788 -76
v -60.77746 2.141053 -84
v -60 2.141053 -83.22254
v -60 2.136713 -84
v -60.560303 2.141053 -76.560303
v -61.120606 2.141053 -76
v -60 2.124788 -76
v -65.22254 2.141053 -76
v -68 2.141053 -78.77746
v -68 2.125548 -76
v -61.120606 2.141053 -76
v -60 2.028325 -68
v -60 2.124788 -76
v -61.120606 2.141053 -76
v -64.560303 2.104215 -72.560303
v -60 2.028325 -68
v -68 2.125548 -76
v -63.171573 2.141053 -73.949033
v -65.22254 2.141053 -76
v -68 2.125548 -76
v -64.560303 2.104215 -72.560303
v -63.171573 2.141053 -73.949033
v -64.560303 2.104215 -72.560303
v -68 2.037474 -68
v -60 2.028325 -68
v -64.560303 2.104215 -72.560303
v -68 2.047596 -69.120606
v -68 2.037474 -68
v -68 2.125548 -76
v -68 2.047596 -69.120606
v -64.560303 2.104215 -72.560303
v -60.6 2.030463 -68
v -60 2.022316 -60
v -60 2.028325 -68
v -60.6 2.030463 -68
v -60.6 2.033684 -60.6
v -60 2.022316 -60
v -68 2.037474 -68
v -60.6 2.033684 -67.4
v -60.6 2.030463 -68
v -68 2.037474 -68
v -67.4 2.033684 -67.4
v -60.6 2.033684 -67.4
v -60.6 2.033684 -60.6
v -60.6 2.033684 -60
v -60 2.022316 -60
v -68 2.037474 -68
v -68 2.033684 -67.4
v -67.4 2.033684 -67.4
v -60.6 2.033684 -60
v -60 1.907368 -52
v -60 2.022316 -60
v -60.6 2.033684 -60
v -60.6 1.914947 -52.6
v -60 1.907368 -52
v -60.6 2.033684 -58.6
v -66.6 2.033684 -58.6
v -60.6 1.914947 -52.6
v -60.6 1.914947 -52.6
v -60.6 1.911158 -52
v -60 1.907368 -52
v -66.6 2.033684 -58.6
v -60.6 1.911158 -52
v -60.6 1.914947 -52.6
v -66.6 2.033684 -58.6
v -68 1.957895 -52
v -60.6 1.911158 -52
v -66.6 2.033684 -58.6
v -68 2.033684 -58.6
v -68 1.957895 -52
v -68 1.957895 -52
v -60 1.856842 -44
v -60 1.907368 -52
v -68 1.957895 -52
v -68 1.907368 -44
v -60 1.856842 -44
v -68 1.907368 -44
v -60 1.806316 -36
v -60 1.856842 -44
v -68 1.907368 -44
v -68 1.856842 -36
v -60 1.806316 -36
v -68 1.856842 -36
v -60 1.755789 -28
v -60 1.806316 -36
v -68 1.856842 -36
v -68 1.806316 -28
v -60 1.755789 -28
v -68 1.806316 -28
v -60 1.705263 -20
v -60 1.755789 -28
v -68 1.806316 -28
v -68 1.755789 -20
v -60 1.705263 -20
v -68 1.755789 -20
v -60 1.654737 -12
v -60 1.705263 -20
v -68 1.755789 -20
v -68 1.705263 -12
v -60 1.654737 -12
v -68 1.705263 -12
v -60 1.604211 -4
v -60 1.654737 -12
v -68 1.705263 -12
v -68 1.654737 -4
v -60 1.604211 -4
v -68 1.654737 -4
v -60 1.553684 4
v -60 1.604211 -4
v -68 1.654737 -4
v -68 1.604211 4
v -60 1.553684 4
v -68 1.604211 4
v -60 1.503158 12
v -60 1.553684 4
v -68 1.604211 4
v -68 1.553684 12
v -60 1.503158 12
v -68 1.553684 12
v -60 1.452632 20
v -60 1.503158 12
v -68 1.553684 12
v -68 1.503158 20
v -60 1.452632 20
v -68 1.503158 20
v -60 1.402105 28
v -60 1.452632 20
v -68 1.503158 20
v -68 1.452632 28
v -60 1.402105 28
v -68 1.452632 28
v -60 1.351579 36
v -60 1.402105 28
v -68 1.452632 28
v -68 1.402105 36
v -60 1.351579 36
v -68 1.402105 36
v -60 1.299128 44
v -60 1.351579 36
v -68 1.402105 36
v -68 1.334546 44
v -60 1.299128 44
v -63.72938 1.300135 44
v -60 1.278591 52
v -60 1.299128 44
v -63.72938 1.300135 44
v -61.285502 1.285263 50.714498
v -60 1.278591 52
v -68 1.334546 44
v -63.212261 1.285263 45.420771
v -63.72938 1.300135 44
v -68 1.334546 44
v -65.680766 1.285263 46.319234
v -63.212261 1.285263 45.420771
v -61.285502 1.285263 50.714498
v -60.817618 1.285263 52
v -60 1.278591 52
v -68 1.334546 44
v -68 1.285263 47.163366
v -65.680766 1.285263 46.319234
v -60.817618 1.285263 52
v -60 1.285263 54.246386
v -60 1.278591 52
v -60 1.285263 55.744724
v -63.119772 1.285263 56.880228
v -60 1.200029 60
v -63.119772 1.285263 56.880228
v -68 1.272788 60
v -60 1.200029 60
v -63.119772 1.285263 56.880228
v -68 1.283781 58.656486
v -68 1.272788 60
v -67.787739 1.285263 58.579229
v -68 1.285263 57.996046
v -68 1.283781 58.656486
v -68 1.272788 60
v -60 1.149474 68
v -60 1.200029 60
v -68 1.272788 60
v -68 1.2 68
v -60 1.149474 68
v -68 1.2 68
v -60 1.098947 76
v -60 1.149474 68
v -68 1.2 68
v -68 1.149474 76
v -60 1.098947 76
v -68 1.149474 76
v -60 1.048421 84
v -60 1.098947 76
v -68 1.149474 76
v -68 1.098947 84
v -60 1.048421 84
v -68 1.098947 84
v -60 1.004211 91
v -60 1.048421 84
v -68 1.098947 84
v -61 1.010526 91
v -60 1.004211 91
v -60 1.004211 91
v -61 1.010526 91
v -60 0.397895 92
v -68 1.098947 84
v -67.876894 1.053959 91
v -61 1.010526 91
v -68 1.098947 84
v -68 1.054931 90.969224
v -67.876894 1.053959 91
v -61 1.010526 91
v -63.876894 0.42238 92
v -60 0.397895 92
v -61 1.010526 91
v -67.876894 1.053959 91
v -63.876894 0.42238 92
v -63.876894 0.42238 92
v -67.757464 1.035102 91.029857
v -68 0.448421 92
v -68 1.036822 91
v -67.876894 1.053959 91
v -68 1.054931 90.969224
v -68 0.448421 92
v -67.876894 1.053959 91
v -68 1.036822 91
v -68 0.448421 92
v -67.757464 1.035102 91.029857
v -67.876894 1.053959 91
v -63.876894 0.42238 92
v -60 0.973307 92.969224
v -60 0.397895 92
v -60 0.991579 93
v -64 1.016842 93
v -60 0.985263 94
v -68 0.448421 92
v -60 0.973307 92.969224
v -63.876894 0.42238 92
v -68 0.448421 92
v -60 0.991579 93
v -60 0.973307 92.969224
v -68 0.448421 92
v -64 1.016842 93
v -60 0.991579 93
v -64 1.016842 93
v -60 0.947368 100
v -60 0.985263 94
v -64 1.016842 93
v -67 1.035789 93
v -60 0.947368 100
v -68 0.448421 92
v -67 1.035789 93
v -64 1.016842 93
v -67 1.035789 93
v -68 0.997895 100
v -60 0.947368 100
v -67 1.035789 93
v -68 1.042105 93
v -68 0.997895 100
v -68 0.448421 92
v -68 1.042105 93
v -67 1.035789 93
v -60 2.210526 -100
v -52 2.109474 -92
v -52 2.16 -100
v -60 2.210526 -100
v -60 2.16 -92
v -52 2.109474 -92
v -52 2.066025 -85.120606
v -52.560303 2.066025 -84.560303
v -52 2.058947 -84
v -60 2.16 -92
v -52 2.066025 -85.120606
v -52 2.109474 -92
v -60 2.16 -92
v -52.560303 2.066025 -84.560303
v -52 2.066025 -85.120606
v -52.560303 2.066025 -84.560303
v -53.120606 2.066025 -84
v -52 2.058947 -84
v -60 2.16 -92
v -53.120606 2.066025 -84
v -52.560303 2.066025 -84.560303
v -60 2.16 -92
v -60 2.136713 -84
v -53.120606 2.066025 -84
v -53.120606 2.066025 -84
v -52 2.008421 -76
v -52 2.058947 -84
v -53.120606 2.066025 -84
v -56.560303 2.130741 -80.560303
v -52 2.008421 -76
v -60 2.136713 -84
v -56.560303 2.130741 -80.560303
v -53.120606 2.066025 -84
v -56.560303 2.130741 -80.560303
v -60 2.124788 -76
v -52 2.008421 -76
v -56.560303 2.130741 -80.560303
v -60 2.141053 -77.120606
v -60 2.124788 -76
v -60 2.136713 -84
v -56.949033 2.141053 -80.171573
v -56.560303 2.130741 -80.560303
v -60 2.136713 -84
v -60 2.141053 -83.22254
v -56.949033 2.141053 -80.171573
v -60 2.124788 -76
v -52 1.957895 -68
v -52 2.008421 -76
v -60 2.124788 -76
v -60 2.028325 -68
v -52 1.957895 -68
v -60 2.028325 -68
v -52 1.907368 -60
v -52 1.957895 -68
v -60 2.028325 -68
v -60 2.022316 -60
v -52 1.907368 -60
v -60 2.022316 -60
v -52 1.856842 -52
v -52 1.907368 -60
v -60 2.022316 -60
v -60 1.907368 -52
v -52 1.856842 -52
v -60 1.907368 -52
v -52 1.806316 -44
v -52 1.856842 -52
v -60 1.907368 -52
v -60 1.856842 -44
v -52 1.806316 -44
v -60 1.856842 -44
v -52 1.755789 -36
v -52 1.806316 -44
v -60 1.856842 -44
v -60 1.806316 -36
v -52 1.755789 -36
v -60 1.806316 -36
v -52 1.705263 -28
v -52 1.755789 -36
v -60 1.806316 -36
v -60 1.755789 -28
v -52 1.705263 -28
v -60 1.755789 -28
v -52 1.654737 -20
v -52 1.705263 -28
v -60 1.755789 -28
v -60 1.705263 -20
v -52 1.654737 -20
v -60 1.705263 -20
v -52 1.588881 -12
v -52 1.654737 -20
v -60 1.705263 -20
v -60 1.654737 -12
v -52 1.588881 -12
v -60 1.654737 -12
v -52 1.514925 -4
v -52 1.588881 -12
v -60 1.654737 -12
v -60 1.604211 -4
v -52 1.514925 -4
v -60 1.604211 -4
v -52 1.503158 4
v -52 1.514925 -4
v -60 1.604211 -4
v -60 1.553684 4
v -52 1.503158 4
v -60 1.553684 4
v -52 1.452632 12
v -52 1.503158 4
v -60 1.553684 4
v -60 1.503158 12
v -52 1.452632 12
v -60 1.503158 12
v -52 1.402105 20
v -52 1.452632 12
v -60 1.503158 12
v -60 1.452632 20
v -52 1.402105 20
v -60 1.452632 20
v -52 1.351579 28
v -52 1.402105 20
v -60 1.452632 20
v -60 1.402105 28
v -52 1.351579 28
v -60 1.402105 28
v -52 1.301053 36
v -52 1.351579 28
v -60 1.402105 28
v -60 1.351579 36
v -52 1.301053 36
v -60 1.351579 36
v -52 1.250526 44
v -52 1.301053 36
v -60 1.351579 36
v -60 1.299128 44
v -52 1.250526 44
v -60 1.299128 44
v -52 1.2 52
v -52 1.250526 44
v -60 1.299128 44
v -60 1.278591 52
v -52 1.2 52
v -60 1.278591 52
v -52 1.149474 60
v -52 1.2 52
v -60 1.278591 52
v -57.905856 1.186774 60
v -52 1.149474 60
v -60 1.278591 52
v -60 1.285263 54.246386
v -57.905856 1.186774 60
v -57.905856 1.186774 60
v -60 1.285263 55.744724
v -60 1.200029 60
v -57.905856 1.186774 60
v -59.518444 1.285263 55.569452
v -60 1.285263 55.744724
v -60 1.200029 60
v -52 1.098947 68
v -52 1.149474 60
v -60 1.200029 60
v -60 1.149474 68
v -52 1.098947 68
v -60 1.149474 68
v -52 1.048421 76
v -52 1.098947 68
v -60 1.149474 68
v -60 1.098947 76
v -52 1.048421 76
v -60 1.098947 76
v -52 0.997895 84
v -52 1.048421 76
v -60 1.098947 76
v -60 1.048421 84
v -52 0.997895 84
v -60 1.048421 84
v -52 0.953684 91
v -52 0.997895 84
v -60 1.048421 84
v -53 0.96 91
v -52 0.953684 91
v -52 0.953684 91
v -53 0.96 91
v -52 0.347368 92
v -60 1.048421 84
v -60 1.004211 91
v -53 0.96 91
v -53 0.96 91
v -60 0.397895 92
v -52 0.347368 92
v -53 0.96 91
v -60 1.004211 91
v -60 0.397895 92
v -52 0.941053 93
v -59 0.985263 93
v -52 0.896842 100
v -60 0.397895 92
v -52 0.941053 93
v -52 0.347368 92
v -60 0.397895 92
v -59 0.985263 93
v -52 0.941053 93
v -59 0.985263 93
v -60 0.947368 100
v -52 0.896842 100
v -59 0.985263 93
v -60 0.991579 93
v -60 0.947368 100
v -60 0.397895 92
v -60 0.991579 93
v -59 0.985263 93
v -52 2.16 -100
v -44 2.058947 -92
v -44 2.109474 -100
v -52 2.16 -100
v -52 2.109474 -92
v -44 2.058947 -92
v -52 2.109474 -92
v -44 2.008421 -84
v -44 2.058947 -92
v -52 2.109474 -92
v -52 2.058947 -84
v -44 2.008421 -84
v -52 2.058947 -84
v -44 1.957895 -76
v -44 2.008421 -84
v -52 2.058947 -84
v -52 2.008421 -76
v -44 1.957895 -76
v -52 2.008421 -76
v -44 1.907368 -68
v -44 1.957895 -76
v -52 2.008421 -76
v -52 1.957895 -68
v -44 1.907368 -68
v -52 1.957895 -68
v -44 1.856842 -60
v -44 1.907368 -68
v -52 1.957895 -68
v -52 1.907368 -60
v -44 1.856842 -60
v -52 1.907368 -60
v -44 1.776457 -52
v -44 1.856842 -60
v -52 1.907368 -60
v -52 1.856842 -52
v -44 1.776457 -52
v -52 1.856842 -52
v -44 1.743158 -46.370221
v -44 1.776457 -52
v -52 1.856842 -52
v -44.682061 1.743158 -44.682061
v -44 1.743158 -46.370221
v -52 1.856842 -52
v -44.957632 1.743158 -44
v -44.682061 1.743158 -44.682061
v -52 1.856842 -52
v -52 1.806316 -44
v -44.957632 1.743158 -44
v -44 1.743158 -39.960439
v -50.645325 1.789204 -42.645325
v -44 1.70837 -36
v -52 1.806316 -44
v -46.226304 1.743158 -40.859925
v -44.957632 1.743158 -44
v -52 1.806316 -44
v -50.645325 1.789204 -42.645325
v -46.226304 1.743158 -40.859925
v -50.645325 1.789204 -42.645325
v -52 1.755789 -36
v -44 1.70837 -36
v -50.645325 1.789204 -42.645325
v -52 1.801217 -43.192649
v -52 1.755789 -36
v -52 1.806316 -44
v -52 1.801217 -43.192649
v -50.645325 1.789204 -42.645325
v -52 1.755789 -36
v -44 1.654737 -28
v -44 1.70837 -36
v -52 1.755789 -36
v -52 1.705263 -28
v -44 1.654737 -28
v -52 1.705263 -28
v -44 1.604211 -20
v -44 1.654737 -28
v -52 1.705263 -28
v -52 1.654737 -20
v -44 1.604211 -20
v -52 1.654737 -20
v -44 1.543376 -12
v -44 1.604211 -20
v -52 1.654737 -20
v -52 1.588881 -12
v -44 1.543376 -12
v -52 1.588881 -12
v -49.833178 1.503094 -9.833178
v -49.605436 1.558562 -12
v -49.605436 1.558562 -12
v -44 1.490526 -8.634445
v -44 1.543376 -12
v -49.605436 1.558562 -12
v -49.178754 1.490526 -9.178754
v -44 1.490526 -8.634445
v -49.605436 1.558562 -12
v -49.833178 1.503094 -9.833178
v -49.178754 1.490526 -9.178754
v -52 1.588881 -12
v -50.44627 1.490526 -4
v -49.833178 1.503094 -9.833178
v -52 1.588881 -12
v -52 1.514925 -4
v -50.44627 1.490526 -4
v -49.833178 1.503094 -9.833178
v -49.894059 1.490526 -9.253935
v -49.178754 1.490526 -9.178754
v -52 1.514925 -4
v -50.594042 1.490526 -2.594042
v -50.44627 1.490526 -4
v -44 1.490526 0.214028
v -48.230629 1.490526 -0.230629
v -44 1.454856 4
v -52 1.514925 -4
v -51.287103 1.498655 4
v -50.594042 1.490526 -2.594042
v -52 1.514925 -4
v -52 1.503158 4
v -51.287103 1.498655 4
v -48.230629 1.490526 -0.230629
v -51.287103 1.498655 4
v -44 1.454856 4
v -48.230629 1.490526 -0.230629
v -50.813909 1.490526 -0.502143
v -51.287103 1.498655 4
v -52 1.503158 4
v -44 1.402105 12
v -44 1.454856 4
v -52 1.503158 4
v -52 1.452632 12
v -44 1.402105 12
v -52 1.452632 12
v -44 1.351579 20
v -44 1.402105 12
v -52 1.452632 12
v -52 1.402105 20
v -44 1.351579 20
v -52 1.402105 20
v -44 1.294737 28
v -44 1.351579 20
v -52 1.402105 20
v -52 1.351579 28
v -44 1.294737 28
v -52 1.351579 28
v -44 1.250526 36
v -44 1.294737 28
v -52 1.351579 28
v -52 1.301053 36
v -44 1.250526 36
v -52 1.301053 36
v -44 1.188947 44
v -44 1.250526 36
v -52 1.301053 36
v -52 1.250526 44
v -44 1.188947 44
v -52 1.250526 44
v -44 1.149474 52
v -44 1.188947 44
v -52 1.250526 44
v -52 1.2 52
v -44 1.149474 52
v -52 1.2 52
v -44 1.098947 60
v -44 1.149474 52
v -52 1.2 52
v -52 1.149474 60
v -44 1.098947 60
v -52 1.149474 60
v -44 1.037863 68
v -44 1.098947 60
v -52 1.149474 60
v -52 1.098947 68
v -44 1.037863 68
v -52 1.098947 68
v -44 0.98019 76
v -44 1.037863 68
v -52 1.098947 68
v -52 1.048421 76
v -44 0.98019 76
v -52 1.048421 76
v -44 0.932414 84
v -44 0.98019 76
v -52 1.048421 76
v -52 0.997895 84
v -44 0.932414 84
v -52 0.997895 84
v -44 0.89685 91
v -44 0.932414 84
v -52 0.997895 84
v -45 0.907261 91
v -44 0.89685 91
v -44 0.89685 91
v -45 0.907261 91
v -44 0.293851 92
v -52 0.997895 84
v -52 0.953684 91
v -45 0.907261 91
v -45 0.907261 91
v -52 0.347368 92
v -44 0.293851 92
v -45 0.907261 91
v -52 0.953684 91
v -52 0.347368 92
v -44 0.890016 93
v -51 0.934737 93
v -44 0.846316 100
v -52 0.347368 92
v -44 0.890016 93
v -44 0.293851 92
v -52 0.347368 92
v -51 0.934737 93
v -44 0.890016 93
v -51 0.934737 93
v -52 0.896842 100
v -44 0.846316 100
v -51 0.934737 93
v -52 0.941053 93
v -52 0.896842 100
v -52 0.347368 92
v -52 0.941053 93
v -51 0.934737 93
v -44 2.109474 -100
v -36 2.008421 -92
v -36 2.058947 -100
v -44 2.109474 -100
v -44 2.058947 -92
v -36 2.008421 -92
v -44 2.058947 -92
v -36 1.957895 -84
v -36 2.008421 -92
v -44 2.058947 -92
v -44 2.008421 -84
v -36 1.957895 -84
v -44 2.008421 -84
v -36 1.907368 -76
v -36 1.957895 -84
v -44 2.008421 -84
v -44 1.957895 -76
v -36 1.907368 -76
v -44 1.957895 -76
v -36 1.844842 -68
v -36 1.907368 -76
v -44 1.957895 -76
v -44 1.907368 -68
v -36 1.844842 -68
v -44 1.907368 -68
v -36 1.799368 -60
v -36 1.844842 -68
v -44 1.907368 -68
v -44 1.856842 -60
v -36 1.799368 -60
v -44 1.856842 -60
v -40.07786 1.743158 -56.07786
v -38.493212 1.81897 -60
v -38.493212 1.81897 -60
v -36 1.743158 -54.847613
v -36 1.799368 -60
v -38.493212 1.81897 -60
v -39.932914 1.743158 -56.436613
v -36 1.743158 -54.847613
v -44 1.856842 -60
v -41.725422 1.743158 -52
v -40.07786 1.743158 -56.07786
v -44 1.856842 -60
v -44 1.776457 -52
v -41.725422 1.743158 -52
v -44 1.776457 -52
v -42.37996 1.743158 -50.37996
v -41.725422 1.743158 -52
v -44 1.776457 -52
v -44 1.743158 -46.370221
v -42.37996 1.743158 -50.37996
v -36 1.696439 -36.728229
v -37.221915 1.726525 -37.221915
v -36 1.685867 -36
v -36 1.743158 -42.679605
v -37.221915 1.726525 -37.221915
v -36 1.696439 -36.728229
v -36 1.743158 -42.679605
v -37.92214 1.743158 -37.92214
v -37.221915 1.726525 -37.221915
v -37.221915 1.726525 -37.221915
v -44 1.70837 -36
v -36 1.685867 -36
v -37.221915 1.726525 -37.221915
v -44 1.743158 -39.960439
v -44 1.70837 -36
v -37.92214 1.743158 -37.92214
v -38.067086 1.743158 -37.563387
v -37.221915 1.726525 -37.221915
v -44 1.70837 -36
v -36 1.604211 -28
v -36 1.685867 -36
v -44 1.70837 -36
v -44 1.654737 -28
v -36 1.604211 -28
v -44 1.654737 -28
v -36 1.527097 -20
v -36 1.604211 -28
v -44 1.654737 -28
v -44 1.604211 -20
v -36 1.527097 -20
v -37.688007 1.534178 -20
v -36 1.522105 -19.318001
v -36 1.527097 -20
v -36 1.522105 -16.298104
v -43.211901 1.594256 -19.211901
v -36 1.503228 -12
v -44 1.604211 -20
v -36.627976 1.522105 -19.57172
v -37.688007 1.534178 -20
v -44 1.604211 -20
v -37.676874 1.522105 -16.975605
v -36.627976 1.522105 -19.57172
v -44 1.604211 -20
v -43.211901 1.594256 -19.211901
v -37.676874 1.522105 -16.975605
v -43.211901 1.594256 -19.211901
v -44 1.543376 -12
v -36 1.503228 -12
v -43.211901 1.594256 -19.211901
v -44 1.601244 -19.530314
v -44 1.543376 -12
v -44 1.604211 -20
v -44 1.601244 -19.530314
v -43.211901 1.594256 -19.211901
v -44 1.543376 -12
v -36 1.490526 -7.793611
v -36 1.503228 -12
v -44 1.543376 -12
v -40.239165 1.490526 -8.239165
v -36 1.490526 -7.793611
v -44 1.543376 -12
v -44 1.490526 -8.634445
v -40.239165 1.490526 -8.239165
v -36 1.490526 1.054862
v -39.29104 1.490526 0.70896
v -36 1.42578 4
v -39.29104 1.490526 0.70896
v -44 1.454856 4
v -36 1.42578 4
v -39.29104 1.490526 0.70896
v -44 1.490526 0.214028
v -44 1.454856 4
v -44 1.454856 4
v -36 1.351579 12
v -36 1.42578 4
v -44 1.454856 4
v -44 1.402105 12
v -36 1.351579 12
v -44 1.402105 12
v -36 1.301053 20
v -36 1.351579 12
v -44 1.402105 12
v -44 1.351579 20
v -36 1.301053 20
v -44 1.351579 20
v -36 1.237895 24.6
v -36 1.301053 20
v -44 1.351579 20
v -39.4 1.237895 24.6
v -36 1.237895 24.6
v -44 1.351579 20
v -44 1.314063 24.6
v -39.4 1.237895 24.6
v -40.4 1.237895 28
v -44 1.314063 24.6
v -44 1.294737 28
v -40.4 1.237895 28
v -40.4 1.237895 24.6
v -44 1.314063 24.6
v -36 1.237895 33.4
v -38.6 1.237895 33.4
v -36 1.213263 36
v -44 1.294737 28
v -40.4 1.237895 31.6
v -40.4 1.237895 28
v -38.6 1.237895 33.4
v -44 1.250526 36
v -36 1.213263 36
v -38.6 1.237895 33.4
v -44 1.264042 33.4
v -44 1.250526 36
v -44 1.294737 28
v -40.4 1.237895 33.4
v -40.4 1.237895 31.6
v -44 1.294737 28
v -44 1.264042 33.4
v -40.4 1.237895 33.4
v -44 1.250526 36
v -36 1.168421 40.6
v -36 1.213263 36
v -44 1.250526 36
v -39.4 1.168421 40.6
v -36 1.168421 40.6
v -44 1.250526 36
v -44 1.202905 40.6
v -39.4 1.168421 40.6
v -41.4 1.168421 44
v -44 1.202905 40.6
v -44 1.188947 44
v -41.4 1.168421 44
v -41.4 1.168421 40.6
v -44 1.202905 40.6
v -36 1.168421 45.4
v -42.6 1.172589 45.4
v -36 1.098947 52
v -44 1.188947 44
v -41.4 1.168421 45.4
v -41.4 1.168421 44
v -44 1.188947 44
v -42.6 1.172589 45.4
v -41.4 1.168421 45.4
v -42.6 1.172589 45.4
v -44 1.149474 52
v -36 1.098947 52
v -42.6 1.172589 45.4
v -44 1.1832 45.4
v -44 1.149474 52
v -44 1.188947 44
v -44 1.1832 45.4
v -42.6 1.172589 45.4
v -44 1.149474 52
v -36 1.048421 60
v -36 1.098947 52
v -44 1.149474 52
v -44 1.098947 60
v -36 1.048421 60
v -44 1.098947 60
v -36 0.974294 68
v -36 1.048421 60
v -44 1.098947 60
v -44 1.037863 68
v -36 0.974294 68
v -44 1.037863 68
v -36 0.96 69.532123
v -36 0.974294 68
v -44 1.037863 68
v -43.852481 1.03248 68.147519
v -36 0.96 69.532123
v -40.96117 0.96 71.03883
v -40.55391 0.96 68.729146
v -43.852481 1.03248 68.147519
v -44 1.037863 68
v -44 1.036681 68.121507
v -43.852481 1.03248 68.147519
v -43.852481 1.03248 68.147519
v -41.835958 0.96 76
v -40.96117 0.96 71.03883
v -43.852481 1.03248 68.147519
v -44 0.98019 76
v -41.835958 0.96 76
v -43.852481 1.03248 68.147519
v -44 1.036681 68.121507
v -44 0.98019 76
v -36 0.96 78.467877
v -42.716407 0.963492 77.283593
v -36 0.889263 84
v -44 0.98019 76
v -42.082014 0.96 77.395454
v -41.835958 0.96 76
v -44 0.98019 76
v -42.716407 0.963492 77.283593
v -42.082014 0.96 77.395454
v -42.716407 0.963492 77.283593
v -44 0.932414 84
v -36 0.889263 84
v -42.716407 0.963492 77.283593
v -44 0.9752 77.057261
v -44 0.932414 84
v -44 0.98019 76
v -44 0.9752 77.057261
v -42.716407 0.963492 77.283593
v -44 0.932414 84
v -36 0.884211 85.6
v -36 0.889263 84
v -44 0.932414 84
v -42.4 0.894947 85.6
v -36 0.884211 85.6
v -36 0.884211 90.4
v -37 0.880421 91
v -36 0.879474 91
v -36 0.884211 90.4
v -37.6 0.884211 90.4
v -37 0.880421 91
v -36 0.879474 91
v -37 0.880421 91
v -36 0.269053 92
v -41.4 0.884211 86.6
v -41.4 0.884211 85.6
v -42.4 0.894947 85.6
v -44 0.932414 84
v -44 0.918695 85.6
v -42.4 0.894947 85.6
v -37.6 0.884211 90.4
v -44 0.89685 91
v -37 0.880421 91
v -37.6 0.884211 90.4
v -44 0.898989 90.4
v -44 0.89685 91
v -37 0.880421 91
v -44 0.293851 92
v -36 0.269053 92
v -37 0.880421 91
v -44 0.89685 91
v -44 0.293851 92
v -42.4 0.894947 85.6
v -41.4 0.884211 90.4
v -41.4 0.884211 86.6
v -42.4 0.894947 85.6
v -44 0.898989 90.4
v -41.4 0.884211 90.4
v -42.4 0.894947 85.6
v -44 0.918695 85.6
v -44 0.898989 90.4
v -36 0.855474 93
v -43 0.884211 93
v -36 0.795789 100
v -44 0.293851 92
v -36 0.855474 93
v -36 0.269053 92
v -44 0.293851 92
v -43 0.884211 93
v -36 0.855474 93
v -43 0.884211 93
v -44 0.846316 100
v -36 0.795789 100
v -43 0.884211 93
v -44 0.890016 93
v -44 0.846316 100
v -44 0.293851 92
v -44 0.890016 93
v -43 0.884211 93
v -36 2.058947 -100
v -28 1.957895 -92
v -28 2.008421 -100
v -36 2.058947 -100
v -36 2.008421 -92
v -28 1.957895 -92
v -36 2.008421 -92
v -28 1.907368 -84
v -28 1.957895 -92
v -36 2.008421 -92
v -36 1.957895 -84
v -28 1.907368 -84
v -36 1.957895 -84
v -28 1.856842 -76
v -28 1.907368 -84
v -36 1.957895 -84
v -36 1.907368 -76
v -28 1.856842 -76
v -36 1.907368 -76
v -28 1.736842 -71.4
v -28 1.856842 -76
v -36 1.907368 -76
v -31.4 1.736842 -71.4
v -28 1.736842 -71.4
v -36 1.907368 -76
v -36 1.864168 -71.4
v -31.4 1.736842 -71.4
v -32.4 1.736842 -68
v -36 1.864168 -71.4
v -36 1.844842 -68
v -32.4 1.736842 -68
v -32.4 1.736842 -71.4
v -36 1.864168 -71.4
v -36 1.844842 -68
v -32.4 1.736842 -64.4
v -32.4 1.736842 -68
v -36 1.844842 -68
v -32.4 1.736842 -60
v -32.4 1.736842 -64.4
v -36 1.844842 -68
v -36 1.799368 -60
v -32.4 1.736842 -60
v -28 1.736842 -58.6
v -34.6 1.765326 -58.6
v -28 1.705811 -52
v -36 1.799368 -60
v -32.4 1.736842 -58.6
v -32.4 1.736842 -60
v -36 1.799368 -60
v -34.6 1.765326 -58.6
v -32.4 1.736842 -58.6
v -34.6 1.765326 -58.6
v -28.95191 1.7189 -52
v -28 1.705811 -52
v -34.6 1.765326 -58.6
v -36 1.743158 -54.847613
v -28.95191 1.7189 -52
v -34.6 1.765326 -58.6
v -36 1.790401 -58.6
v -36 1.743158 -54.847613
v -36 1.799368 -60
v -36 1.790401 -58.6
v -34.6 1.765326 -58.6
v -28.95191 1.7189 -52
v -31.773696 1.743158 -53.140075
v -32.234316 1.743158 -52
v -28.95191 1.7189 -52
v -28 1.702834 -51.615403
v -28 1.705811 -52
v -32.234316 1.743158 -52
v -28 1.702834 -51.615403
v -28.95191 1.7189 -52
v -32.234316 1.743158 -52
v -28 1.654737 -44
v -28 1.702834 -51.615403
v -32.234316 1.743158 -52
v -33.317939 1.743158 -49.317939
v -28 1.654737 -44
v -33.317939 1.743158 -49.317939
v -35.466526 1.743158 -44
v -28 1.654737 -44
v -35.466526 1.743158 -44
v -28 1.604211 -36
v -28 1.654737 -44
v -35.466526 1.743158 -44
v -35.62004 1.743158 -43.62004
v -28 1.604211 -36
v -34.197569 1.643353 -36
v -36 1.696439 -36.728229
v -36 1.685867 -36
v -35.62004 1.743158 -43.62004
v -34.197569 1.643353 -36
v -28 1.604211 -36
v -35.62004 1.743158 -43.62004
v -36 1.696439 -36.728229
v -34.197569 1.643353 -36
v -35.62004 1.743158 -43.62004
v -36 1.743158 -42.679605
v -36 1.696439 -36.728229
v -36 1.685867 -36
v -28 1.553684 -28
v -28 1.604211 -36
v -36 1.685867 -36
v -36 1.604211 -28
v -28 1.553684 -28
v -36 1.604211 -28
v -28 1.504223 -20
v -28 1.553684 -28
v -36 1.604211 -28
v -36 1.527097 -20
v -28 1.504223 -20
v -36 1.527097 -20
v -28 1.494752 -16.085791
v -28 1.504223 -20
v -36 1.527097 -20
v -34.855656 1.522105 -18.855656
v -28 1.494752 -16.085791
v -28 1.494752 -16.085791
v -31.10045 1.522105 -15.10045
v -28 1.405602 -12
v -28 1.494752 -16.085791
v -30.323126 1.522105 -17.024395
v -31.10045 1.522105 -15.10045
v -36 1.527097 -20
v -36 1.522105 -19.318001
v -34.855656 1.522105 -18.855656
v -31.10045 1.522105 -15.10045
v -32.353113 1.494619 -12
v -28 1.405602 -12
v -31.372024 1.522105 -14.42828
v -36 1.503228 -12
v -32.353113 1.494619 -12
v -31.372024 1.522105 -14.42828
v -36 1.522105 -16.298104
v -36 1.503228 -12
v -36 1.503228 -12
v -28 1.378061 -6.952777
v -28 1.405602 -12
v -36 1.503228 -12
v -31.299577 1.46836 -7.299577
v -28 1.378061 -6.952777
v -28 1.378061 -6.952777
v -31.299577 1.46836 -7.299577
v -28 1.375263 -4
v -36 1.503228 -12
v -36 1.490526 -7.793611
v -31.299577 1.46836 -7.299577
v -31.299577 1.46836 -7.299577
v -33.55373 1.490526 -4
v -28 1.375263 -4
v -31.299577 1.46836 -7.299577
v -33.186091 1.490526 -7.497857
v -33.55373 1.490526 -4
v -33.55373 1.490526 -4
v -28 1.362432 4
v -28 1.375263 -4
v -33.55373 1.490526 -4
v -33.78639 1.490526 -1.78639
v -28 1.362432 4
v -33.78639 1.490526 -1.78639
v -34.394564 1.42249 4
v -28 1.362432 4
v -34.105941 1.490526 1.253935
v -36 1.42578 4
v -34.394564 1.42249 4
v -34.105941 1.490526 1.253935
v -36 1.490526 1.054862
v -36 1.42578 4
v -36 1.42578 4
v -28 1.301053 12
v -28 1.362432 4
v -36 1.42578 4
v -36 1.351579 12
v -28 1.301053 12
v -36 1.351579 12
v -28 1.250526 20
v -28 1.301053 12
v -36 1.351579 12
v -36 1.301053 20
v -28 1.250526 20
v -36 1.301053 20
v -28 1.231326 24.6
v -28 1.250526 20
v -36 1.301053 20
v -31.4 1.237895 24.6
v -28 1.231326 24.6
v -28 1.231326 24.6
v -29.6 1.237895 26.4
v -28 1.222737 28
v -28 1.231326 24.6
v -29.6 1.237895 24.6
v -29.6 1.237895 26.4
v -36 1.301053 20
v -36 1.237895 24.6
v -31.4 1.237895 24.6
v -29.6 1.237895 26.4
v -29.6 1.237895 28
v -28 1.222737 28
v -29.6 1.237895 28
v -28 1.17041 36
v -28 1.222737 28
v -29.6 1.237895 28
v -29.6 1.220842 34.4
v -28 1.17041 36
v -29.6 1.237895 33.4
v -30.6 1.237895 33.4
v -29.6 1.220842 34.4
v -29.6 1.220842 34.4
v -29.6 1.186989 36
v -28 1.17041 36
v -30.6 1.237895 33.4
v -29.6 1.186989 36
v -29.6 1.220842 34.4
v -30.6 1.237895 33.4
v -36 1.213263 36
v -29.6 1.186989 36
v -30.6 1.237895 33.4
v -36 1.237895 33.4
v -36 1.213263 36
v -36 1.213263 36
v -28 1.120421 40.6
v -28 1.17041 36
v -36 1.213263 36
v -31.4 1.1472 40.6
v -28 1.120421 40.6
v -28 1.120421 40.6
v -31.4 1.1472 40.6
v -28 1.098947 44
v -36 1.213263 36
v -36 1.168421 40.6
v -31.4 1.1472 40.6
v -31.4 1.1472 40.6
v -34.6 1.168421 44
v -28 1.098947 44
v -31.4 1.1472 40.6
v -34.6 1.168421 40.6
v -34.6 1.168421 44
v -34.6 1.168421 44
v -28 1.048421 52
v -28 1.098947 44
v -34.6 1.168421 44
v -34.6 1.168421 45.4
v -28 1.048421 52
v -34.6 1.168421 45.4
v -34.6 1.090105 52
v -28 1.048421 52
v -34.6 1.168421 45.4
v -36 1.098947 52
v -34.6 1.090105 52
v -34.6 1.168421 45.4
v -36 1.168421 45.4
v -36 1.098947 52
v -36 1.098947 52
v -28 0.997895 60
v -28 1.048421 52
v -36 1.098947 52
v -36 1.048421 60
v -28 0.997895 60
v -36 1.048421 60
v -28 0.949786 68
v -28 0.997895 60
v -36 1.048421 60
v -36 0.974294 68
v -28 0.949786 68
v -36 0.974294 68
v -28 0.9448 70.942739
v -28 0.949786 68
v -36 0.974294 68
v -34.139889 0.96 69.860111
v -28 0.9448 70.942739
v -28 0.9448 70.942739
v -30.439245 0.96 73.560755
v -28 0.915383 76
v -28 0.9448 70.942739
v -29.917986 0.96 70.604546
v -30.439245 0.96 73.560755
v -36 0.974294 68
v -36 0.96 69.532123
v -34.139889 0.96 69.860111
v -30.439245 0.96 73.560755
v -30.86935 0.96 76
v -28 0.915383 76
v -30.86935 0.96 76
v -28 0.846316 84
v -28 0.915383 76
v -30.86935 0.96 76
v -31.638415 0.941248 80.361585
v -28 0.846316 84
v -31.44609 0.96 79.270854
v -33.003815 0.96 78.996185
v -31.638415 0.941248 80.361585
v -31.638415 0.941248 80.361585
v -32.279966 0.876557 84
v -28 0.846316 84
v -33.003815 0.96 78.996185
v -32.279966 0.876557 84
v -31.638415 0.941248 80.361585
v -33.003815 0.96 78.996185
v -36 0.889263 84
v -32.279966 0.876557 84
v -33.003815 0.96 78.996185
v -36 0.96 78.467877
v -36 0.889263 84
v -36 0.889263 84
v -28 0.836211 85.6
v -28 0.846316 84
v -36 0.889263 84
v -34.4 0.883832 85.6
v -28 0.836211 85.6
v -28 0.836211 85.6
v -29 0.808421 91
v -28 0.802105 91
v -28 0.836211 85.6
v -34.4 0.883832 85.6
v -29 0.808421 91
v -28 0.802105 91
v -29 0.808421 91
v -28 0.195789 92
v -36 0.889263 84
v -36 0.884211 85.6
v -34.4 0.883832 85.6
v -34.4 0.883832 85.6
v -34.6 0.878147 91
v -29 0.808421 91
v -34.4 0.883832 85.6
v -34.6 0.884211 85.6
v -34.6 0.878147 91
v -29 0.808421 91
v -34.6 0.265516 92
v -28 0.195789 92
v -29 0.808421 91
v -34.6 0.878147 91
v -34.6 0.265516 92
v -36 0.879474 91
v -34.6 0.884211 90.4
v -36 0.884211 90.4
v -36 0.879474 91
v -34.6 0.878147 91
v -34.6 0.884211 90.4
v -34.6 0.265516 92
v -36 0.879474 91
v -36 0.269053 92
v -34.6 0.265516 92
v -34.6 0.878147 91
v -36 0.879474 91
v -28 0.789474 93
v -35 0.851368 93
v -28 0.745263 100
v -36 0.269053 92
v -28 0.789474 93
v -28 0.195789 92
v -36 0.269053 92
v -35 0.851368 93
v -28 0.789474 93
v -35 0.851368 93
v -36 0.795789 100
v -28 0.745263 100
v -35 0.851368 93
v -36 0.855474 93
v -36 0.795789 100
v -36 0.269053 92
v -36 0.855474 93
v -35 0.851368 93
v -28 2.008421 -100
v -20 1.907368 -92
v -20 1.957895 -100
v -28 2.008421 -100
v -28 1.957895 -92
v -20 1.907368 -92
v -28 1.957895 -92
v -20 1.856842 -84
v -20 1.907368 -92
v -28 1.957895 -92
v -28 1.907368 -84
v -20 1.856842 -84
v -28 1.907368 -84
v -20 1.806316 -76
v -20 1.856842 -84
v -28 1.907368 -84
v -28 1.856842 -76
v -20 1.806316 -76
v -28 1.856842 -76
v -20 1.736842 -71.4
v -20 1.806316 -76
v -28 1.856842 -76
v -23.4 1.736842 -71.4
v -20 1.736842 -71.4
v -28 1.856842 -76
v -28 1.736842 -71.4
v -23.4 1.736842 -71.4
v -20 1.736842 -58.6
v -26.6 1.736842 -58.6
v -20 1.654737 -52
v -26.6 1.736842 -58.6
v -28 1.705811 -52
v -20 1.654737 -52
v -26.6 1.736842 -58.6
v -28 1.736842 -58.6
v -28 1.705811 -52
v -28 1.705811 -52
v -20 1.604211 -44
v -20 1.654737 -52
v -28 1.705811 -52
v -28 1.654737 -44
v -20 1.604211 -44
v -28 1.654737 -44
v -20 1.553684 -36
v -20 1.604211 -44
v -28 1.654737 -44
v -28 1.604211 -36
v -20 1.553684 -36
v -28 1.604211 -36
v -20 1.503158 -28
v -20 1.553684 -36
v -28 1.604211 -36
v -28 1.553684 -28
v -20 1.503158 -28
v -28 1.553684 -28
v -20 1.452632 -20
v -20 1.503158 -28
v -28 1.553684 -28
v -28 1.504223 -20
v -20 1.452632 -20
v -28 1.504223 -20
v -20 1.383158 -12
v -20 1.452632 -20
v -28 1.504223 -20
v -28 1.405602 -12
v -20 1.383158 -12
v -28 1.405602 -12
v -27.4 1.389158 -11.4
v -27.4 1.401853 -12
v -27.4 1.401853 -12
v -20 1.370526 -10.4
v -20 1.383158 -12
v -27.4 1.401853 -12
v -26.4 1.370526 -10.4
v -20 1.370526 -10.4
v -27.4 1.401853 -12
v -27.4 1.389158 -11.4
v -26.4 1.370526 -10.4
v -28 1.405602 -12
v -27.4 1.370526 -4
v -27.4 1.389158 -11.4
v -28 1.405602 -12
v -28 1.375263 -4
v -27.4 1.370526 -4
v -27.4 1.389158 -11.4
v -27.4 1.370526 -10.4
v -26.4 1.370526 -10.4
v -20 1.370526 2.4
v -21.6 1.370526 2.4
v -20 1.342737 4
v -28 1.375263 -4
v -27.4 1.370526 -3.4
v -27.4 1.370526 -4
v -21.6 1.370526 2.4
v -28 1.362432 4
v -20 1.342737 4
v -21.6 1.370526 2.4
v -28 1.3692 2.4
v -28 1.362432 4
v -28 1.375263 -4
v -27.4 1.370526 2.4
v -27.4 1.370526 -3.4
v -28 1.375263 -4
v -28 1.3692 2.4
v -27.4 1.370526 2.4
v -28 1.362432 4
v -20 1.250526 12
v -20 1.342737 4
v -28 1.362432 4
v -28 1.301053 12
v -20 1.250526 12
v -28 1.301053 12
v -20 1.2 20
v -20 1.250526 12
v -28 1.301053 12
v -28 1.250526 20
v -20 1.2 20
v -28 1.250526 20
v -20 1.149474 28
v -20 1.2 20
v -28 1.250526 20
v -28 1.222737 28
v -20 1.149474 28
v -28 1.222737 28
v -20 1.039895 36
v -20 1.149474 28
v -28 1.222737 28
v -28 1.17041 36
v -20 1.039895 36
v -28 1.17041 36
v -22.4 1.029474 41.6
v -22.4 1.042168 36
v -22.4 1.042168 36
v -20 1.029474 36.6
v -20 1.039895 36
v -22.4 1.042168 36
v -22.4 1.029474 36.6
v -20 1.029474 36.6
v -28 1.17041 36
v -22.4 1.029474 44
v -22.4 1.029474 41.6
v -28 1.17041 36
v -28 1.098947 44
v -22.4 1.029474 44
v -20 1.029474 45.4
v -26.6 1.081263 45.4
v -20 0.997895 52
v -28 1.098947 44
v -22.4 1.029474 45.4
v -22.4 1.029474 44
v -28 1.098947 44
v -26.6 1.081263 45.4
v -22.4 1.029474 45.4
v -26.6 1.081263 45.4
v -28 1.048421 52
v -20 0.997895 52
v -26.6 1.081263 45.4
v -28 1.090105 45.4
v -28 1.048421 52
v -28 1.098947 44
v -28 1.090105 45.4
v -26.6 1.081263 45.4
v -28 1.048421 52
v -20 0.947368 60
v -20 0.997895 52
v -28 1.048421 52
v -28 0.997895 60
v -20 0.947368 60
v -28 0.997895 60
v -20 0.896842 68
v -20 0.947368 60
v -28 0.997895 60
v -28 0.949786 68
v -20 0.896842 68
v -28 0.949786 68
v -20 0.846316 76
v -20 0.896842 68
v -28 0.949786 68
v -28 0.915383 76
v -20 0.846316 76
v -28 0.915383 76
v -20 0.795789 84
v -20 0.846316 76
v -28 0.915383 76
v -28 0.846316 84
v -20 0.795789 84
v -28 0.846316 84
v -20 0.751579 91
v -20 0.795789 84
v -28 0.846316 84
v -21 0.757895 91
v -20 0.751579 91
v -20 0.751579 91
v -21 0.757895 91
v -20 0.145263 92
v -28 0.846316 84
v -28 0.802105 91
v -21 0.757895 91
v -21 0.757895 91
v -28 0.195789 92
v -20 0.145263 92
v -21 0.757895 91
v -28 0.802105 91
v -28 0.195789 92
v -20 0.738947 93
v -27 0.783158 93
v -20 0.694737 100
v -28 0.195789 92
v -20 0.738947 93
v -20 0.145263 92
v -28 0.195789 92
v -27 0.783158 93
v -20 0.738947 93
v -27 0.783158 93
v -28 0.745263 100
v -20 0.694737 100
v -27 0.783158 93
v -28 0.789474 93
v -28 0.745263 100
v -28 0.195789 92
v -28 0.789474 93
v -27 0.783158 93
v -20 1.957895 -100
v -12 1.856842 -92
v -12 1.907368 -100
v -20 1.957895 -100
v -20 1.907368 -92
v -12 1.856842 -92
v -20 1.907368 -92
v -12 1.806316 -84
v -12 1.856842 -92
v -20 1.907368 -92
v -20 1.856842 -84
v -12 1.806316 -84
v -20 1.856842 -84
v -12 1.755789 -76
v -12 1.806316 -84
v -20 1.856842 -84
v -20 1.806316 -76
v -12 1.755789 -76
v -20 1.806316 -76
v -12 1.736842 -71.4
v -12 1.755789 -76
v -20 1.806316 -76
v -15.4 1.736842 -71.4
v -12 1.736842 -71.4
v -20 1.806316 -76
v -20 1.736842 -71.4
v -15.4 1.736842 -71.4
v -12 1.736842 -58.6
v -18.6 1.736842 -58.6
v -12 1.604211 -52
v -18.6 1.736842 -58.6
v -20 1.654737 -52
v -12 1.604211 -52
v -18.6 1.736842 -58.6
v -20 1.736842 -58.6
v -20 1.654737 -52
v -20 1.654737 -52
v -12 1.553684 -44
v -12 1.604211 -52
v -20 1.654737 -52
v -20 1.604211 -44
v -12 1.553684 -44
v -20 1.604211 -44
v -12 1.503158 -36
v -12 1.553684 -44
v -20 1.604211 -44
v -20 1.553684 -36
v -12 1.503158 -36
v -20 1.553684 -36
v -12 1.452632 -28
v -12 1.503158 -36
v -20 1.553684 -36
v -20 1.503158 -28
v -12 1.452632 -28
v -20 1.503158 -28
v -12 1.402105 -20
v -12 1.452632 -28
v -20 1.503158 -28
v -20 1.452632 -20
v -12 1.402105 -20
v -20 1.452632 -20
v -12 1.351579 -12
v -12 1.402105 -20
v -20 1.452632 -20
v -20 1.383158 -12
v -12 1.351579 -12
v -18.6 1.379621 -12
v -12 1.301053 -4
v -12 1.351579 -12
v -18.6 1.379621 -12
v -18.6 1.371221 -10.6
v -12 1.301053 -4
v -20 1.383158 -12
v -18.6 1.371221 -10.6
v -18.6 1.379621 -12
v -18.6 1.371221 -10.6
v -18.6 1.370526 -4
v -12 1.301053 -4
v -20 1.383158 -12
v -18.6 1.370526 -10.4
v -18.6 1.371221 -10.6
v -20 1.383158 -12
v -20 1.370526 -10.4
v -18.6 1.370526 -10.4
v -18.6 1.370526 -4
v -12 1.250526 4
v -12 1.301053 -4
v -18.6 1.370526 -4
v -18.6 1.370526 -2.6
v -12 1.250526 4
v -18.6 1.370526 -2.6
v -18.6 1.3392 4
v -12 1.250526 4
v -18.6 1.370526 2.4
v -20 1.342737 4
v -18.6 1.3392 4
v -18.6 1.370526 2.4
v -20 1.370526 2.4
v -20 1.342737 4
v -20 1.342737 4
v -12 1.2 12
v -12 1.250526 4
v -20 1.342737 4
v -20 1.250526 12
v -12 1.2 12
v -20 1.250526 12
v -12 1.149474 20
v -12 1.2 12
v -20 1.250526 12
v -20 1.2 20
v -12 1.149474 20
v -20 1.2 20
v -12 1.098947 28
v -12 1.149474 20
v -20 1.2 20
v -20 1.149474 28
v -12 1.098947 28
v -20 1.149474 28
v -12 1.032316 36
v -12 1.098947 28
v -20 1.149474 28
v -20 1.039895 36
v -12 1.032316 36
v -20 1.039895 36
v -12 1.029474 36.6
v -12 1.032316 36
v -20 1.039895 36
v -19.4 1.029474 36.6
v -12 1.029474 36.6
v -20 1.039895 36
v -20 1.029474 36.6
v -19.4 1.029474 36.6
v -12 1.029474 45.4
v -18.6 1.029474 45.4
v -12 0.947368 52
v -18.6 1.029474 45.4
v -20 0.997895 52
v -12 0.947368 52
v -18.6 1.029474 45.4
v -20 1.029474 45.4
v -20 0.997895 52
v -20 0.997895 52
v -12 0.896842 60
v -12 0.947368 52
v -20 0.997895 52
v -20 0.947368 60
v -12 0.896842 60
v -20 0.947368 60
v -12 0.846316 68
v -12 0.896842 60
v -20 0.947368 60
v -20 0.896842 68
v -12 0.846316 68
v -20 0.896842 68
v -12 0.795789 76
v -12 0.846316 68
v -20 0.896842 68
v -20 0.846316 76
v -12 0.795789 76
v -20 0.846316 76
v -12 0.745263 84
v -12 0.795789 76
v -20 0.846316 76
v -20 0.795789 84
v -12 0.745263 84
v -20 0.795789 84
v -12 0.701053 91
v -12 0.745263 84
v -20 0.795789 84
v -13 0.707368 91
v -12 0.701053 91
v -12 0.701053 91
v -13 0.707368 91
v -12 0.094737 92
v -20 0.795789 84
v -20 0.751579 91
v -13 0.707368 91
v -13 0.707368 91
v -20 0.145263 92
v -12 0.094737 92
v -13 0.707368 91
v -20 0.751579 91
v -20 0.145263 92
v -12 0.688421 93
v -19 0.732632 93
v -12 0.644211 100
v -20 0.145263 92
v -12 0.688421 93
v -12 0.094737 92
v -20 0.145263 92
v -19 0.732632 93
v -12 0.688421 93
v -19 0.732632 93
v -20 0.694737 100
v -12 0.644211 100
v -19 0.732632 93
v -20 0.738947 93
v -20 0.694737 100
v -20 0.145263 92
v -20 0.738947 93
v -19 0.732632 93
v -12 1.907368 -100
v -4 1.806316 -92
v -4 1.856842 -100
v -12 1.907368 -100
v -12 1.856842 -92
v -4 1.806316 -92
v -12 1.856842 -92
v -4 1.755789 -84
v -4 1.806316 -92
v -12 1.856842 -92
v -12 1.806316 -84
v -4 1.755789 -84
v -12 1.806316 -84
v -4 1.705263 -76
v -4 1.755789 -84
v -12 1.806316 -84
v -12 1.755789 -76
v -4 1.705263 -76
v -12 1.755789 -76
v -4 1.631348 -71.4
v -4 1.705263 -76
v -12 1.755789 -76
v -7.4 1.734884 -71.4
v -4 1.631348 -71.4
v -4 1.631348 -71.4
v -7.4 1.734884 -71.4
v -4 1.600222 -68
v -12 1.755789 -76
v -12 1.736842 -71.4
v -7.4 1.734884 -71.4
v -7.4 1.734884 -71.4
v -7.6 1.736842 -68
v -4 1.600222 -68
v -7.4 1.734884 -71.4
v -7.6 1.736842 -71.4
v -7.6 1.736842 -68
v -7.6 1.736842 -68
v -4 1.55199 -60
v -4 1.600222 -68
v -7.6 1.736842 -68
v -7.6 1.736842 -63.6
v -4 1.55199 -60
v -7.6 1.736842 -63.6
v -7.6 1.736842 -60
v -4 1.55199 -60
v -7.6 1.736842 -60
v -4 1.553684 -52
v -4 1.55199 -60
v -7.6 1.736842 -60
v -7.6 1.633579 -55.6
v -4 1.553684 -52
v -7.6 1.736842 -58.6
v -10.6 1.736842 -58.6
v -7.6 1.633579 -55.6
v -7.6 1.633579 -55.6
v -7.6 1.576421 -52
v -4 1.553684 -52
v -10.6 1.736842 -58.6
v -7.6 1.576421 -52
v -7.6 1.633579 -55.6
v -10.6 1.736842 -58.6
v -12 1.604211 -52
v -7.6 1.576421 -52
v -10.6 1.736842 -58.6
v -12 1.736842 -58.6
v -12 1.604211 -52
v -12 1.604211 -52
v -4 1.503158 -44
v -4 1.553684 -52
v -12 1.604211 -52
v -12 1.553684 -44
v -4 1.503158 -44
v -12 1.553684 -44
v -4 1.452632 -36
v -4 1.503158 -44
v -12 1.553684 -44
v -12 1.503158 -36
v -4 1.452632 -36
v -12 1.503158 -36
v -4 1.402105 -28
v -4 1.452632 -36
v -12 1.503158 -36
v -12 1.452632 -28
v -4 1.402105 -28
v -12 1.452632 -28
v -4 1.351579 -20
v -4 1.402105 -28
v -12 1.452632 -28
v -12 1.402105 -20
v -4 1.351579 -20
v -12 1.402105 -20
v -4 1.301053 -12
v -4 1.351579 -20
v -12 1.402105 -20
v -12 1.351579 -12
v -4 1.301053 -12
v -12 1.351579 -12
v -4 1.250526 -4
v -4 1.301053 -12
v -12 1.351579 -12
v -12 1.301053 -4
v -4 1.250526 -4
v -12 1.301053 -4
v -4 1.2 4
v -4 1.250526 -4
v -12 1.301053 -4
v -12 1.250526 4
v -4 1.2 4
v -12 1.250526 4
v -4 1.149474 12
v -4 1.2 4
v -12 1.250526 4
v -12 1.2 12
v -4 1.149474 12
v -12 1.2 12
v -4 1.098947 20
v -4 1.149474 12
v -12 1.2 12
v -12 1.149474 20
v -4 1.098947 20
v -12 1.149474 20
v -4 1.048421 28
v -4 1.098947 20
v -12 1.149474 20
v -12 1.098947 28
v -4 1.048421 28
v -12 1.098947 28
v -4 1.015983 36
v -4 1.048421 28
v -12 1.098947 28
v -12 1.032316 36
v -4 1.015983 36
v -5.6 1.026253 36
v -4 0.996632 44
v -4 1.015983 36
v -5.6 1.026253 36
v -5.6 1.029474 42.4
v -4 0.996632 44
v -12 1.032316 36
v -5.6 1.029474 36.6
v -5.6 1.026253 36
v -12 1.032316 36
v -11.4 1.029474 36.6
v -5.6 1.029474 36.6
v -5.6 1.029474 42.4
v -5.6 1.029474 44
v -4 0.996632 44
v -12 1.032316 36
v -12 1.029474 36.6
v -11.4 1.029474 36.6
v -5.6 1.029474 44
v -4 0.896842 52
v -4 0.996632 44
v -5.6 1.029474 44
v -5.6 0.917053 50.4
v -4 0.896842 52
v -5.6 1.029474 45.4
v -10.6 1.029474 45.4
v -5.6 0.917053 50.4
v -5.6 0.917053 50.4
v -5.6 0.906947 52
v -4 0.896842 52
v -10.6 1.029474 45.4
v -5.6 0.906947 52
v -5.6 0.917053 50.4
v -10.6 1.029474 45.4
v -12 0.947368 52
v -5.6 0.906947 52
v -10.6 1.029474 45.4
v -12 1.029474 45.4
v -12 0.947368 52
v -12 0.947368 52
v -4 0.846316 60
v -4 0.896842 52
v -12 0.947368 52
v -12 0.896842 60
v -4 0.846316 60
v -12 0.896842 60
v -4 0.795789 68
v -4 0.846316 60
v -12 0.896842 60
v -12 0.846316 68
v -4 0.795789 68
v -12 0.846316 68
v -4 0.745263 76
v -4 0.795789 68
v -12 0.846316 68
v -12 0.795789 76
v -4 0.745263 76
v -12 0.795789 76
v -4 0.694737 84
v -4 0.745263 76
v -12 0.795789 76
v -12 0.745263 84
v -4 0.694737 84
v -12 0.745263 84
v -4 0.650526 91
v -4 0.694737 84
v -12 0.745263 84
v -5 0.656842 91
v -4 0.650526 91
v -4 0.650526 91
v -5 0.656842 91
v -4 0.044211 92
v -12 0.745263 84
v -12 0.701053 91
v -5 0.656842 91
v -5 0.656842 91
v -12 0.094737 92
v -4 0.044211 92
v -5 0.656842 91
v -12 0.701053 91
v -12 0.094737 92
v -4 0.637895 93
v -11 0.682105 93
v -4 0.593684 100
v -12 0.094737 92
v -4 0.637895 93
v -4 0.044211 92
v -12 0.094737 92
v -11 0.682105 93
v -4 0.637895 93
v -11 0.682105 93
v -12 0.644211 100
v -4 0.593684 100
v -11 0.682105 93
v -12 0.688421 93
v -12 0.644211 100
v -12 0.094737 92
v -12 0.688421 93
v -11 0.682105 93
v -4 1.856842 -100
v 4 1.755789 -92
v 4 1.806316 -100
v -4 1.856842 -100
v -4 1.806316 -92
v 4 1.755789 -92
v -4 1.806316 -92
v 4 1.705263 -84
v 4 1.755789 -92
v -4 1.806316 -92
v -4 1.755789 -84
v 4 1.705263 -84
v -4 1.755789 -84
v 4 1.654737 -76
v 4 1.705263 -84
v -4 1.755789 -84
v -4 1.705263 -76
v 4 1.654737 -76
v -4 1.705263 -76
v 4 1.541053 -71.556692
v 4 1.654737 -76
v -4 1.705263 -76
v -0.318088 1.541053 -72.318088
v 4 1.541053 -71.556692
v -4 1.705263 -76
v -4 1.647831 -72.967308
v -0.318088 1.541053 -72.318088
v -1.885982 1.541053 -68
v -4 1.647831 -72.967308
v -4 1.600222 -68
v -1.885982 1.541053 -68
v -1.100268 1.541053 -72.456007
v -4 1.647831 -72.967308
v -4 1.600222 -68
v -2.202865 1.541053 -66.202865
v -1.885982 1.541053 -68
v -4 1.600222 -68
v -3.296598 1.541053 -60
v -2.202865 1.541053 -66.202865
v -4 1.600222 -68
v -4 1.55199 -60
v -3.296598 1.541053 -60
v 4 1.541053 -58.559232
v -3.963393 1.551245 -59.963393
v 4 1.503158 -52
v -4 1.55199 -60
v -3.322964 1.541053 -59.850468
v -3.296598 1.541053 -60
v -4 1.55199 -60
v -3.963393 1.551245 -59.963393
v -3.322964 1.541053 -59.850468
v -3.963393 1.551245 -59.963393
v -4 1.553684 -52
v 4 1.503158 -52
v -3.963393 1.551245 -59.963393
v -4 1.551875 -59.969847
v -4 1.553684 -52
v -4 1.55199 -60
v -4 1.551875 -59.969847
v -3.963393 1.551245 -59.963393
v -4 1.553684 -52
v 4 1.414848 -44
v 4 1.503158 -52
v -4 1.553684 -52
v -4 1.503158 -44
v 4 1.414848 -44
v -4 1.503158 -44
v 4 1.39808 -36
v 4 1.414848 -44
v -4 1.503158 -44
v -4 1.452632 -36
v 4 1.39808 -36
v -4 1.452632 -36
v 4 1.351579 -28
v 4 1.39808 -36
v -4 1.452632 -36
v -4 1.402105 -28
v 4 1.351579 -28
v -4 1.402105 -28
v 4 1.301053 -20
v 4 1.351579 -28
v -4 1.402105 -28
v -4 1.351579 -20
v 4 1.301053 -20
v -4 1.351579 -20
v 4 1.237895 -14.4
v 4 1.301053 -20
v -4 1.351579 -20
v 1.6 1.259368 -14.4
v 4 1.237895 -14.4
v 3.6 1.237895 -12.4
v 3.6 1.237895 -14.4
v 1.6 1.259368 -14.4
v -4 1.351579 -20
v -4 1.316211 -14.4
v 1.6 1.259368 -14.4
v 1.6 1.259368 -14.4
v 3.6 1.237895 -12
v 3.6 1.237895 -12.4
v 1.6 1.259368 -14.4
v -4 1.301053 -12
v 3.6 1.237895 -12
v 1.6 1.259368 -14.4
v -4 1.316211 -14.4
v -4 1.301053 -12
v 4 1.237895 -9.6
v -1.6 1.270737 -9.6
v 4 1.2 -4
v -4 1.301053 -12
v 3.6 1.237895 -9.6
v 3.6 1.237895 -12
v -4 1.301053 -12
v -1.6 1.270737 -9.6
v 3.6 1.237895 -9.6
v -1.6 1.270737 -9.6
v -4 1.250526 -4
v 4 1.2 -4
v -1.6 1.270737 -9.6
v -4 1.285895 -9.6
v -4 1.250526 -4
v -4 1.301053 -12
v -4 1.285895 -9.6
v -1.6 1.270737 -9.6
v -4 1.250526 -4
v 4 1.149474 4
v 4 1.2 -4
v -4 1.250526 -4
v -4 1.2 4
v 4 1.149474 4
v -4 1.2 4
v 4 1.098947 12
v 4 1.149474 4
v -4 1.2 4
v -4 1.149474 12
v 4 1.098947 12
v -4 1.149474 12
v 4 1.048421 20
v 4 1.098947 12
v -4 1.149474 12
v -4 1.098947 20
v 4 1.048421 20
v -4 1.098947 20
v 4 0.997895 28
v 4 1.048421 20
v -4 1.098947 20
v -4 1.048421 28
v 4 0.997895 28
v -4 1.048421 28
v 4 0.947368 36
v 4 0.997895 28
v -4 1.048421 28
v -4 1.015983 36
v 4 0.947368 36
v -4 1.015983 36
v 4 0.896842 44
v 4 0.947368 36
v -4 1.015983 36
v -4 0.996632 44
v 4 0.896842 44
v -4 0.996632 44
v 4 0.846316 52
v 4 0.896842 44
v -4 0.996632 44
v -4 0.896842 52
v 4 0.846316 52
v -4 0.896842 52
v 4 0.795789 60
v 4 0.846316 52
v -4 0.896842 52
v -4 0.846316 60
v 4 0.795789 60
v -4 0.846316 60
v 4 0.745263 68
v 4 0.795789 60
v -4 0.846316 60
v -4 0.795789 68
v 4 0.745263 68
v -4 0.795789 68
v 4 0.694737 76
v 4 0.745263 68
v -4 0.795789 68
v -4 0.745263 76
v 4 0.694737 76
v -4 0.745263 76
v 4 0.644211 84
v 4 0.694737 76
v -4 0.745263 76
v -4 0.694737 84
v 4 0.644211 84
v -4 0.694737 84
v 4 0.6 91
v 4 0.644211 84
v -4 0.694737 84
v 3 0.606316 91
v 4 0.6 91
v 4 0.6 91
v 3 0.606316 91
v 4 -0.006316 92
v -4 0.694737 84
v -4 0.650526 91
v 3 0.606316 91
v 3 0.606316 91
v -4 0.044211 92
v 4 -0.006316 92
v 3 0.606316 91
v -4 0.650526 91
v -4 0.044211 92
v 4 0.587368 93
v -3 0.631579 93
v 4 0.543158 100
v -4 0.044211 92
v 4 0.587368 93
v 4 -0.006316 92
v -4 0.044211 92
v -3 0.631579 93
v 4 0.587368 93
v -3 0.631579 93
v -4 0.593684 100
v 4 0.543158 100
v -3 0.631579 93
v -4 0.637895 93
v -4 0.593684 100
v -4 0.044211 92
v -4 0.637895 93
v -3 0.631579 93
v 4 1.806316 -100
v 12 1.705263 -92
v 12 1.755789 -100
v 4 1.806316 -100
v 4 1.755789 -92
v 12 1.705263 -92
v 4 1.755789 -92
v 12 1.654737 -84
v 12 1.705263 -92
v 4 1.755789 -92
v 4 1.705263 -84
v 12 1.654737 -84
v 4 1.705263 -84
v 12 1.604211 -76
v 12 1.654737 -84
v 4 1.705263 -84
v 4 1.654737 -76
v 12 1.604211 -76
v 4 1.654737 -76
v 12 1.541053 -70.146076
v 12 1.604211 -76
v 4 1.654737 -76
v 9.394504 1.541053 -70.605496
v 12 1.541053 -70.146076
v 4 1.654737 -76
v 4 1.541053 -71.556692
v 9.394504 1.541053 -70.605496
v 12 1.541053 -57.148616
v 5.749199 1.541053 -58.250801
v 12 1.452632 -52
v 5.749199 1.541053 -58.250801
v 4 1.503158 -52
v 12 1.452632 -52
v 5.749199 1.541053 -58.250801
v 4 1.541053 -58.559232
v 4 1.503158 -52
v 4 1.503158 -52
v 12 1.376842 -44.555215
v 12 1.452632 -52
v 4 1.503158 -52
v 11.562116 1.376842 -44.437884
v 12 1.376842 -44.555215
v 5.337712 1.396843 -44
v 4 1.484163 -48.992409
v 4 1.414848 -44
v 4 1.503158 -52
v 9.927909 1.376842 -44
v 11.562116 1.376842 -44.437884
v 4 1.503158 -52
v 5.337712 1.396843 -44
v 9.927909 1.376842 -44
v 4 1.503158 -52
v 4 1.484163 -48.992409
v 5.337712 1.396843 -44
v 4 1.414848 -44
v 5.827348 1.376842 -42.172652
v 5.337712 1.396843 -44
v 5.337712 1.396843 -44
v 5.645197 1.376842 -42.852451
v 9.927909 1.376842 -44
v 4 1.414848 -44
v 7.481305 1.376842 -36
v 5.827348 1.376842 -42.172652
v 4 1.414848 -44
v 4 1.39808 -36
v 7.481305 1.376842 -36
v 12 1.376842 -35.444785
v 6.128483 1.376088 -33.871517
v 12 1.301053 -28
v 4 1.39808 -36
v 7.922804 1.376842 -34.352304
v 7.481305 1.376842 -36
v 4 1.39808 -36
v 6.128483 1.376088 -33.871517
v 7.922804 1.376842 -34.352304
v 6.128483 1.376088 -33.871517
v 4 1.351579 -28
v 12 1.301053 -28
v 6.128483 1.376088 -33.871517
v 4 1.38506 -33.301191
v 4 1.351579 -28
v 4 1.39808 -36
v 4 1.38506 -33.301191
v 6.128483 1.376088 -33.871517
v 4 1.351579 -28
v 12 1.250526 -20
v 12 1.301053 -28
v 4 1.351579 -28
v 4 1.301053 -20
v 12 1.250526 -20
v 4 1.301053 -20
v 12 1.217432 -14.4
v 12 1.250526 -20
v 4 1.301053 -20
v 9.6 1.235621 -14.4
v 12 1.217432 -14.4
v 12 1.217432 -14.4
v 9.6 1.235621 -14.4
v 12 1.203789 -12
v 4 1.301053 -20
v 4 1.237895 -14.4
v 9.6 1.235621 -14.4
v 9.6 1.235621 -14.4
v 8.4 1.237895 -12
v 12 1.203789 -12
v 9.6 1.235621 -14.4
v 8.4 1.237895 -14.4
v 8.4 1.237895 -12
v 8.4 1.237895 -12
v 12 1.149474 -4
v 12 1.203789 -12
v 8.4 1.237895 -12
v 8.4 1.216421 -7.6
v 12 1.149474 -4
v 8.4 1.237895 -9.6
v 6.4 1.237895 -9.6
v 8.4 1.216421 -7.6
v 8.4 1.216421 -7.6
v 8.4 1.172211 -4
v 12 1.149474 -4
v 6.4 1.237895 -9.6
v 8.4 1.172211 -4
v 8.4 1.216421 -7.6
v 6.4 1.237895 -9.6
v 4 1.2 -4
v 8.4 1.172211 -4
v 6.4 1.237895 -9.6
v 4 1.237895 -9.6
v 4 1.2 -4
v 4 1.2 -4
v 9.6 1.064211 1.6
v 9.6 1.164632 -4
v 9.6 1.164632 -4
v 12 1.064211 0.1
v 12 1.149474 -4
v 9.6 1.164632 -4
v 9.6 1.064211 0.1
v 12 1.064211 0.1
v 4 1.2 -4
v 9.6 1.064211 4
v 9.6 1.064211 1.6
v 4 1.2 -4
v 4 1.149474 4
v 9.6 1.064211 4
v 4 1.149474 4
v 9.6 1.064211 9.6
v 9.6 1.064211 4
v 4 1.149474 4
v 9.6 1.064211 12
v 9.6 1.064211 9.6
v 4 1.149474 4
v 4 1.098947 12
v 9.6 1.064211 12
v 4 1.098947 12
v 9.6 1.028211 17.6
v 9.6 1.064211 12
v 12 1.064211 12.9
v 9.6 1.028211 17.6
v 12 0.997895 20
v 12 1.064211 12.9
v 9.6 1.064211 12.9
v 9.6 1.028211 17.6
v 4 1.098947 12
v 9.6 1.013053 20
v 9.6 1.028211 17.6
v 4 1.098947 12
v 4 1.048421 20
v 9.6 1.013053 20
v 9.6 1.028211 17.6
v 9.6 1.013053 20
v 12 0.997895 20
v 4 1.048421 20
v 12 0.947368 28
v 12 0.997895 20
v 4 1.048421 20
v 4 0.997895 28
v 12 0.947368 28
v 4 0.997895 28
v 12 0.896842 36
v 12 0.947368 28
v 4 0.997895 28
v 4 0.947368 36
v 12 0.896842 36
v 4 0.947368 36
v 12 0.846316 44
v 12 0.896842 36
v 4 0.947368 36
v 4 0.896842 44
v 12 0.846316 44
v 4 0.896842 44
v 12 0.795789 52
v 12 0.846316 44
v 4 0.896842 44
v 4 0.846316 52
v 12 0.795789 52
v 4 0.846316 52
v 12 0.745263 60
v 12 0.795789 52
v 4 0.846316 52
v 4 0.795789 60
v 12 0.745263 60
v 4 0.795789 60
v 12 0.694737 68
v 12 0.745263 60
v 4 0.795789 60
v 4 0.745263 68
v 12 0.694737 68
v 4 0.745263 68
v 12 0.644211 76
v 12 0.694737 68
v 4 0.745263 68
v 4 0.694737 76
v 12 0.644211 76
v 4 0.694737 76
v 12 0.593684 84
v 12 0.644211 76
v 4 0.694737 76
v 4 0.644211 84
v 12 0.593684 84
v 4 0.644211 84
v 12 0.549474 91
v 12 0.593684 84
v 4 0.644211 84
v 11 0.555789 91
v 12 0.549474 91
v 12 0.549474 91
v 11 0.555789 91
v 12 0.543158 92
v 4 0.644211 84
v 4 0.6 91
v 11 0.555789 91
v 11 0.555789 91
v 4 -0.006316 92
v 12 0.543158 92
v 11 0.555789 91
v 4 0.6 91
v 4 -0.006316 92
v 12 0.536842 93
v 5 0.581053 93
v 12 0.492632 100
v 4 -0.006316 92
v 12 0.536842 93
v 12 0.543158 92
v 4 -0.006316 92
v 5 0.581053 93
v 12 0.536842 93
v 5 0.581053 93
v 4 0.543158 100
v 12 0.492632 100
v 5 0.581053 93
v 4 0.587368 93
v 4 0.543158 100
v 4 -0.006316 92
v 4 0.587368 93
v 5 0.581053 93
v 12 1.755789 -100
v 20 1.654737 -92
v 20 1.705263 -100
v 12 1.755789 -100
v 12 1.705263 -92
v 20 1.654737 -92
v 12 1.705263 -92
v 20 1.604211 -84
v 20 1.654737 -92
v 12 1.705263 -92
v 12 1.654737 -84
v 20 1.604211 -84
v 12 1.654737 -84
v 20 1.553684 -76
v 20 1.604211 -84
v 12 1.654737 -84
v 12 1.604211 -76
v 20 1.553684 -76
v 12 1.604211 -76
v 20 1.541053 -68.735461
v 20 1.553684 -76
v 12 1.604211 -76
v 19.107097 1.541053 -68.892903
v 20 1.541053 -68.735461
v 12 1.604211 -76
v 12 1.541053 -70.146076
v 19.107097 1.541053 -68.892903
v 20 1.541053 -55.738
v 15.461792 1.541053 -56.538208
v 20 1.413179 -52
v 15.461792 1.541053 -56.538208
v 12 1.452632 -52
v 20 1.413179 -52
v 15.461792 1.541053 -56.538208
v 12 1.541053 -57.148616
v 12 1.452632 -52
v 12 1.452632 -52
v 20 1.368624 -46.698809
v 20 1.413179 -52
v 12 1.452632 -52
v 17.871517 1.377596 -46.128483
v 20 1.368624 -46.698809
v 20 1.368624 -46.698809
v 17.871517 1.377596 -46.128483
v 20 1.355604 -44
v 12 1.452632 -52
v 12 1.376842 -44.555215
v 17.871517 1.377596 -46.128483
v 17.871517 1.377596 -46.128483
v 16.518695 1.376842 -44
v 20 1.355604 -44
v 17.871517 1.377596 -46.128483
v 16.077196 1.376842 -45.647696
v 16.518695 1.376842 -44
v 20 1.348842 -37.588378
v 18.747285 1.370751 -37.252715
v 20 1.338836 -36
v 16.518695 1.376842 -44
v 20 1.348842 -37.588378
v 20 1.355604 -44
v 16.518695 1.376842 -44
v 18.747285 1.370751 -37.252715
v 20 1.348842 -37.588378
v 16.518695 1.376842 -44
v 18.172652 1.376842 -37.827348
v 18.747285 1.370751 -37.252715
v 18.747285 1.370751 -37.252715
v 14.072091 1.376842 -36
v 20 1.338836 -36
v 18.172652 1.376842 -37.827348
v 18.354803 1.376842 -37.147549
v 18.747285 1.370751 -37.252715
v 14.072091 1.376842 -36
v 20 1.250526 -28
v 20 1.338836 -36
v 14.072091 1.376842 -36
v 12.437884 1.376842 -35.562116
v 20 1.250526 -28
v 12.437884 1.376842 -35.562116
v 12 1.301053 -28
v 20 1.250526 -28
v 12.437884 1.376842 -35.562116
v 12 1.376842 -35.444785
v 12 1.301053 -28
v 12 1.301053 -28
v 20 1.2 -20
v 20 1.250526 -28
v 12 1.301053 -28
v 12 1.250526 -20
v 20 1.2 -20
v 12 1.250526 -20
v 20 1.149474 -12
v 20 1.2 -20
v 12 1.250526 -20
v 12 1.203789 -12
v 20 1.149474 -12
v 12 1.203789 -12
v 20 1.098947 -4
v 20 1.149474 -12
v 12 1.203789 -12
v 12 1.149474 -4
v 20 1.098947 -4
v 12 1.149474 -4
v 20 1.064211 0.1
v 20 1.098947 -4
v 12 1.149474 -4
v 16.1 1.064211 0.1
v 20 1.064211 0.1
v 12 1.149474 -4
v 12 1.064211 0.1
v 16.1 1.064211 0.1
v 20 1.064211 12.9
v 12.9 1.064211 12.9
v 20 0.947368 20
v 12.9 1.064211 12.9
v 12 0.997895 20
v 20 0.947368 20
v 12.9 1.064211 12.9
v 12 1.064211 12.9
v 12 0.997895 20
v 12 0.997895 20
v 20 0.874146 28
v 20 0.947368 20
v 12 0.997895 20
v 12 0.947368 28
v 20 0.874146 28
v 12 0.947368 28
v 20 0.730877 36
v 20 0.874146 28
v 12 0.947368 28
v 12 0.896842 36
v 20 0.730877 36
v 12 0.896842 36
v 20 0.697193 44
v 20 0.730877 36
v 12 0.896842 36
v 12 0.846316 44
v 20 0.697193 44
v 12 0.846316 44
v 20 0.663509 52
v 20 0.697193 44
v 12 0.846316 44
v 12 0.795789 52
v 20 0.663509 52
v 12 0.795789 52
v 20 0.629825 60
v 20 0.663509 52
v 12 0.795789 52
v 12 0.745263 60
v 20 0.629825 60
v 12 0.745263 60
v 20 0.59614 68
v 20 0.629825 60
v 12 0.745263 60
v 12 0.694737 68
v 20 0.59614 68
v 12 0.694737 68
v 20 0.562456 76
v 20 0.59614 68
v 12 0.694737 68
v 12 0.644211 76
v 20 0.562456 76
v 12 0.644211 76
v 20 0.54069 84
v 20 0.562456 76
v 12 0.644211 76
v 12 0.593684 84
v 20 0.54069 84
v 19.85 0.54237 84
v 20 0.498947 91
v 20 0.54069 84
v 19.85 0.54237 84
v 19.85 0.499895 91
v 20 0.498947 91
v 20 0.498947 91
v 19.85 0.494526 91.85
v 20 0.492632 92
v 20 0.498947 91
v 19.85 0.499895 91
v 19.85 0.494526 91.85
v 19.05 0.549158 84
v 19.85 0.512526 89
v 19.85 0.54237 84
v 19.05 0.549158 84
v 19.05 0.517579 89
v 19.85 0.512526 89
v 19.85 0.512526 89
v 19.05 0.504947 91
v 19.85 0.499895 91
v 19.85 0.512526 89
v 19.05 0.517579 89
v 19.05 0.504947 91
v 19.85 0.499895 91
v 19.05 0.504632 91.05
v 19.85 0.494526 91.85
v 19.85 0.499895 91
v 19.05 0.504947 91
v 19.05 0.504632 91.05
v 12 0.593684 84
v 12.95 0.581684 84.95
v 12.95 0.587684 84
v 12.95 0.587684 84
v 19.05 0.517579 89
v 19.05 0.549158 84
v 12.95 0.587684 84
v 17 0.530526 89
v 19.05 0.517579 89
v 12.95 0.587684 84
v 12.95 0.581684 84.95
v 17 0.530526 89
v 19.05 0.517579 89
v 19 0.505263 91
v 19.05 0.504947 91
v 19.05 0.517579 89
v 17 0.530526 89
v 19 0.505263 91
v 19.05 0.504947 91
v 19 0.505263 91
v 19.05 0.504632 91.05
v 19.85 0.494526 91.85
v 19.85 0.493579 92
v 20 0.492632 92
v 19.05 0.504632 91.05
v 19.85 0.493579 92
v 19.85 0.494526 91.85
v 19.05 0.504632 91.05
v 19.05 0.498632 92
v 19.85 0.493579 92
v 12 0.593684 84
v 12.15 0.548526 91
v 12.15 0.591789 84.15
v 12 0.593684 84
v 12 0.549474 91
v 12.15 0.548526 91
v 12.15 0.548526 91
v 12 0.543158 92
v 12.15 0.542211 92
v 12.15 0.548526 91
v 12 0.549474 91
v 12 0.543158 92
v 12.15 0.591789 84.15
v 12.95 0.556105 89
v 12.95 0.581684 84.95
v 12.15 0.591789 84.15
v 12.15 0.561158 89
v 12.95 0.556105 89
v 12.95 0.556105 89
v 12.15 0.548526 91
v 12.95 0.543474 91
v 12.95 0.556105 89
v 12.15 0.561158 89
v 12.15 0.548526 91
v 12.95 0.543474 91
v 12.15 0.542211 92
v 12.95 0.537158 92
v 12.95 0.543474 91
v 12.15 0.548526 91
v 12.15 0.542211 92
v 12.95 0.581684 84.95
v 12.95 0.556105 89
v 17 0.530526 89
v 17 0.530526 89
v 12.95 0.543474 91
v 19 0.505263 91
v 17 0.530526 89
v 12.95 0.556105 89
v 12.95 0.543474 91
v 19 0.505263 91
v 19.05 0.498632 92
v 19.05 0.504632 91.05
v 19 0.505263 91
v 18 0.505263 92
v 19.05 0.498632 92
v 19 0.505263 91
v 18 0.511579 91
v 18 0.505263 92
v 18 0.505263 92
v 12.95 0.543474 91
v 12.95 0.537158 92
v 18 0.505263 92
v 18 0.511579 91
v 12.95 0.543474 91
v 20 0.486316 93
v 19.85 0.444 99.85
v 20 0.442105 100
v 20 0.486316 93
v 19.85 0.487263 93
v 19.85 0.444 99.85
v 19.85 0.493579 92
v 20 0.486316 93
v 20 0.492632 92
v 19.85 0.493579 92
v 19.85 0.487263 93
v 20 0.486316 93
v 19.85 0.474632 95
v 19.05 0.454105 99.05
v 19.85 0.444 99.85
v 19.85 0.474632 95
v 19.05 0.479684 95
v 19.05 0.454105 99.05
v 19.85 0.487263 93
v 19.05 0.479684 95
v 19.85 0.474632 95
v 19.85 0.487263 93
v 19.05 0.492316 93
v 19.05 0.479684 95
v 19.05 0.498632 92
v 19.85 0.487263 93
v 19.85 0.493579 92
v 19.05 0.498632 92
v 19.05 0.492316 93
v 19.85 0.487263 93
v 19.05 0.479684 95
v 15 0.505263 95
v 19.05 0.454105 99.05
v 12 0.543158 92
v 12.15 0.541263 92.15
v 12.15 0.542211 92
v 12.15 0.542211 92
v 12.95 0.531158 92.95
v 12.95 0.537158 92
v 12.15 0.542211 92
v 12.15 0.541263 92.15
v 12.95 0.531158 92.95
v 19.05 0.492316 93
v 18 0.486316 95
v 19.05 0.479684 95
v 19.05 0.492316 93
v 18 0.498947 93
v 18 0.486316 95
v 18 0.505263 92
v 19.05 0.492316 93
v 19.05 0.498632 92
v 18 0.505263 92
v 18 0.498947 93
v 19.05 0.492316 93
v 18 0.498947 93
v 15 0.505263 95
v 18 0.486316 95
v 18 0.498947 93
v 13 0.530526 93
v 15 0.505263 95
v 12.95 0.537158 92
v 18 0.498947 93
v 18 0.505263 92
v 12.95 0.537158 92
v 13 0.530526 93
v 18 0.498947 93
v 12.95 0.537158 92
v 12.95 0.531158 92.95
v 13 0.530526 93
v 19.05 0.454105 99.05
v 19.05 0.448105 100
v 20 0.442105 100
v 15 0.505263 95
v 19.05 0.448105 100
v 19.05 0.454105 99.05
v 15 0.505263 95
v 12 0.492632 100
v 19.05 0.448105 100
v 15 0.505263 95
v 12 0.524211 95
v 12 0.492632 100
v 12.15 0.535895 93
v 12 0.524211 95
v 12.15 0.523263 95
v 12.15 0.535895 93
v 12 0.536842 93
v 12 0.524211 95
v 12 0.543158 92
v 12.15 0.535895 93
v 12.15 0.541263 92.15
v 12 0.543158 92
v 12 0.536842 93
v 12.15 0.535895 93
v 12.95 0.530842 93
v 12.15 0.523263 95
v 12.95 0.518211 95
v 12.95 0.530842 93
v 12.15 0.535895 93
v 12.15 0.523263 95
v 12.15 0.541263 92.15
v 12.95 0.530842 93
v 12.95 0.531158 92.95
v 12.15 0.541263 92.15
v 12.15 0.535895 93
v 12.95 0.530842 93
v 13 0.530526 93
v 12.95 0.518211 95
v 15 0.505263 95
v 13 0.530526 93
v 12.95 0.530842 93
v 12.95 0.518211 95
v 12.95 0.531158 92.95
v 12.95 0.530842 93
v 13 0.530526 93
v 20 1.705263 -100
v 28 1.604211 -92
v 28 1.654737 -100
v 20 1.705263 -100
v 20 1.654737 -92
v 28 1.604211 -92
v 20 1.654737 -92
v 28 1.553684 -84
v 28 1.604211 -92
v 20 1.654737 -92
v 20 1.604211 -84
v 28 1.553684 -84
v 20 1.604211 -84
v 28 1.503158 -76
v 28 1.553684 -84
v 20 1.604211 -84
v 20 1.553684 -76
v 28 1.503158 -76
v 20 1.553684 -76
v 28 1.452632 -68
v 28 1.503158 -76
v 20 1.553684 -76
v 24.171004 1.527223 -68
v 28 1.452632 -68
v 20 1.553684 -76
v 20 1.541053 -68.735461
v 24.171004 1.527223 -68
v 24.171004 1.527223 -68
v 23.322964 1.541053 -68.149532
v 23.296598 1.541053 -68
v 24.171004 1.527223 -68
v 28 1.448367 -67.324845
v 28 1.452632 -68
v 23.296598 1.541053 -68
v 28 1.448367 -67.324845
v 24.171004 1.527223 -68
v 23.296598 1.541053 -68
v 28 1.402105 -60
v 28 1.448367 -67.324845
v 23.296598 1.541053 -68
v 22.80245 1.541053 -65.19755
v 28 1.402105 -60
v 22.80245 1.541053 -65.19755
v 21.885982 1.541053 -60
v 28 1.402105 -60
v 21.885982 1.541053 -60
v 28 1.351579 -52
v 28 1.402105 -60
v 21.885982 1.541053 -60
v 21.60328 1.541053 -58.39672
v 28 1.351579 -52
v 21.60328 1.541053 -58.39672
v 20.475366 1.413345 -52
v 28 1.351579 -52
v 21.100268 1.541053 -55.543993
v 20 1.413179 -52
v 20.475366 1.413345 -52
v 21.100268 1.541053 -55.543993
v 20 1.541053 -55.738
v 20 1.413179 -52
v 20 1.413179 -52
v 28 1.301053 -44
v 28 1.351579 -52
v 20 1.413179 -52
v 20 1.355604 -44
v 28 1.301053 -44
v 20 1.355604 -44
v 28 1.250526 -36
v 28 1.301053 -44
v 20 1.355604 -44
v 20 1.338836 -36
v 28 1.250526 -36
v 20 1.338836 -36
v 28 1.2 -28
v 28 1.250526 -36
v 20 1.338836 -36
v 20 1.250526 -28
v 28 1.2 -28
v 20 1.250526 -28
v 28 1.149474 -20
v 28 1.2 -28
v 20 1.250526 -28
v 20 1.2 -20
v 28 1.149474 -20
v 20 1.2 -20
v 28 1.098947 -12
v 28 1.149474 -20
v 20 1.2 -20
v 20 1.149474 -12
v 28 1.098947 -12
v 20 1.149474 -12
v 28 1.048421 -4
v 28 1.098947 -12
v 20 1.149474 -12
v 20 1.098947 -4
v 28 1.048421 -4
v 20 1.098947 -4
v 28 1.022526 0.1
v 28 1.048421 -4
v 20 1.098947 -4
v 24.1 1.048437 0.1
v 28 1.022526 0.1
v 28 1.022526 0.1
v 24.1 1.048437 0.1
v 28 0.997895 4
v 20 1.098947 -4
v 20 1.064211 0.1
v 24.1 1.048437 0.1
v 24.1 1.048437 0.1
v 20.4 1.064211 4
v 28 0.997895 4
v 24.1 1.048437 0.1
v 20.4 1.064211 0.1
v 20.4 1.064211 4
v 20.4 1.064211 4
v 28 0.947368 12
v 28 0.997895 4
v 20.4 1.064211 4
v 20.4 1.064211 4.4
v 28 0.947368 12
v 20.4 1.064211 4.4
v 20.4 1.064211 12
v 28 0.947368 12
v 20.4 1.064211 12
v 28 0.896842 20
v 28 0.947368 12
v 20.4 1.064211 12
v 20.4 1.064211 12.4
v 28 0.896842 20
v 20.4 1.064211 12.4
v 20.4 0.944842 20
v 28 0.896842 20
v 20.4 1.064211 12.9
v 20 0.947368 20
v 20.4 0.944842 20
v 20.4 1.064211 12.9
v 20 1.064211 12.9
v 20 0.947368 20
v 20 0.947368 20
v 28 0.730877 28
v 28 0.896842 20
v 20 0.947368 20
v 20 0.874146 28
v 28 0.730877 28
v 20 0.874146 28
v 28 0.5 32
v 28 0.730877 28
v 20 0.874146 28
v 24 0.5 32
v 28 0.5 32
v 20 0.874146 28
v 20 0.747719 32
v 24 0.5 32
v 24 0.5 32
v 20 0.730877 36
v 24 0.5 36
v 24 0.5 32
v 20 0.747719 32
v 20 0.730877 36
v 20 0.730877 36
v 24 0.5 40
v 24 0.5 36
v 20 0.730877 36
v 24 0.5 44
v 24 0.5 40
v 20 0.730877 36
v 20 0.697193 44
v 24 0.5 44
v 20 0.697193 44
v 24 0.5 48
v 24 0.5 44
v 20 0.697193 44
v 24 0.5 52
v 24 0.5 48
v 20 0.697193 44
v 20 0.663509 52
v 24 0.5 52
v 20 0.663509 52
v 24 0.5 56
v 24 0.5 52
v 20 0.663509 52
v 24 0.5 60
v 24 0.5 56
v 20 0.663509 52
v 20 0.629825 60
v 24 0.5 60
v 20 0.629825 60
v 24 0.5 64
v 24 0.5 60
v 20 0.629825 60
v 24 0.5 68
v 24 0.5 64
v 20 0.629825 60
v 20 0.59614 68
v 24 0.5 68
v 20 0.59614 68
v 24 0.5 72
v 24 0.5 68
v 20 0.59614 68
v 24 0.5 76
v 24 0.5 72
v 20 0.59614 68
v 20 0.562456 76
v 24 0.5 76
v 28 0.5 80
v 24 0.5 80
v 28 0.495088 84
v 20 0.562456 76
v 24 0.5 80
v 24 0.5 76
v 24 0.5 80
v 20 0.54069 84
v 28 0.495088 84
v 24 0.5 80
v 20 0.545614 80
v 20 0.54069 84
v 20 0.562456 76
v 20 0.545614 80
v 24 0.5 80
v 20 0.54069 84
v 28 0.448421 91
v 28 0.495088 84
v 20 0.54069 84
v 27 0.454737 91
v 28 0.448421 91
v 28 0.448421 91
v 27 0.454737 91
v 28 -0.157895 92
v 20 0.54069 84
v 20 0.498947 91
v 27 0.454737 91
v 27 0.454737 91
v 20 0.492632 92
v 28 -0.157895 92
v 27 0.454737 91
v 20 0.498947 91
v 20 0.492632 92
v 28 0.435789 93
v 21 0.48 93
v 28 0.391579 100
v 20 0.492632 92
v 28 0.435789 93
v 28 -0.157895 92
v 20 0.492632 92
v 21 0.48 93
v 28 0.435789 93
v 21 0.48 93
v 20 0.442105 100
v 28 0.391579 100
v 21 0.48 93
v 20 0.486316 93
v 20 0.442105 100
v 20 0.492632 92
v 20 0.486316 93
v 21 0.48 93
v 28 1.654737 -100
v 36 1.553684 -92
v 36 1.604211 -100
v 28 1.654737 -100
v 28 1.604211 -92
v 36 1.553684 -92
v 28 1.604211 -92
v 36 1.503158 -84
v 36 1.553684 -92
v 28 1.604211 -92
v 28 1.553684 -84
v 36 1.503158 -84
v 28 1.553684 -84
v 36 1.452632 -76
v 36 1.503158 -84
v 28 1.553684 -84
v 28 1.503158 -76
v 36 1.452632 -76
v 28 1.503158 -76
v 36 1.402105 -68
v 36 1.452632 -76
v 28 1.503158 -76
v 28 1.452632 -68
v 36 1.402105 -68
v 28 1.452632 -68
v 36 1.351579 -60
v 36 1.402105 -68
v 28 1.452632 -68
v 28 1.402105 -60
v 36 1.351579 -60
v 28 1.402105 -60
v 36 1.301053 -52
v 36 1.351579 -60
v 28 1.402105 -60
v 28 1.351579 -52
v 36 1.301053 -52
v 28 1.351579 -52
v 36 1.250526 -44
v 36 1.301053 -52
v 28 1.351579 -52
v 28 1.301053 -44
v 36 1.250526 -44
v 28 1.301053 -44
v 36 1.2 -36
v 36 1.250526 -44
v 28 1.301053 -44
v 28 1.250526 -36
v 36 1.2 -36
v 28 1.250526 -36
v 36 1.149474 -28
v 36 1.2 -36
v 28 1.250526 -36
v 28 1.2 -28
v 36 1.149474 -28
v 28 1.2 -28
v 36 1.098947 -20
v 36 1.149474 -28
v 28 1.2 -28
v 28 1.149474 -20
v 36 1.098947 -20
v 28 1.149474 -20
v 36 1.048421 -12
v 36 1.098947 -20
v 28 1.149474 -20
v 28 1.098947 -12
v 36 1.048421 -12
v 28 1.098947 -12
v 36 0.997895 -4
v 36 1.048421 -12
v 28 1.098947 -12
v 28 1.048421 -4
v 36 0.997895 -4
v 28 1.048421 -4
v 36 0.947368 4
v 36 0.997895 -4
v 28 1.048421 -4
v 28 0.997895 4
v 36 0.947368 4
v 28 0.997895 4
v 36 0.896842 12
v 36 0.947368 4
v 28 0.997895 4
v 28 0.947368 12
v 36 0.896842 12
v 28 0.947368 12
v 36 0.846316 20
v 36 0.896842 12
v 28 0.947368 12
v 28 0.896842 20
v 36 0.846316 20
v 28 0.896842 20
v 36 0.697193 28
v 36 0.846316 20
v 28 0.896842 20
v 28 0.730877 28
v 36 0.697193 28
v 28 0.730877 28
v 36 0.5 32
v 36 0.697193 28
v 28 0.730877 28
v 32 0.5 32
v 36 0.5 32
v 28 0.730877 28
v 28 0.5 32
v 32 0.5 32
v 36 0.5 80
v 32 0.5 80
v 36 0.461404 84
v 32 0.5 80
v 28 0.495088 84
v 36 0.461404 84
v 32 0.5 80
v 28 0.5 80
v 28 0.495088 84
v 28 0.495088 84
v 36 0.397895 91
v 36 0.461404 84
v 28 0.495088 84
v 35 0.404211 91
v 36 0.397895 91
v 36 0.397895 91
v 35 0.404211 91
v 36 -0.208421 92
v 28 0.495088 84
v 28 0.448421 91
v 35 0.404211 91
v 35 0.404211 91
v 28 -0.157895 92
v 36 -0.208421 92
v 35 0.404211 91
v 28 0.448421 91
v 28 -0.157895 92
v 36 0.385263 93
v 29 0.429474 93
v 36 0.341053 100
v 28 -0.157895 92
v 36 0.385263 93
v 36 -0.208421 92
v 28 -0.157895 92
v 29 0.429474 93
v 36 0.385263 93
v 29 0.429474 93
v 28 0.391579 100
v 36 0.341053 100
v 29 0.429474 93
v 28 0.435789 93
v 28 0.391579 100
v 28 -0.157895 92
v 28 0.435789 93
v 29 0.429474 93
v 36 1.604211 -100
v 44 1.503158 -92
v 44 1.553684 -100
v 36 1.604211 -100
v 36 1.553684 -92
v 44 1.503158 -92
v 36 1.553684 -92
v 44 1.452632 -84
v 44 1.503158 -92
v 36 1.553684 -92
v 36 1.503158 -84
v 44 1.452632 -84
v 36 1.503158 -84
v 44 1.402105 -76
v 44 1.452632 -84
v 36 1.503158 -84
v 36 1.452632 -76
v 44 1.402105 -76
v 36 1.452632 -76
v 44 1.351579 -68
v 44 1.402105 -76
v 36 1.452632 -76
v 36 1.402105 -68
v 44 1.351579 -68
v 36 1.402105 -68
v 44 1.301053 -60
v 44 1.351579 -68
v 36 1.402105 -68
v 36 1.351579 -60
v 44 1.301053 -60
v 36 1.351579 -60
v 44 1.250526 -52
v 44 1.301053 -60
v 36 1.351579 -60
v 36 1.301053 -52
v 44 1.250526 -52
v 36 1.301053 -52
v 44 1.2 -44
v 44 1.250526 -52
v 36 1.301053 -52
v 36 1.250526 -44
v 44 1.2 -44
v 36 1.250526 -44
v 44 1.149474 -36
v 44 1.2 -44
v 36 1.250526 -44
v 36 1.2 -36
v 44 1.149474 -36
v 36 1.2 -36
v 44 1.098947 -28
v 44 1.149474 -36
v 36 1.2 -36
v 36 1.149474 -28
v 44 1.098947 -28
v 36 1.149474 -28
v 44 1.048421 -20
v 44 1.098947 -28
v 36 1.149474 -28
v 36 1.098947 -20
v 44 1.048421 -20
v 36 1.098947 -20
v 44 0.997895 -12
v 44 1.048421 -20
v 36 1.098947 -20
v 36 1.048421 -12
v 44 0.997895 -12
v 36 1.048421 -12
v 44 0.938526 -4
v 44 0.997895 -12
v 36 1.048421 -12
v 36 0.997895 -4
v 44 0.938526 -4
v 36 0.997895 -4
v 44 0.896269 4
v 44 0.938526 -4
v 36 0.997895 -4
v 36 0.947368 4
v 44 0.896269 4
v 36 0.947368 4
v 44 0.846316 12
v 44 0.896269 4
v 36 0.947368 4
v 36 0.896842 12
v 44 0.846316 12
v 36 0.896842 12
v 44 0.795789 20
v 44 0.846316 12
v 36 0.896842 12
v 36 0.846316 20
v 44 0.795789 20
v 36 0.846316 20
v 44 0.663509 28
v 44 0.795789 20
v 36 0.846316 20
v 36 0.697193 28
v 44 0.663509 28
v 36 0.697193 28
v 44 0.5 32
v 44 0.663509 28
v 36 0.697193 28
v 40 0.5 32
v 44 0.5 32
v 36 0.697193 28
v 36 0.5 32
v 40 0.5 32
v 44 0.5 80
v 40 0.5 80
v 44 0.427719 84
v 40 0.5 80
v 36 0.461404 84
v 44 0.427719 84
v 40 0.5 80
v 36 0.5 80
v 36 0.461404 84
v 36 0.461404 84
v 44 0.347368 91
v 44 0.427719 84
v 36 0.461404 84
v 43 0.353684 91
v 44 0.347368 91
v 44 0.347368 91
v 43 0.353684 91
v 44 -0.258947 92
v 36 0.461404 84
v 36 0.397895 91
v 43 0.353684 91
v 43 0.353684 91
v 36 -0.208421 92
v 44 -0.258947 92
v 43 0.353684 91
v 36 0.397895 91
v 36 -0.208421 92
v 44 0.334737 93
v 37 0.378947 93
v 44 0.290526 100
v 36 -0.208421 92
v 44 0.334737 93
v 44 -0.258947 92
v 36 -0.208421 92
v 37 0.378947 93
v 44 0.334737 93
v 37 0.378947 93
v 36 0.341053 100
v 44 0.290526 100
v 37 0.378947 93
v 36 0.385263 93
v 36 0.341053 100
v 36 -0.208421 92
v 36 0.385263 93
v 37 0.378947 93
v 44 1.553684 -100
v 52 1.44491 -92
v 52 1.503158 -100
v 44 1.553684 -100
v 44 1.503158 -92
v 52 1.44491 -92
v 44 1.503158 -92
v 52 1.363945 -84
v 52 1.44491 -92
v 44 1.503158 -92
v 44 1.452632 -84
v 52 1.363945 -84
v 44 1.452632 -84
v 52 1.361053 -83.333259
v 52 1.363945 -84
v 44 1.452632 -84
v 49.667914 1.361053 -78.332086
v 52 1.361053 -83.333259
v 47.918695 1.363497 -76
v 44 1.413646 -77.827317
v 44 1.402105 -76
v 44 1.452632 -84
v 48.580445 1.361053 -76
v 49.667914 1.361053 -78.332086
v 44 1.452632 -84
v 47.918695 1.363497 -76
v 48.580445 1.361053 -76
v 44 1.452632 -84
v 44 1.413646 -77.827317
v 47.918695 1.363497 -76
v 44 1.402105 -76
v 52 1.361053 -74.096856
v 47.918695 1.363497 -76
v 44 1.402105 -76
v 52 1.301053 -68
v 52 1.361053 -74.096856
v 47.918695 1.363497 -76
v 48.462252 1.361053 -75.746535
v 48.580445 1.361053 -76
v 44 1.402105 -76
v 44 1.351579 -68
v 52 1.301053 -68
v 44 1.351579 -68
v 52 1.250526 -60
v 52 1.301053 -68
v 44 1.351579 -68
v 44 1.301053 -60
v 52 1.250526 -60
v 44 1.301053 -60
v 52 1.2 -52
v 52 1.250526 -60
v 44 1.301053 -60
v 44 1.250526 -52
v 52 1.2 -52
v 44 1.250526 -52
v 52 1.149474 -44
v 52 1.2 -52
v 44 1.250526 -52
v 44 1.2 -44
v 52 1.149474 -44
v 44 1.2 -44
v 52 1.034078 -36
v 52 1.149474 -44
v 44 1.2 -44
v 44 1.149474 -36
v 52 1.034078 -36
v 44 1.149474 -36
v 52 1.046541 -28
v 52 1.034078 -36
v 44 1.149474 -36
v 44 1.098947 -28
v 52 1.046541 -28
v 44 1.098947 -28
v 52 0.997895 -20
v 52 1.046541 -28
v 44 1.098947 -28
v 44 1.048421 -20
v 52 0.997895 -20
v 44 1.048421 -20
v 52 0.947368 -12
v 52 0.997895 -20
v 44 1.048421 -20
v 44 0.997895 -12
v 52 0.947368 -12
v 44 0.997895 -12
v 47.6 0.905684 -8.4
v 47.6 0.975158 -12
v 47.6 0.975158 -12
v 52 0.858947 -6.4
v 52 0.947368 -12
v 47.6 0.975158 -12
v 49.6 0.858947 -6.4
v 52 0.858947 -6.4
v 47.6 0.975158 -12
v 47.6 0.905684 -8.4
v 49.6 0.858947 -6.4
v 44 0.997895 -12
v 47.6 0.858947 -4
v 47.6 0.905684 -8.4
v 44 0.997895 -12
v 44 0.938526 -4
v 47.6 0.858947 -4
v 47.6 0.905684 -8.4
v 47.6 0.858947 -6.4
v 49.6 0.858947 -6.4
v 44 0.938526 -4
v 47.6 0.858947 -0.4
v 47.6 0.858947 -4
v 52 0.858947 2.4
v 50.4 0.858947 2.4
v 52 0.853895 4
v 44 0.938526 -4
v 47.6 0.865011 4
v 47.6 0.858947 -0.4
v 44 0.938526 -4
v 44 0.896269 4
v 47.6 0.865011 4
v 50.4 0.858947 2.4
v 47.6 0.865011 4
v 52 0.853895 4
v 50.4 0.858947 2.4
v 47.6 0.858947 2.4
v 47.6 0.865011 4
v 44 0.896269 4
v 52 0.786316 12
v 52 0.853895 4
v 44 0.896269 4
v 44 0.846316 12
v 52 0.786316 12
v 44 0.846316 12
v 50.6 0.701053 18.6
v 50.6 0.794274 12
v 50.6 0.794274 12
v 52 0.701053 15.6
v 52 0.786316 12
v 50.6 0.794274 12
v 50.6 0.701053 15.6
v 52 0.701053 15.6
v 44 0.846316 12
v 50.6 0.701053 20
v 50.6 0.701053 18.6
v 44 0.846316 12
v 44 0.795789 20
v 50.6 0.701053 20
v 44 0.795789 20
v 50.6 0.695622 26.6
v 50.6 0.701053 20
v 52 0.701053 24.4
v 50.6 0.695622 26.6
v 52 0.636947 28
v 52 0.701053 24.4
v 50.6 0.701053 24.4
v 50.6 0.695622 26.6
v 44 0.795789 20
v 50.6 0.642253 28
v 50.6 0.695622 26.6
v 44 0.795789 20
v 44 0.663509 28
v 50.6 0.642253 28
v 50.6 0.695622 26.6
v 50.6 0.642253 28
v 52 0.636947 28
v 44 0.663509 28
v 52 0.5 32
v 52 0.636947 28
v 44 0.663509 28
v 48 0.5 32
v 52 0.5 32
v 44 0.663509 28
v 44 0.5 32
v 48 0.5 32
v 52 0.5 80
v 48 0.5 80
v 52 0.394035 84
v 48 0.5 80
v 44 0.427719 84
v 52 0.394035 84
v 48 0.5 80
v 44 0.5 80
v 44 0.427719 84
v 44 0.427719 84
v 52 0.296842 91
v 52 0.394035 84
v 44 0.427719 84
v 51 0.303158 91
v 52 0.296842 91
v 52 0.296842 91
v 51 0.303158 91
v 52 -0.309474 92
v 44 0.427719 84
v 44 0.347368 91
v 51 0.303158 91
v 51 0.303158 91
v 44 -0.258947 92
v 52 -0.309474 92
v 51 0.303158 91
v 44 0.347368 91
v 44 -0.258947 92
v 52 0.284211 93
v 45 0.328421 93
v 52 0.24 100
v 44 -0.258947 92
v 52 0.284211 93
v 52 -0.309474 92
v 44 -0.258947 92
v 45 0.328421 93
v 52 0.284211 93
v 45 0.328421 93
v 44 0.290526 100
v 52 0.24 100
v 45 0.328421 93
v 44 0.334737 93
v 44 0.290526 100
v 44 -0.258947 92
v 44 0.334737 93
v 45 0.328421 93
v 52 1.503158 -100
v 60 1.389858 -92
v 60 1.452632 -100
v 52 1.503158 -100
v 52 1.44491 -92
v 60 1.389858 -92
v 52 1.44491 -92
v 54.756153 1.361053 -89.243847
v 56.041368 1.379774 -92
v 56.041368 1.379774 -92
v 60 1.361053 -88.903144
v 60 1.389858 -92
v 56.041368 1.379774 -92
v 55.562239 1.361053 -90.972506
v 60 1.361053 -88.903144
v 52 1.44491 -92
v 52.310906 1.361053 -84
v 54.756153 1.361053 -89.243847
v 52 1.44491 -92
v 52 1.363945 -84
v 52.310906 1.361053 -84
v 52 1.363945 -84
v 52.212033 1.361053 -83.787967
v 52.310906 1.361053 -84
v 60 1.361053 -79.666741
v 58.833922 1.361053 -77.166078
v 60 1.337808 -76
v 52 1.363945 -84
v 52 1.361053 -83.333259
v 52.212033 1.361053 -83.787967
v 58.833922 1.361053 -77.166078
v 58.290171 1.361053 -76
v 60 1.337808 -76
v 60 1.267133 -70.366395
v 55.565994 1.361053 -72.434006
v 60 1.250526 -68
v 58.290171 1.361053 -76
v 60 1.267133 -70.366395
v 60 1.337808 -76
v 58.290171 1.361053 -76
v 56.437761 1.361053 -72.027494
v 60 1.267133 -70.366395
v 55.565994 1.361053 -72.434006
v 52 1.301053 -68
v 60 1.250526 -68
v 55.565994 1.361053 -72.434006
v 52 1.361053 -74.096856
v 52 1.301053 -68
v 52 1.301053 -68
v 60 1.2 -60
v 60 1.250526 -68
v 52 1.301053 -68
v 52 1.250526 -60
v 60 1.2 -60
v 52 1.250526 -60
v 60 1.149474 -52
v 60 1.2 -60
v 52 1.250526 -60
v 52 1.2 -52
v 60 1.149474 -52
v 52 1.2 -52
v 60 1.098947 -44
v 60 1.149474 -52
v 52 1.2 -52
v 52 1.149474 -44
v 60 1.098947 -44
v 52 1.149474 -44
v 60 1.010526 -38.939093
v 60 1.098947 -44
v 52 1.149474 -44
v 57.845193 1.010526 -38.154807
v 60 1.010526 -38.939093
v 52 1.149474 -44
v 52 1.033917 -36.027331
v 57.845193 1.010526 -38.154807
v 53.133796 1.010526 -36
v 52 1.033917 -36.027331
v 52 1.034078 -36
v 53.133796 1.010526 -36
v 52.992383 1.010526 -36.388529
v 52 1.033917 -36.027331
v 52 1.034078 -36
v 53.782615 1.010526 -34.217385
v 53.133796 1.010526 -36
v 52 1.034078 -36
v 56.045558 1.010526 -28
v 53.782615 1.010526 -34.217385
v 52 1.034078 -36
v 52 1.046541 -28
v 56.045558 1.010526 -28
v 60 1.010526 -21.060907
v 59.222192 1.010526 -20.777808
v 60 0.994785 -20
v 52 1.046541 -28
v 58.360643 1.010526 -21.639357
v 56.045558 1.010526 -28
v 59.222192 1.010526 -20.777808
v 57.085183 0.990846 -20
v 60 0.994785 -20
v 52 1.046541 -28
v 58.738322 1.010526 -20.601693
v 58.360643 1.010526 -21.639357
v 52 1.046541 -28
v 57.085183 0.990846 -20
v 58.738322 1.010526 -20.601693
v 52 1.046541 -28
v 52 0.997895 -20
v 57.085183 0.990846 -20
v 52 0.997895 -20
v 60 0.896842 -12
v 60 0.994785 -20
v 52 0.997895 -20
v 52 0.947368 -12
v 60 0.896842 -12
v 52 0.947368 -12
v 60 0.858947 -6.4
v 60 0.896842 -12
v 52 0.947368 -12
v 57.6 0.858947 -6.4
v 60 0.858947 -6.4
v 52 0.947368 -12
v 52 0.858947 -6.4
v 57.6 0.858947 -6.4
v 60 0.858947 2.4
v 58.4 0.858947 2.4
v 60 0.833684 4
v 58.4 0.858947 2.4
v 52 0.853895 4
v 60 0.833684 4
v 58.4 0.858947 2.4
v 52 0.858947 2.4
v 52 0.853895 4
v 52 0.853895 4
v 60 0.740842 12
v 60 0.833684 4
v 52 0.853895 4
v 52 0.786316 12
v 60 0.740842 12
v 52 0.786316 12
v 60 0.701053 15.6
v 60 0.740842 12
v 52 0.786316 12
v 55.6 0.701053 15.6
v 60 0.701053 15.6
v 52 0.786316 12
v 52 0.701053 15.6
v 55.6 0.701053 15.6
v 60 0.701053 24.4
v 56.4 0.701053 24.4
v 60 0.606632 28
v 56.4 0.701053 24.4
v 52 0.636947 28
v 60 0.606632 28
v 56.4 0.701053 24.4
v 52 0.701053 24.4
v 52 0.636947 28
v 52 0.636947 28
v 60 0.5 32
v 60 0.606632 28
v 52 0.636947 28
v 56 0.5 32
v 60 0.5 32
v 52 0.636947 28
v 52 0.5 32
v 56 0.5 32
v 60 0.5 80
v 56 0.5 80
v 60 0.360351 84
v 56 0.5 80
v 52 0.394035 84
v 60 0.360351 84
v 56 0.5 80
v 52 0.5 80
v 52 0.394035 84
v 52 0.394035 84
v 60 0.246316 91
v 60 0.360351 84
v 52 0.394035 84
v 59 0.252632 91
v 60 0.246316 91
v 60 0.246316 91
v 59 0.252632 91
v 60 -0.36 92
v 52 0.394035 84
v 52 0.296842 91
v 59 0.252632 91
v 59 0.252632 91
v 52 -0.309474 92
v 60 -0.36 92
v 59 0.252632 91
v 52 0.296842 91
v 52 -0.309474 92
v 60 0.233684 93
v 53 0.277895 93
v 60 0.189474 100
v 52 -0.309474 92
v 60 0.233684 93
v 60 -0.36 92
v 52 -0.309474 92
v 53 0.277895 93
v 60 0.233684 93
v 53 0.277895 93
v 52 0.24 100
v 60 0.189474 100
v 53 0.277895 93
v 52 0.284211 93
v 52 0.24 100
v 52 -0.309474 92
v 52 0.284211 93
v 53 0.277895 93
v 60 1.452632 -100
v 68 1.351579 -92
v 68 1.402105 -100
v 60 1.452632 -100
v 60 1.389858 -92
v 68 1.351579 -92
v 60 1.389858 -92
v 68 1.308459 -85.172683
v 68 1.351579 -92
v 60 1.389858 -92
v 65.802699 1.340907 -86.197301
v 68 1.308459 -85.172683
v 68 1.308459 -85.172683
v 65.802699 1.340907 -86.197301
v 68 1.301053 -84
v 60 1.389858 -92
v 60 1.361053 -88.903144
v 65.802699 1.340907 -86.197301
v 65.802699 1.340907 -86.197301
v 62.020632 1.361053 -84
v 68 1.301053 -84
v 65.802699 1.340907 -86.197301
v 63.537748 1.361053 -87.253465
v 62.020632 1.361053 -84
v 62.020632 1.361053 -84
v 68 1.250526 -76
v 68 1.301053 -84
v 62.020632 1.361053 -84
v 61.378041 1.361053 -82.621959
v 68 1.250526 -76
v 61.378041 1.361053 -82.621959
v 60 1.337808 -76
v 68 1.250526 -76
v 61.378041 1.361053 -82.621959
v 60 1.361053 -79.666741
v 60 1.337808 -76
v 60 1.337808 -76
v 68 1.2 -68
v 68 1.250526 -76
v 65.07475 1.218475 -68
v 60 1.267133 -70.366395
v 60 1.250526 -68
v 60 1.337808 -76
v 65.07475 1.218475 -68
v 68 1.2 -68
v 60 1.337808 -76
v 60 1.267133 -70.366395
v 65.07475 1.218475 -68
v 60 1.250526 -68
v 68 1.149474 -60
v 68 1.2 -68
v 60 1.250526 -68
v 60 1.2 -60
v 68 1.149474 -60
v 60 1.2 -60
v 68 1.098947 -52
v 68 1.149474 -60
v 60 1.2 -60
v 60 1.149474 -52
v 68 1.098947 -52
v 60 1.149474 -52
v 68 1.048421 -44
v 68 1.098947 -52
v 60 1.149474 -52
v 60 1.098947 -44
v 68 1.048421 -44
v 60 1.098947 -44
v 68 1.034848 -41.850855
v 68 1.048421 -44
v 60 1.098947 -44
v 63.710423 1.037597 -40.289577
v 68 1.034848 -41.850855
v 68 1.034848 -41.850855
v 63.710423 1.037597 -40.289577
v 68 0.997895 -36
v 60 1.098947 -44
v 60 1.010526 -38.939093
v 63.710423 1.037597 -40.289577
v 63.710423 1.037597 -40.289577
v 62.498561 1.010526 -36
v 68 0.997895 -36
v 63.710423 1.037597 -40.289577
v 61.261678 1.010526 -39.398307
v 62.498561 1.010526 -36
v 62.498561 1.010526 -36
v 68 0.972103 -28
v 68 0.997895 -36
v 62.498561 1.010526 -36
v 63.928371 1.010526 -32.071629
v 68 0.972103 -28
v 63.928371 1.010526 -32.071629
v 65.410323 1.010526 -28
v 68 0.972103 -28
v 65.410323 1.010526 -28
v 68 0.932116 -20.88492
v 68 0.972103 -28
v 67.007617 1.010526 -23.611471
v 68 0.904428 -20
v 68 0.932116 -20.88492
v 67.007617 1.010526 -23.611471
v 65.087423 1.010526 -22.912577
v 68 0.904428 -20
v 65.087423 1.010526 -22.912577
v 60 0.994785 -20
v 68 0.904428 -20
v 65.087423 1.010526 -22.912577
v 60 1.010526 -21.060907
v 60 0.994785 -20
v 60 0.994785 -20
v 68 0.846316 -12
v 68 0.904428 -20
v 60 0.994785 -20
v 60 0.896842 -12
v 68 0.846316 -12
v 60 0.896842 -12
v 68 0.815747 -6.4
v 68 0.846316 -12
v 60 0.896842 -12
v 65.6 0.849095 -6.4
v 68 0.815747 -6.4
v 68 0.815747 -6.4
v 65.6 0.849095 -6.4
v 68 0.802105 -4
v 60 0.896842 -12
v 60 0.858947 -6.4
v 65.6 0.849095 -6.4
v 65.6 0.849095 -6.4
v 64.4 0.858947 -4
v 68 0.802105 -4
v 65.6 0.849095 -6.4
v 64.4 0.858947 -6.4
v 64.4 0.858947 -4
v 64.4 0.858947 -4
v 68 0.739652 4
v 68 0.802105 -4
v 64.4 0.858947 -4
v 64.4 0.858947 0.4
v 68 0.739652 4
v 64.4 0.858947 0.4
v 64.4 0.822568 4
v 68 0.739652 4
v 64.4 0.858947 2.4
v 60 0.833684 4
v 64.4 0.822568 4
v 64.4 0.858947 2.4
v 60 0.858947 2.4
v 60 0.833684 4
v 60 0.833684 4
v 68 0.688105 12
v 68 0.739652 4
v 60 0.833684 4
v 60 0.740842 12
v 68 0.688105 12
v 60 0.740842 12
v 68 0.696695 15.6
v 68 0.688105 12
v 60 0.740842 12
v 63.6 0.701053 15.6
v 68 0.696695 15.6
v 68 0.696695 15.6
v 67.4 0.701053 19.4
v 68 0.692526 20
v 68 0.696695 15.6
v 67.4 0.701053 15.6
v 67.4 0.701053 19.4
v 60 0.740842 12
v 60 0.701053 15.6
v 63.6 0.701053 15.6
v 67.4 0.701053 19.4
v 67.4 0.701053 20
v 68 0.692526 20
v 67.4 0.701053 20
v 68 0.563684 28
v 68 0.692526 20
v 67.4 0.701053 20
v 67.4 0.608489 27.4
v 68 0.563684 28
v 67.4 0.701053 24.4
v 64.4 0.701053 24.4
v 67.4 0.608489 27.4
v 67.4 0.608489 27.4
v 67.4 0.578589 28
v 68 0.563684 28
v 64.4 0.701053 24.4
v 67.4 0.578589 28
v 67.4 0.608489 27.4
v 64.4 0.701053 24.4
v 60 0.606632 28
v 67.4 0.578589 28
v 64.4 0.701053 24.4
v 60 0.701053 24.4
v 60 0.606632 28
v 60 0.606632 28
v 68 0.5 32
v 68 0.563684 28
v 60 0.606632 28
v 64 0.5 32
v 68 0.5 32
v 60 0.606632 28
v 60 0.5 32
v 64 0.5 32
v 68 0.5 80
v 64 0.5 80
v 68 0.326667 84
v 64 0.5 80
v 60 0.360351 84
v 68 0.326667 84
v 64 0.5 80
v 60 0.5 80
v 60 0.360351 84
v 60 0.360351 84
v 68 0.195789 91
v 68 0.326667 84
v 60 0.360351 84
v 67 0.202105 91
v 68 0.195789 91
v 68 0.195789 91
v 67 0.202105 91
v 68 -0.410526 92
v 60 0.360351 84
v 60 0.246316 91
v 67 0.202105 91
v 67 0.202105 91
v 60 -0.36 92
v 68 -0.410526 92
v 67 0.202105 91
v 60 0.246316 91
v 60 -0.36 92
v 68 0.183158 93
v 61 0.227368 93
v 68 0.138947 100
v 60 -0.36 92
v 68 0.183158 93
v 68 -0.410526 92
v 60 -0.36 92
v 61 0.227368 93
v 68 0.183158 93
v 61 0.227368 93
v 60 0.189474 100
v 68 0.138947 100
v 61 0.227368 93
v 60 0.233684 93
v 60 0.189474 100
v 60 -0.36 92
v 60 0.233684 93
v 61 0.227368 93
v 68 1.402105 -100
v 76 1.301053 -92
v 76 1.351579 -100
v 68 1.402105 -100
v 68 1.351579 -92
v 76 1.301053 -92
v 68 1.351579 -92
v 76 1.250526 -84
v 76 1.301053 -92
v 68 1.351579 -92
v 68 1.301053 -84
v 76 1.250526 -84
v 68 1.301053 -84
v 76 1.2 -76
v 76 1.250526 -84
v 68 1.301053 -84
v 68 1.250526 -76
v 76 1.2 -76
v 68 1.250526 -76
v 76 1.13767 -68
v 76 1.2 -76
v 68 1.250526 -76
v 68 1.2 -68
v 76 1.13767 -68
v 68 1.2 -68
v 76 1.098947 -60
v 76 1.13767 -68
v 68 1.2 -68
v 68 1.149474 -60
v 76 1.098947 -60
v 68 1.149474 -60
v 76 1.048421 -52
v 76 1.098947 -60
v 68 1.149474 -60
v 68 1.098947 -52
v 76 1.048421 -52
v 68 1.098947 -52
v 76 0.997895 -44
v 76 1.048421 -52
v 68 1.098947 -52
v 68 1.048421 -44
v 76 0.997895 -44
v 68 1.048421 -44
v 76 0.947368 -36
v 76 0.997895 -44
v 68 1.048421 -44
v 68 0.997895 -36
v 76 0.947368 -36
v 68 0.997895 -36
v 76 0.896842 -28
v 76 0.947368 -36
v 68 0.997895 -36
v 68 0.972103 -28
v 76 0.896842 -28
v 68 0.972103 -28
v 76 0.846316 -20
v 76 0.896842 -28
v 68 0.972103 -28
v 68 0.904428 -20
v 76 0.846316 -20
v 68 0.904428 -20
v 76 0.795789 -12
v 76 0.846316 -20
v 68 0.904428 -20
v 68 0.846316 -12
v 76 0.795789 -12
v 68 0.846316 -12
v 76 0.745263 -4
v 76 0.795789 -12
v 68 0.846316 -12
v 68 0.802105 -4
v 76 0.745263 -4
v 68 0.802105 -4
v 76 0.688429 4
v 76 0.745263 -4
v 68 0.802105 -4
v 68 0.739652 4
v 76 0.688429 4
v 68 0.739652 4
v 70.6 0.675789 6.6
v 70.6 0.710274 4
v 70.6 0.710274 4
v 76 0.676168 6.6
v 76 0.688429 4
v 70.6 0.710274 4
v 70.6 0.675789 6.6
v 76 0.676168 6.6
v 76 0.676168 6.6
v 75.4 0.675789 11.4
v 76 0.671053 12
v 76 0.676168 6.6
v 75.4 0.675789 6.6
v 75.4 0.675789 11.4
v 68 0.739652 4
v 70.6 0.675789 12
v 70.6 0.675789 6.6
v 68 0.739652 4
v 68 0.688105 12
v 70.6 0.675789 12
v 75.4 0.675789 11.4
v 75.4 0.675789 12
v 76 0.671053 12
v 68 0.688105 12
v 70.6 0.671621 14.6
v 70.6 0.675789 12
v 75.4 0.675789 12
v 76 0.582316 20
v 76 0.671053 12
v 75.4 0.675789 12
v 75.4 0.589326 19.4
v 76 0.582316 20
v 75.4 0.675789 13.4
v 70.6 0.671621 14.6
v 75.4 0.589326 19.4
v 75.4 0.675789 13.4
v 70.6 0.675789 13.4
v 70.6 0.671621 14.6
v 68 0.688105 12
v 70.6 0.599762 20
v 70.6 0.671621 14.6
v 68 0.688105 12
v 68 0.692526 20
v 70.6 0.599762 20
v 75.4 0.589326 19.4
v 75.4 0.583832 20
v 76 0.582316 20
v 70.6 0.671621 14.6
v 75.4 0.583832 20
v 75.4 0.589326 19.4
v 70.6 0.671621 14.6
v 70.6 0.599762 20
v 75.4 0.583832 20
v 68 0.692526 20
v 71.6 0.574737 23.6
v 71.6 0.593432 20
v 71.6 0.593432 20
v 76 0.574737 21.6
v 76 0.582316 20
v 71.6 0.593432 20
v 71.6 0.574737 21.6
v 76 0.574737 21.6
v 68 0.692526 20
v 71.6 0.574737 28
v 71.6 0.574737 23.6
v 68 0.692526 20
v 68 0.563684 28
v 71.6 0.574737 28
v 68 0.563684 28
v 71.6 0.517519 31.6
v 71.6 0.574737 28
v 76 0.574737 28.4
v 72 0.5 32
v 76 0.5 32
v 76 0.574737 28.4
v 71.6 0.517519 31.6
v 72 0.5 32
v 76 0.574737 28.4
v 71.6 0.574737 28.4
v 71.6 0.517519 31.6
v 68 0.563684 28
v 71.6 0.5 32
v 71.6 0.517519 31.6
v 68 0.563684 28
v 68 0.5 32
v 71.6 0.5 32
v 71.6 0.517519 31.6
v 71.6 0.5 32
v 72 0.5 32
v 76 0.5 80
v 72 0.5 80
v 76 0.292982 84
v 72 0.5 80
v 68 0.326667 84
v 76 0.292982 84
v 72 0.5 80
v 68 0.5 80
v 68 0.326667 84
v 68 0.326667 84
v 76 0.145263 91
v 76 0.292982 84
v 68 0.326667 84
v 75 0.151579 91
v 76 0.145263 91
v 76 0.145263 91
v 75 0.151579 91
v 76 -0.461053 92
v 68 0.326667 84
v 68 0.195789 91
v 75 0.151579 91
v 75 0.151579 91
v 68 -0.410526 92
v 76 -0.461053 92
v 75 0.151579 91
v 68 0.195789 91
v 68 -0.410526 92
v 76 0.132632 93
v 69 0.176842 93
v 76 0.088421 100
v 68 -0.410526 92
v 76 0.132632 93
v 76 -0.461053 92
v 68 -0.410526 92
v 69 0.176842 93
v 76 0.132632 93
v 69 0.176842 93
v 68 0.138947 100
v 76 0.088421 100
v 69 0.176842 93
v 68 0.183158 93
v 68 0.138947 100
v 68 -0.410526 92
v 68 0.183158 93
v 69 0.176842 93
v 76 1.351579 -100
v 84 1.250526 -92
v 84 1.301053 -100
v 76 1.351579 -100
v 76 1.301053 -92
v 84 1.250526 -92
v 76 1.301053 -92
v 84 1.2 -84
v 84 1.250526 -92
v 76 1.301053 -92
v 76 1.250526 -84
v 84 1.2 -84
v 76 1.250526 -84
v 84 1.149474 -76
v 84 1.2 -84
v 76 1.250526 -84
v 76 1.2 -76
v 84 1.149474 -76
v 76 1.2 -76
v 77.264034 1.184033 -74.735966
v 76.972208 1.19386 -76
v 76.972208 1.19386 -76
v 84 1.110666 -69.642582
v 84 1.149474 -76
v 76.972208 1.19386 -76
v 82.665509 1.111841 -69.334491
v 84 1.110666 -69.642582
v 76.972208 1.19386 -76
v 77.264034 1.184033 -74.735966
v 82.665509 1.111841 -69.334491
v 84 1.110666 -69.642582
v 82.665509 1.111841 -69.334491
v 84 1.107638 -68
v 76 1.2 -76
v 78.819154 1.111579 -68
v 77.264034 1.184033 -74.735966
v 76 1.2 -76
v 76 1.13767 -68
v 78.819154 1.111579 -68
v 77.264034 1.184033 -74.735966
v 78.72129 1.111579 -68.423896
v 82.665509 1.111841 -69.334491
v 82.665509 1.111841 -69.334491
v 82.71911 1.111579 -68
v 84 1.107638 -68
v 82.665509 1.111841 -69.334491
v 82.423896 1.111579 -69.27871
v 82.71911 1.111579 -68
v 84 1.106603 -65.742627
v 79.334491 1.111317 -64.665509
v 84 1.048421 -60
v 76 1.13767 -68
v 79.576104 1.111579 -64.72129
v 78.819154 1.111579 -68
v 76 1.13767 -68
v 79.334491 1.111317 -64.665509
v 79.576104 1.111579 -64.72129
v 82.71911 1.111579 -68
v 84 1.106603 -65.742627
v 84 1.107638 -68
v 82.71911 1.111579 -68
v 83.27871 1.111579 -65.576104
v 84 1.106603 -65.742627
v 79.334491 1.111317 -64.665509
v 76 1.098947 -60
v 84 1.048421 -60
v 79.334491 1.111317 -64.665509
v 76 1.122564 -63.895681
v 76 1.098947 -60
v 76 1.13767 -68
v 76 1.122564 -63.895681
v 79.334491 1.111317 -64.665509
v 76 1.098947 -60
v 84 0.997895 -52
v 84 1.048421 -60
v 76 1.098947 -60
v 76 1.048421 -52
v 84 0.997895 -52
v 76 1.048421 -52
v 84 0.947368 -44
v 84 0.997895 -52
v 76 1.048421 -52
v 76 0.997895 -44
v 84 0.947368 -44
v 76 0.997895 -44
v 84 0.896842 -36
v 84 0.947368 -44
v 76 0.997895 -44
v 76 0.947368 -36
v 84 0.896842 -36
v 76 0.947368 -36
v 84 0.846316 -28
v 84 0.896842 -36
v 76 0.947368 -36
v 76 0.896842 -28
v 84 0.846316 -28
v 76 0.896842 -28
v 84 0.795789 -20
v 84 0.846316 -28
v 76 0.896842 -28
v 76 0.846316 -20
v 84 0.795789 -20
v 76 0.846316 -20
v 84 0.745263 -12
v 84 0.795789 -20
v 76 0.846316 -20
v 76 0.795789 -12
v 84 0.745263 -12
v 76 0.795789 -12
v 84 0.694737 -4
v 84 0.745263 -12
v 76 0.795789 -12
v 76 0.745263 -4
v 84 0.694737 -4
v 76 0.745263 -4
v 84 0.644211 4
v 84 0.694737 -4
v 76 0.745263 -4
v 76 0.688429 4
v 84 0.644211 4
v 76 0.688429 4
v 84 0.593684 12
v 84 0.644211 4
v 76 0.688429 4
v 76 0.671053 12
v 84 0.593684 12
v 76 0.671053 12
v 84 0.543158 20
v 84 0.593684 12
v 76 0.671053 12
v 76 0.582316 20
v 84 0.543158 20
v 76 0.582316 20
v 84 0.533053 21.6
v 84 0.543158 20
v 76 0.582316 20
v 77.6 0.574358 21.6
v 84 0.533053 21.6
v 84 0.533053 21.6
v 77.6 0.574358 21.6
v 84 0.495088 28
v 76 0.582316 20
v 76 0.574737 21.6
v 77.6 0.574358 21.6
v 77.6 0.574358 21.6
v 76.4 0.574737 28
v 84 0.495088 28
v 77.6 0.574358 21.6
v 76.4 0.574737 21.6
v 76.4 0.574737 28
v 76.4 0.574737 28
v 84 0.5 32
v 84 0.495088 28
v 76.4 0.574737 28
v 80 0.5 32
v 84 0.5 32
v 76.4 0.574737 28
v 76.4 0.574737 28.4
v 80 0.5 32
v 76.4 0.574737 28.4
v 76.4 0.5 32
v 80 0.5 32
v 76.4 0.574737 28.4
v 76 0.5 32
v 76.4 0.5 32
v 76.4 0.574737 28.4
v 76 0.574737 28.4
v 76 0.5 32
v 84 0.5 80
v 80 0.5 80
v 84 0.259298 84
v 80 0.5 80
v 76 0.292982 84
v 84 0.259298 84
v 80 0.5 80
v 76 0.5 80
v 76 0.292982 84
v 76 0.292982 84
v 84 0.094737 91
v 84 0.259298 84
v 76 0.292982 84
v 83 0.101053 91
v 84 0.094737 91
v 84 0.094737 91
v 83 0.101053 91
v 84 -0.511579 92
v 76 0.292982 84
v 76 0.145263 91
v 83 0.101053 91
v 83 0.101053 91
v 76 -0.461053 92
v 84 -0.511579 92
v 83 0.101053 91
v 76 0.145263 91
v 76 -0.461053 92
v 84 0.082105 93
v 77 0.126316 93
v 84 0.037895 100
v 76 -0.461053 92
v 84 0.082105 93
v 84 -0.511579 92
v 76 -0.461053 92
v 77 0.126316 93
v 84 0.082105 93
v 77 0.126316 93
v 76 0.088421 100
v 84 0.037895 100
v 77 0.126316 93
v 76 0.132632 93
v 76 0.088421 100
v 76 -0.461053 92
v 76 0.132632 93
v 77 0.126316 93
v 84 1.301053 -100
v 92 1.2 -92
v 92 1.250526 -100
v 84 1.301053 -100
v 84 1.250526 -92
v 92 1.2 -92
v 84 1.250526 -92
v 92 1.149474 -84
v 92 1.2 -92
v 84 1.250526 -92
v 84 1.2 -84
v 92 1.149474 -84
v 84 1.2 -84
v 92 1.098947 -76
v 92 1.149474 -84
v 84 1.2 -84
v 84 1.149474 -76
v 92 1.098947 -76
v 84 1.149474 -76
v 92 1.048421 -68
v 92 1.098947 -76
v 84 1.149474 -76
v 84 1.107638 -68
v 92 1.048421 -68
v 84 1.107638 -68
v 92 1.033295 -65.605
v 92 1.048421 -68
v 84 1.107638 -68
v 88.043529 1.047871 -63.956471
v 92 1.033295 -65.605
v 88.961538 1.039015 -63.472308
v 88.043529 1.047871 -63.956471
v 88.655294 1.040144 -63.344706
v 88.961538 1.039015 -63.472308
v 88.653846 1.045623 -64.210769
v 88.043529 1.047871 -63.956471
v 92 1.033295 -65.605
v 88.961538 1.039015 -63.472308
v 92 1.027821 -64.738333
v 92 1.033295 -65.605
v 88.653846 1.045623 -64.210769
v 88.961538 1.039015 -63.472308
v 89.271429 1.032361 -62.728571
v 88.961538 1.039015 -63.472308
v 88.655294 1.040144 -63.344706
v 92 1.027821 -64.738333
v 91.944769 0.998592 -60.055231
v 92 1.007488 -61.518861
v 92 1.027821 -64.738333
v 89.271429 1.032361 -62.728571
v 91.944769 0.998592 -60.055231
v 92 1.027821 -64.738333
v 88.961538 1.039015 -63.472308
v 89.271429 1.032361 -62.728571
v 92 1.007488 -61.518861
v 91.944769 0.998592 -60.055231
v 92 0.997895 -60
v 84 1.107638 -68
v 84 1.07031 -62.271667
v 88.043529 1.047871 -63.956471
v 88.043529 1.047871 -63.956471
v 84 1.057295 -61.405
v 88.655294 1.040144 -63.344706
v 88.043529 1.047871 -63.956471
v 84 1.07031 -62.271667
v 84 1.057295 -61.405
v 88.655294 1.040144 -63.344706
v 90.408333 1.007947 -60
v 89.271429 1.032361 -62.728571
v 88.655294 1.040144 -63.344706
v 84 1.048421 -60
v 90.408333 1.007947 -60
v 88.655294 1.040144 -63.344706
v 84 1.057295 -61.405
v 84 1.048421 -60
v 89.271429 1.032361 -62.728571
v 91.942684 0.998257 -60
v 91.944769 0.998592 -60.055231
v 89.271429 1.032361 -62.728571
v 90.408333 1.007947 -60
v 91.942684 0.998257 -60
v 91.944769 0.998592 -60.055231
v 91.942684 0.998257 -60
v 92 0.997895 -60
v 91.65386 0.951741 -52.34614
v 91.816082 0.977867 -56.645034
v 88.667059 0.989469 -55.332941
v 92 0.868651 -56.721667
v 91.65386 0.951741 -52.34614
v 92 0.732 -52
v 92 0.868651 -56.721667
v 91.816082 0.977867 -56.645034
v 91.65386 0.951741 -52.34614
v 91.807692 0.977898 -56.641538
v 88.055294 0.997196 -55.944706
v 88.667059 0.989469 -55.332941
v 91.807692 0.977898 -56.641538
v 91.5 0.984505 -57.38
v 88.055294 0.997196 -55.944706
v 91.816082 0.977867 -56.645034
v 91.5 0.984505 -57.38
v 91.807692 0.977898 -56.641538
v 91.816082 0.977867 -56.645034
v 91.849309 0.983218 -57.525545
v 91.5 0.984505 -57.38
v 92 0.982321 -57.588333
v 91.816082 0.977867 -56.645034
v 92 0.868651 -56.721667
v 92 0.982321 -57.588333
v 91.849309 0.983218 -57.525545
v 91.816082 0.977867 -56.645034
v 84 1.048421 -60
v 91.5 0.984505 -57.38
v 90.408333 1.007947 -60
v 84 1.048421 -60
v 88.055294 0.997196 -55.944706
v 91.5 0.984505 -57.38
v 90.408333 1.007947 -60
v 91.849309 0.983218 -57.525545
v 91.942684 0.998257 -60
v 90.408333 1.007947 -60
v 91.5 0.984505 -57.38
v 91.849309 0.983218 -57.525545
v 91.942684 0.998257 -60
v 92 0.982321 -57.588333
v 92 0.997895 -60
v 91.942684 0.998257 -60
v 91.849309 0.983218 -57.525545
v 92 0.982321 -57.588333
v 88.055294 0.997196 -55.944706
v 91.640798 0.949637 -52
v 91.65386 0.951741 -52.34614
v 88.055294 0.997196 -55.944706
v 84 0.997895 -52
v 91.640798 0.949637 -52
v 88.055294 0.997196 -55.944706
v 84 1.012137 -54.255
v 84 0.997895 -52
v 91.65386 0.951741 -52.34614
v 91.640798 0.949637 -52
v 92 0.732 -52
v 84 1.048421 -60
v 84 1.012137 -54.255
v 88.055294 0.997196 -55.944706
v 84 0.997895 -52
v 91.362951 0.904889 -44.637049
v 91.640798 0.949637 -52
v 91.640798 0.949637 -52
v 92 0.500471 -44
v 92 0.732 -52
v 91.640798 0.949637 -52
v 91.362951 0.904889 -44.637049
v 92 0.500471 -44
v 84 0.997895 -52
v 91.338911 0.901017 -44
v 91.362951 0.904889 -44.637049
v 84 0.997895 -52
v 84 0.947368 -44
v 91.338911 0.901017 -44
v 91.362951 0.904889 -44.637049
v 91.338911 0.901017 -44
v 92 0.500471 -44
v 84 0.947368 -44
v 91.072041 0.858037 -36.927959
v 91.338911 0.901017 -44
v 91.338911 0.901017 -44
v 92 0.268941 -36
v 92 0.500471 -44
v 91.338911 0.901017 -44
v 91.072041 0.858037 -36.927959
v 92 0.268941 -36
v 84 0.947368 -44
v 91.037024 0.852398 -36
v 91.072041 0.858037 -36.927959
v 84 0.947368 -44
v 84 0.896842 -36
v 91.037024 0.852398 -36
v 91.072041 0.858037 -36.927959
v 91.037024 0.852398 -36
v 92 0.268941 -36
v 92 0.24 -35
v 91.745455 0.351732 -28.254545
v 92 0.195789 -28
v 91 0.808421 -29
v 91 0.846554 -35.037736
v 84.72549 0.887678 -35.27451
v 92 0.24 -35
v 91 0.846554 -35.037736
v 91 0.846316 -35
v 92 0.24 -35
v 91 0.808421 -29
v 91.745455 0.351732 -28.254545
v 92 0.24 -35
v 91 0.846316 -35
v 91 0.808421 -29
v 84 0.896842 -36
v 91.000711 0.846549 -35.037709
v 91.037024 0.852398 -36
v 84 0.896842 -36
v 84.72549 0.887678 -35.27451
v 91.000711 0.846549 -35.037709
v 91.037024 0.852398 -36
v 92 0.24 -35
v 92 0.268941 -36
v 91.037024 0.852398 -36
v 91.000711 0.846549 -35.037709
v 92 0.24 -35
v 91.745455 0.351732 -28.254545
v 91.735849 0.355948 -28
v 92 0.195789 -28
v 84.72549 0.887678 -35.27451
v 91 0.802105 -28
v 91 0.808421 -29
v 84.72549 0.887678 -35.27451
v 84 0.846316 -28
v 91 0.802105 -28
v 84.72549 0.887678 -35.27451
v 84 0.892433 -35.301887
v 84 0.846316 -28
v 91 0.808421 -29
v 91.735849 0.355948 -28
v 91.745455 0.351732 -28.254545
v 91 0.808421 -29
v 91 0.802105 -28
v 91.735849 0.355948 -28
v 84 0.896842 -36
v 84 0.892433 -35.301887
v 84.72549 0.887678 -35.27451
v 84 0.846316 -28
v 91 0.757895 -21
v 91 0.802105 -28
v 91 0.802105 -28
v 92 0.145263 -20
v 92 0.195789 -28
v 91 0.802105 -28
v 91 0.757895 -21
v 92 0.145263 -20
v 84 0.846316 -28
v 91 0.751579 -20
v 91 0.757895 -21
v 84 0.846316 -28
v 84 0.795789 -20
v 91 0.751579 -20
v 91 0.757895 -21
v 91 0.751579 -20
v 92 0.145263 -20
v 84 0.795789 -20
v 91 0.707368 -13
v 91 0.751579 -20
v 91 0.751579 -20
v 92 0.094737 -12
v 92 0.145263 -20
v 91 0.751579 -20
v 91 0.707368 -13
v 92 0.094737 -12
v 84 0.795789 -20
v 91 0.701053 -12
v 91 0.707368 -13
v 84 0.795789 -20
v 84 0.745263 -12
v 91 0.701053 -12
v 91 0.707368 -13
v 91 0.701053 -12
v 92 0.094737 -12
v 84 0.745263 -12
v 91 0.656842 -5
v 91 0.701053 -12
v 91 0.701053 -12
v 92 0.044211 -4
v 92 0.094737 -12
v 91 0.701053 -12
v 91 0.656842 -5
v 92 0.044211 -4
v 84 0.745263 -12
v 91 0.650526 -4
v 91 0.656842 -5
v 84 0.745263 -12
v 84 0.694737 -4
v 91 0.650526 -4
v 91 0.656842 -5
v 91 0.650526 -4
v 92 0.044211 -4
v 84 0.694737 -4
v 91 0.606316 3
v 91 0.650526 -4
v 91 0.650526 -4
v 92 -0.006316 4
v 92 0.044211 -4
v 91 0.650526 -4
v 91 0.606316 3
v 92 -0.006316 4
v 84 0.694737 -4
v 91 0.6 4
v 91 0.606316 3
v 84 0.694737 -4
v 84 0.644211 4
v 91 0.6 4
v 91 0.606316 3
v 91 0.6 4
v 92 -0.006316 4
v 84 0.644211 4
v 91 0.555789 11
v 91 0.6 4
v 91 0.6 4
v 92 -0.056842 12
v 92 -0.006316 4
v 91 0.6 4
v 91 0.555789 11
v 92 -0.056842 12
v 84 0.644211 4
v 91 0.549474 12
v 91 0.555789 11
v 84 0.644211 4
v 84 0.593684 12
v 91 0.549474 12
v 91 0.555789 11
v 91 0.549474 12
v 92 -0.056842 12
v 84 0.593684 12
v 91 0.505263 19
v 91 0.549474 12
v 91 0.549474 12
v 92 -0.107368 20
v 92 -0.056842 12
v 91 0.549474 12
v 91 0.505263 19
v 92 -0.107368 20
v 84 0.593684 12
v 91 0.498947 20
v 91 0.505263 19
v 84 0.593684 12
v 84 0.543158 20
v 91 0.498947 20
v 91 0.505263 19
v 91 0.498947 20
v 92 -0.107368 20
v 84 0.543158 20
v 91 0.456012 27
v 91 0.498947 20
v 91 0.498947 20
v 92 -0.154584 28
v 92 -0.107368 20
v 91 0.498947 20
v 91 0.456012 27
v 92 -0.154584 28
v 84 0.543158 20
v 91 0.457018 28
v 91 0.456012 27
v 84 0.543158 20
v 84 0.495088 28
v 91 0.457018 28
v 91 0.456012 27
v 91 0.457018 28
v 92 -0.154584 28
v 84 0.495088 28
v 91 0.461579 32
v 91 0.457018 28
v 84 0.495088 28
v 88 0.5 32
v 91 0.461579 32
v 91 0.457018 28
v 92 -0.155439 32
v 92 -0.154584 28
v 91 0.457018 28
v 91 0.461579 32
v 92 -0.155439 32
v 92 -0.16807 35
v 91 0.452105 35
v 92 -0.172281 36
v 91 0.452105 35
v 91 0.461579 32
v 88 0.5 32
v 92 -0.155439 32
v 91 0.452105 35
v 92 -0.16807 35
v 92 -0.155439 32
v 91 0.461579 32
v 91 0.452105 35
v 84 0.495088 28
v 84 0.5 32
v 88 0.5 32
v 91 0.452105 35
v 88 0.5 36
v 91 0.448947 36
v 91 0.452105 35
v 88 0.5 35
v 88 0.5 36
v 91 0.452105 35
v 91 0.448947 36
v 92 -0.172281 36
v 88 0.5 32
v 88 0.5 35
v 91 0.452105 35
v 88 0.5 36
v 91 0.426842 43
v 91 0.448947 36
v 88 0.5 36
v 88 0.5 40
v 91 0.426842 43
v 91 0.448947 36
v 92 -0.205965 44
v 92 -0.172281 36
v 91 0.448947 36
v 91 0.426842 43
v 92 -0.205965 44
v 88 0.5 40
v 91 0.423684 44
v 91 0.426842 43
v 88 0.5 40
v 88 0.5 44
v 91 0.423684 44
v 91 0.426842 43
v 91 0.423684 44
v 92 -0.205965 44
v 88 0.5 44
v 91 0.401579 51
v 91 0.423684 44
v 88 0.5 44
v 88 0.5 48
v 91 0.401579 51
v 91 0.423684 44
v 92 -0.239649 52
v 92 -0.205965 44
v 91 0.423684 44
v 91 0.401579 51
v 92 -0.239649 52
v 88 0.5 48
v 91 0.398421 52
v 91 0.401579 51
v 88 0.5 48
v 88 0.5 52
v 91 0.398421 52
v 91 0.401579 51
v 91 0.398421 52
v 92 -0.239649 52
v 88 0.5 52
v 91 0.376316 59
v 91 0.398421 52
v 88 0.5 52
v 88 0.5 56
v 91 0.376316 59
v 91 0.398421 52
v 92 -0.273333 60
v 92 -0.239649 52
v 91 0.398421 52
v 91 0.376316 59
v 92 -0.273333 60
v 88 0.5 56
v 91 0.373158 60
v 91 0.376316 59
v 88 0.5 56
v 88 0.5 60
v 91 0.373158 60
v 91 0.376316 59
v 91 0.373158 60
v 92 -0.273333 60
v 88 0.5 60
v 91 0.351053 67
v 91 0.373158 60
v 88 0.5 60
v 88 0.5 64
v 91 0.351053 67
v 91 0.373158 60
v 92 -0.307018 68
v 92 -0.273333 60
v 91 0.373158 60
v 91 0.351053 67
v 92 -0.307018 68
v 88 0.5 64
v 91 0.347895 68
v 91 0.351053 67
v 88 0.5 64
v 88 0.5 68
v 91 0.347895 68
v 91 0.351053 67
v 91 0.347895 68
v 92 -0.307018 68
v 88 0.5 68
v 91 0.325789 75
v 91 0.347895 68
v 88 0.5 68
v 88 0.5 72
v 91 0.325789 75
v 91 0.347895 68
v 92 -0.340702 76
v 92 -0.307018 68
v 91 0.347895 68
v 91 0.325789 75
v 92 -0.340702 76
v 88 0.5 72
v 91 0.322632 76
v 91 0.325789 75
v 88 0.5 72
v 88 0.5 76
v 91 0.322632 76
v 91 0.325789 75
v 91 0.322632 76
v 92 -0.340702 76
v 88 0.5 76
v 91 0.217902 83
v 91 0.322632 76
v 88 0.5 76
v 88 0.5 80
v 91 0.217902 83
v 91 0.322632 76
v 92 -0.48804 84
v 92 -0.340702 76
v 91 0.322632 76
v 91 0.217902 83
v 92 -0.48804 84
v 88 0.5 80
v 91 0.162281 84
v 91 0.217902 83
v 88 0.5 80
v 88 0.242456 84
v 91 0.162281 84
v 91 0.217902 83
v 91 0.162281 84
v 92 -0.48804 84
v 88 0.5 80
v 84 0.259298 84
v 88 0.242456 84
v 88 0.5 80
v 84 0.5 80
v 84 0.259298 84
v 84 0.259298 84
v 91 0.050526 91
v 91 0.162281 84
v 91 0.162281 84
v 92 -0.555789 91
v 92 -0.48804 84
v 91 0.162281 84
v 91 0.050526 91
v 92 -0.555789 91
v 92 -0.555789 91
v 91 0.050526 91
v 92 -0.562105 92
v 84 0.259298 84
v 84 0.094737 91
v 91 0.050526 91
v 91 0.050526 91
v 84 -0.511579 92
v 91 -0.555789 92
v 91 0.050526 91
v 84 0.094737 91
v 84 -0.511579 92
v 91 0.050526 91
v 91 -0.555789 92
v 92 -0.562105 92
v 92 0.031579 93
v 85 0.075789 93
v 92 0 100
v 84 -0.511579 92
v 92 0.031579 93
v 92 -0.562105 92
v 84 -0.511579 92
v 85 0.075789 93
v 92 0.031579 93
v 85 0.075789 93
v 84 0.037895 100
v 92 0 100
v 85 0.075789 93
v 84 0.082105 93
v 84 0.037895 100
v 84 -0.511579 92
v 84 0.082105 93
v 85 0.075789 93
v 92 1.250526 -100
v 100 1.149474 -92
v 100 1.2 -100
v 92 1.250526 -100
v 92 1.2 -92
v 100 1.149474 -92
v 95.151655 1.180095 -92
v 100 1.098947 -84
v 100 1.149474 -92
v 95.151655 1.180095 -92
v 95.037049 1.161637 -88.962951
v 100 1.098947 -84
v 92 1.2 -92
v 94.072727 1.173818 -89.927273
v 94.150943 1.186415 -92
v 94.150943 1.186415 -92
v 95.037049 1.161637 -88.962951
v 95.151655 1.180095 -92
v 94.150943 1.186415 -92
v 94.072727 1.173818 -89.927273
v 95.037049 1.161637 -88.962951
v 95.037049 1.161637 -88.962951
v 94.849768 1.131475 -84
v 100 1.098947 -84
v 92 1.2 -92
v 92.848345 1.144116 -84
v 93.108405 1.185999 -90.891595
v 92 1.2 -92
v 92 1.149474 -84
v 92.848345 1.144116 -84
v 93.108405 1.185999 -90.891595
v 94 0.562105 -88
v 94.072727 1.173818 -89.927273
v 93.108405 1.185999 -90.891595
v 93.000711 1.168655 -88.037709
v 94 0.562105 -88
v 94 0.562105 -88
v 92.848345 1.144116 -84
v 93.849057 0.537795 -84
v 94 0.562105 -88
v 93.000711 1.168655 -88.037709
v 92.848345 1.144116 -84
v 94.072727 1.173818 -89.927273
v 94.999289 1.155556 -87.962291
v 95.037049 1.161637 -88.962951
v 94.072727 1.173818 -89.927273
v 94 0.562105 -88
v 94.999289 1.155556 -87.962291
v 94.999289 1.155556 -87.962291
v 93.849057 0.537795 -84
v 94.849768 1.131475 -84
v 94.999289 1.155556 -87.962291
v 94 0.562105 -88
v 93.849057 0.537795 -84
v 94.849768 1.131475 -84
v 100 1.048421 -76
v 100 1.098947 -84
v 94.849768 1.131475 -84
v 94.74614 1.114786 -81.25386
v 100 1.048421 -76
v 92 1.149474 -84
v 92.817496 1.139147 -83.182504
v 92.848345 1.144116 -84
v 92.848345 1.144116 -84
v 93.781818 0.526967 -82.218182
v 93.849057 0.537795 -84
v 92.848345 1.144116 -84
v 92.817496 1.139147 -83.182504
v 93.781818 0.526967 -82.218182
v 93.849057 0.537795 -84
v 94.74614 1.114786 -81.25386
v 94.849768 1.131475 -84
v 93.849057 0.537795 -84
v 93.781818 0.526967 -82.218182
v 94.74614 1.114786 -81.25386
v 94.74614 1.114786 -81.25386
v 94.547882 1.082855 -76
v 100 1.048421 -76
v 92 1.149474 -84
v 92.546458 1.095496 -76
v 92.817496 1.139147 -83.182504
v 92 1.149474 -84
v 92 1.098947 -76
v 92.546458 1.095496 -76
v 92.817496 1.139147 -83.182504
v 93.54717 0.489176 -76
v 93.781818 0.526967 -82.218182
v 92.817496 1.139147 -83.182504
v 92.546458 1.095496 -76
v 93.54717 0.489176 -76
v 93.781818 0.526967 -82.218182
v 94.547882 1.082855 -76
v 94.74614 1.114786 -81.25386
v 93.781818 0.526967 -82.218182
v 93.54717 0.489176 -76
v 94.547882 1.082855 -76
v 94.547882 1.082855 -76
v 100 0.997895 -68
v 100 1.048421 -76
v 94.547882 1.082855 -76
v 94.455231 1.067934 -73.544769
v 100 0.997895 -68
v 92 1.098947 -76
v 92.526587 1.092296 -75.473413
v 92.546458 1.095496 -76
v 92.546458 1.095496 -76
v 93.490909 0.480115 -74.509091
v 93.54717 0.489176 -76
v 92.546458 1.095496 -76
v 92.526587 1.092296 -75.473413
v 93.490909 0.480115 -74.509091
v 93.54717 0.489176 -76
v 94.455231 1.067934 -73.544769
v 94.547882 1.082855 -76
v 93.54717 0.489176 -76
v 93.490909 0.480115 -74.509091
v 94.455231 1.067934 -73.544769
v 94.455231 1.067934 -73.544769
v 94.245995 1.034236 -68
v 100 0.997895 -68
v 92 1.098947 -76
v 92.244571 1.046876 -68
v 92.526587 1.092296 -75.473413
v 92 1.098947 -76
v 92 1.048421 -68
v 92.244571 1.046876 -68
v 92.526587 1.092296 -75.473413
v 93.245283 0.440556 -68
v 93.490909 0.480115 -74.509091
v 92.526587 1.092296 -75.473413
v 92.244571 1.046876 -68
v 93.245283 0.440556 -68
v 93.490909 0.480115 -74.509091
v 94.245995 1.034236 -68
v 94.455231 1.067934 -73.544769
v 93.490909 0.480115 -74.509091
v 93.245283 0.440556 -68
v 94.245995 1.034236 -68
v 94.245995 1.034236 -68
v 94.190052 1.025226 -66.517522
v 97.748 1.012118 -68
v 92 1.048421 -68
v 92.235678 1.045444 -67.764322
v 92.244571 1.046876 -68
v 92.244571 1.046876 -68
v 93.2 0.433263 -66.8
v 93.245283 0.440556 -68
v 92.244571 1.046876 -68
v 92.235678 1.045444 -67.764322
v 93.2 0.433263 -66.8
v 93.245283 0.440556 -68
v 94.190052 1.025226 -66.517522
v 94.245995 1.034236 -68
v 93.245283 0.440556 -68
v 93.690588 0.733443 -66.309412
v 94.190052 1.025226 -66.517522
v 93.245283 0.440556 -68
v 93.2 0.433263 -66.8
v 93.690588 0.733443 -66.309412
v 97.748 1.012118 -68
v 94.5 1.018611 -65.78
v 99.828 0.998981 -68
v 97.748 1.012118 -68
v 94.192308 1.025218 -66.518462
v 94.5 1.018611 -65.78
v 94.5 1.018611 -65.78
v 94.164322 1.021082 -65.835678
v 94.302353 1.019339 -65.697647
v 94.5 1.018611 -65.78
v 94.190052 1.025226 -66.517522
v 94.164322 1.021082 -65.835678
v 94.5 1.018611 -65.78
v 94.192308 1.025218 -66.518462
v 94.190052 1.025226 -66.517522
v 94.164322 1.021082 -65.835678
v 94.190052 1.025226 -66.517522
v 93.690588 0.733443 -66.309412
v 99.828 0.998981 -68
v 100 0.947368 -60
v 100 0.997895 -68
v 99.828 0.998981 -68
v 94.7 1.014316 -65.3
v 100 0.947368 -60
v 99.828 0.998981 -68
v 94.5 1.018611 -65.78
v 94.7 1.014316 -65.3
v 94.7 1.014316 -65.3
v 94.5 1.018611 -65.78
v 94.302353 1.019339 -65.697647
v 92 1.048421 -68
v 92.156657 1.032718 -65.670274
v 92.235678 1.045444 -67.764322
v 92 1.048421 -68
v 92 1.033295 -65.605
v 92.156657 1.032718 -65.670274
v 92.235678 1.045444 -67.764322
v 93.173355 0.43128 -66.093898
v 93.2 0.433263 -66.8
v 92.235678 1.045444 -67.764322
v 92.156657 1.032718 -65.670274
v 93.173355 0.43128 -66.093898
v 93.2 0.433263 -66.8
v 93.173355 0.43128 -66.093898
v 93.690588 0.733443 -66.309412
v 94.164322 1.021082 -65.835678
v 94.156825 1.019875 -65.637011
v 94.302353 1.019339 -65.697647
v 92.12343 1.027366 -64.789763
v 92 1.033295 -65.605
v 92 1.027821 -64.738333
v 92.12343 1.027366 -64.789763
v 92.156657 1.032718 -65.670274
v 92 1.033295 -65.605
v 93.140128 1.023621 -65.213387
v 92.156657 1.032718 -65.670274
v 92.12343 1.027366 -64.789763
v 93.140128 1.023621 -65.213387
v 93.173355 0.43128 -66.093898
v 92.156657 1.032718 -65.670274
v 93.690588 0.733443 -66.309412
v 94.156825 1.019875 -65.637011
v 94.164322 1.021082 -65.835678
v 93.690588 0.733443 -66.309412
v 93.140128 1.023621 -65.213387
v 94.156825 1.019875 -65.637011
v 93.690588 0.733443 -66.309412
v 93.173355 0.43128 -66.093898
v 93.140128 1.023621 -65.213387
v 94.7 1.014316 -65.3
v 96.908333 0.966895 -60
v 100 0.947368 -60
v 94.302353 1.019339 -65.697647
v 96.908333 0.966895 -60
v 94.7 1.014316 -65.3
v 94.302353 1.019339 -65.697647
v 93.944108 0.985616 -60
v 96.908333 0.966895 -60
v 94.302353 1.019339 -65.697647
v 94.156825 1.019875 -65.637011
v 93.944108 0.985616 -60
v 92 1.007488 -61.518861
v 92.12343 1.027366 -64.789763
v 92 1.027821 -64.738333
v 92.943396 0.991936 -60
v 92 1.007488 -61.518861
v 92 0.997895 -60
v 92.943396 0.991936 -60
v 92.12343 1.027366 -64.789763
v 92 1.007488 -61.518861
v 92.943396 0.991936 -60
v 93.140128 1.023621 -65.213387
v 92.12343 1.027366 -64.789763
v 93.944108 0.985616 -60
v 93.140128 1.023621 -65.213387
v 92.943396 0.991936 -60
v 93.944108 0.985616 -60
v 94.156825 1.019875 -65.637011
v 93.140128 1.023621 -65.213387
v 96.908333 0.966895 -60
v 100 0.900505 -52.58
v 100 0.947368 -60
v 97.346154 0.957493 -58.949231
v 100 0.896842 -52
v 100 0.900505 -52.58
v 97.346154 0.957493 -58.949231
v 94.314118 0.968664 -57.685882
v 100 0.896842 -52
v 97.038462 0.9641 -59.687692
v 94.314118 0.968664 -57.685882
v 97.346154 0.957493 -58.949231
v 97.038462 0.9641 -59.687692
v 93.873413 0.974231 -58.126587
v 94.314118 0.968664 -57.685882
v 97.038462 0.9641 -59.687692
v 93.882704 0.975727 -58.372793
v 93.873413 0.974231 -58.126587
v 93.873413 0.974231 -58.126587
v 93.882704 0.975727 -58.372793
v 93.702353 0.975982 -58.297647
v 93.944108 0.985616 -60
v 97.038462 0.9641 -59.687692
v 96.908333 0.966895 -60
v 93.944108 0.985616 -60
v 93.882704 0.975727 -58.372793
v 97.038462 0.9641 -59.687692
v 92 0.997895 -60
v 92.909091 0.986411 -59.090909
v 92.943396 0.991936 -60
v 92.943396 0.991936 -60
v 93.882704 0.975727 -58.372793
v 93.944108 0.985616 -60
v 92.943396 0.991936 -60
v 93.702353 0.975982 -58.297647
v 93.882704 0.975727 -58.372793
v 92.943396 0.991936 -60
v 92.909091 0.986411 -59.090909
v 93.702353 0.975982 -58.297647
v 94.314118 0.968664 -57.685882
v 93.642221 0.936996 -52
v 100 0.896842 -52
v 94.314118 0.968664 -57.685882
v 93.849477 0.970376 -57.492282
v 93.642221 0.936996 -52
v 92.641509 0.343317 -52
v 92 0.868651 -56.721667
v 92 0.732 -52
v 92.641509 0.343317 -52
v 92.83278 0.374121 -57.068658
v 92 0.868651 -56.721667
v 93.642221 0.936996 -52
v 92.83278 0.374121 -57.068658
v 92.641509 0.343317 -52
v 93.642221 0.936996 -52
v 93.849477 0.970376 -57.492282
v 92.83278 0.374121 -57.068658
v 93.873413 0.974231 -58.126587
v 93.849477 0.970376 -57.492282
v 94.314118 0.968664 -57.685882
v 92.83278 0.374121 -57.068658
v 92 0.982321 -57.588333
v 92 0.868651 -56.721667
v 92.83278 0.374121 -57.068658
v 92.866006 0.977165 -57.949169
v 92 0.982321 -57.588333
v 93.702353 0.975982 -58.297647
v 93.849477 0.970376 -57.492282
v 93.873413 0.974231 -58.126587
v 93.702353 0.975982 -58.297647
v 92.83278 0.374121 -57.068658
v 93.849477 0.970376 -57.492282
v 93.702353 0.975982 -58.297647
v 92.866006 0.977165 -57.949169
v 92.83278 0.374121 -57.068658
v 92 0.997895 -60
v 92.866006 0.977165 -57.949169
v 92.909091 0.986411 -59.090909
v 92 0.997895 -60
v 92 0.982321 -57.588333
v 92.866006 0.977165 -57.949169
v 92.909091 0.986411 -59.090909
v 92.866006 0.977165 -57.949169
v 93.702353 0.975982 -58.297647
v 93.642221 0.936996 -52
v 100 0.846316 -44
v 100 0.896842 -52
v 93.642221 0.936996 -52
v 93.582504 0.927379 -50.417496
v 100 0.846316 -44
v 92 0.732 -52
v 92.618182 0.33956 -51.381818
v 92.641509 0.343317 -52
v 92.641509 0.343317 -52
v 93.582504 0.927379 -50.417496
v 93.642221 0.936996 -52
v 92.641509 0.343317 -52
v 92.618182 0.33956 -51.381818
v 93.582504 0.927379 -50.417496
v 93.582504 0.927379 -50.417496
v 93.340334 0.888377 -44
v 100 0.846316 -44
v 92 0.732 -52
v 92.339623 0.294697 -44
v 92.618182 0.33956 -51.381818
v 92 0.732 -52
v 92 0.500471 -44
v 92.339623 0.294697 -44
v 92.618182 0.33956 -51.381818
v 93.340334 0.888377 -44
v 93.582504 0.927379 -50.417496
v 92.618182 0.33956 -51.381818
v 92.339623 0.294697 -44
v 93.340334 0.888377 -44
v 93.340334 0.888377 -44
v 100 0.795789 -36
v 100 0.846316 -44
v 93.340334 0.888377 -44
v 93.291595 0.880527 -42.708405
v 100 0.795789 -36
v 92 0.500471 -44
v 92.327273 0.292708 -43.672727
v 92.339623 0.294697 -44
v 92.339623 0.294697 -44
v 93.291595 0.880527 -42.708405
v 93.340334 0.888377 -44
v 92.339623 0.294697 -44
v 92.327273 0.292708 -43.672727
v 93.291595 0.880527 -42.708405
v 93.291595 0.880527 -42.708405
v 93.038448 0.839757 -36
v 100 0.795789 -36
v 92 0.500471 -44
v 92.037736 0.246077 -36
v 92.327273 0.292708 -43.672727
v 92 0.500471 -44
v 92 0.268941 -36
v 92.037736 0.246077 -36
v 92.327273 0.292708 -43.672727
v 93.038448 0.839757 -36
v 93.291595 0.880527 -42.708405
v 92.327273 0.292708 -43.672727
v 92.037736 0.246077 -36
v 93.038448 0.839757 -36
v 93.038448 0.839757 -36
v 100 0.745263 -28
v 100 0.795789 -36
v 93.038448 0.839757 -36
v 93.000686 0.833676 -34.999314
v 100 0.745263 -28
v 92 0.268941 -36
v 92.036364 0.245856 -35.963636
v 92.037736 0.246077 -36
v 93 0.816948 -36
v 93.000686 0.833676 -34.999314
v 93.038448 0.839757 -36
v 93 0.816948 -36
v 93 0.833257 -35
v 93.000686 0.833676 -34.999314
v 92.037736 0.246077 -36
v 93 0.833257 -35
v 93 0.816948 -36
v 92.037736 0.246077 -36
v 92.036364 0.245856 -35.963636
v 93 0.833257 -35
v 93.000686 0.833676 -34.999314
v 93 0.789474 -28
v 100 0.745263 -28
v 93.000686 0.833676 -34.999314
v 93 0.833565 -34.981139
v 93 0.789474 -28
v 93 0.789474 -28
v 93 0.833565 -34.981139
v 92.736561 0.633074 -28
v 92.999289 0.833024 -34.962291
v 92 0.195789 -28
v 92.736561 0.633074 -28
v 92.999289 0.833024 -34.962291
v 92 0.24 -35
v 92 0.195789 -28
v 92 0.268941 -36
v 92 0.24 -35
v 92.036364 0.245856 -35.963636
v 93 0.833257 -35
v 93 0.833565 -34.981139
v 93.000686 0.833676 -34.999314
v 92.036364 0.245856 -35.963636
v 92 0.24 -35
v 93 0.833257 -35
v 93 0.833257 -35
v 92.999289 0.833024 -34.962291
v 93 0.833565 -34.981139
v 93 0.833257 -35
v 92 0.24 -35
v 92.999289 0.833024 -34.962291
v 93 0.789474 -28
v 100 0.694737 -20
v 100 0.745263 -28
v 93 0.789474 -28
v 93 0.783158 -27
v 100 0.694737 -20
v 92 0.195789 -28
v 93 0.783158 -27
v 93 0.789474 -28
v 93 0.783158 -27
v 93 0.738947 -20
v 100 0.694737 -20
v 92 0.195789 -28
v 93 0.738947 -20
v 93 0.783158 -27
v 92 0.195789 -28
v 92 0.145263 -20
v 93 0.738947 -20
v 93 0.738947 -20
v 100 0.644211 -12
v 100 0.694737 -20
v 93 0.738947 -20
v 93 0.732632 -19
v 100 0.644211 -12
v 92 0.145263 -20
v 93 0.732632 -19
v 93 0.738947 -20
v 93 0.732632 -19
v 93 0.688421 -12
v 100 0.644211 -12
v 92 0.145263 -20
v 93 0.688421 -12
v 93 0.732632 -19
v 92 0.145263 -20
v 92 0.094737 -12
v 93 0.688421 -12
v 93 0.688421 -12
v 100 0.593684 -4
v 100 0.644211 -12
v 93 0.688421 -12
v 93 0.682105 -11
v 100 0.593684 -4
v 92 0.094737 -12
v 93 0.682105 -11
v 93 0.688421 -12
v 93 0.682105 -11
v 93 0.637895 -4
v 100 0.593684 -4
v 92 0.094737 -12
v 93 0.637895 -4
v 93 0.682105 -11
v 92 0.094737 -12
v 92 0.044211 -4
v 93 0.637895 -4
v 93 0.637895 -4
v 100 0.543158 4
v 100 0.593684 -4
v 93 0.637895 -4
v 93 0.631579 -3
v 100 0.543158 4
v 92 0.044211 -4
v 93 0.631579 -3
v 93 0.637895 -4
v 93 0.631579 -3
v 93 0.587368 4
v 100 0.543158 4
v 92 0.044211 -4
v 93 0.587368 4
v 93 0.631579 -3
v 92 0.044211 -4
v 92 -0.006316 4
v 93 0.587368 4
v 93 0.587368 4
v 100 0.492632 12
v 100 0.543158 4
v 93 0.587368 4
v 93 0.581053 5
v 100 0.492632 12
v 92 -0.006316 4
v 93 0.581053 5
v 93 0.587368 4
v 93 0.581053 5
v 93 0.536842 12
v 100 0.492632 12
v 92 -0.006316 4
v 93 0.536842 12
v 93 0.581053 5
v 92 -0.006316 4
v 92 -0.056842 12
v 93 0.536842 12
v 93 0.536842 12
v 100 0.442105 20
v 100 0.492632 12
v 93 0.536842 12
v 93 0.530526 13
v 100 0.442105 20
v 92 -0.056842 12
v 93 0.530526 13
v 93 0.536842 12
v 93 0.530526 13
v 93 0.486316 20
v 100 0.442105 20
v 92 -0.056842 12
v 93 0.486316 20
v 93 0.530526 13
v 92 -0.056842 12
v 92 -0.107368 20
v 93 0.486316 20
v 93 0.486316 20
v 100 0.391579 28
v 100 0.442105 20
v 93 0.486316 20
v 93 0.48 21
v 100 0.391579 28
v 92 -0.107368 20
v 93 0.48 21
v 93 0.486316 20
v 93 0.48 21
v 93 0.435789 28
v 100 0.391579 28
v 92 -0.107368 20
v 93 0.435789 28
v 93 0.48 21
v 92 -0.107368 20
v 92 -0.154584 28
v 93 0.435789 28
v 93 0.435789 28
v 100 0.341053 36
v 100 0.391579 28
v 93 0.435789 28
v 93 0.431461 29
v 100 0.341053 36
v 92 -0.154584 28
v 93 0.431461 29
v 93 0.435789 28
v 93 0.431461 29
v 93 0.404386 36
v 100 0.341053 36
v 93 0.409649 35
v 92 -0.172281 36
v 93 0.404386 36
v 93 0.409649 35
v 92 -0.16807 35
v 92 -0.172281 36
v 92 -0.154584 28
v 93 0.409649 35
v 93 0.431461 29
v 92 -0.154584 28
v 92 -0.16807 35
v 93 0.409649 35
v 93 0.404386 36
v 100 0.290526 44
v 100 0.341053 36
v 93 0.404386 36
v 93 0.399123 37
v 100 0.290526 44
v 92 -0.172281 36
v 93 0.399123 37
v 93 0.404386 36
v 93 0.399123 37
v 93 0.362281 44
v 100 0.290526 44
v 92 -0.172281 36
v 93 0.362281 44
v 93 0.399123 37
v 92 -0.172281 36
v 92 -0.205965 44
v 93 0.362281 44
v 93 0.362281 44
v 100 0.24 52
v 100 0.290526 44
v 93 0.362281 44
v 93 0.357018 45
v 100 0.24 52
v 92 -0.205965 44
v 93 0.357018 45
v 93 0.362281 44
v 93 0.357018 45
v 93 0.320175 52
v 100 0.24 52
v 92 -0.205965 44
v 93 0.320175 52
v 93 0.357018 45
v 92 -0.205965 44
v 92 -0.239649 52
v 93 0.320175 52
v 93 0.320175 52
v 100 0.189474 60
v 100 0.24 52
v 93 0.320175 52
v 93 0.314912 53
v 100 0.189474 60
v 92 -0.239649 52
v 93 0.314912 53
v 93 0.320175 52
v 93 0.314912 53
v 93 0.27807 60
v 100 0.189474 60
v 92 -0.239649 52
v 93 0.27807 60
v 93 0.314912 53
v 92 -0.239649 52
v 92 -0.273333 60
v 93 0.27807 60
v 93 0.27807 60
v 100 0.138947 68
v 100 0.189474 60
v 93 0.27807 60
v 93 0.272807 61
v 100 0.138947 68
v 92 -0.273333 60
v 93 0.272807 61
v 93 0.27807 60
v 93 0.272807 61
v 93 0.235965 68
v 100 0.138947 68
v 92 -0.273333 60
v 93 0.235965 68
v 93 0.272807 61
v 92 -0.273333 60
v 92 -0.307018 68
v 93 0.235965 68
v 93 0.235965 68
v 100 0.088421 76
v 100 0.138947 68
v 93 0.235965 68
v 93 0.230702 69
v 100 0.088421 76
v 92 -0.307018 68
v 93 0.230702 69
v 93 0.235965 68
v 93 0.230702 69
v 93 0.19386 76
v 100 0.088421 76
v 92 -0.307018 68
v 93 0.19386 76
v 93 0.230702 69
v 92 -0.307018 68
v 92 -0.340702 76
v 93 0.19386 76
v 93 0.19386 76
v 100 0.037895 84
v 100 0.088421 76
v 93 0.19386 76
v 93 0.188596 77
v 100 0.037895 84
v 92 -0.340702 76
v 93 0.188596 77
v 93 0.19386 76
v 93 0.188596 77
v 93 0.082105 84
v 100 0.037895 84
v 92 -0.340702 76
v 93 0.082105 84
v 93 0.188596 77
v 92 -0.340702 76
v 92 -0.48804 84
v 93 0.082105 84
v 93 0.082105 84
v 100 0 91
v 100 0.037895 84
v 93 0.082105 84
v 99 0 91
v 100 0 91
v 93 0.082105 84
v 93 0.075789 85
v 99 0 91
v 92 -0.48804 84
v 93 0.075789 85
v 93 0.082105 84
v 100 0 91
v 99 0 91
v 100 0 92
v 93 0.075789 85
v 93 0.037895 91
v 99 0 91
v 92 -0.48804 84
v 93 0.037895 91
v 93 0.075789 85
v 92 -0.48804 84
v 92 -0.555789 91
v 93 0.037895 91
v 99 0 91
v 93 0.031579 92
v 100 0 92
v 99 0 91
v 93 0.037895 91
v 93 0.031579 92
v 93 0.031579 92
v 92 -0.555789 91
v 92 -0.562105 92
v 93 0.031579 92
v 93 0.037895 91
v 92 -0.555789 91
v 93 0.031579 92
v 100 0 100
v 100 0 92
v 93 0.031579 92
v 93 0.025263 93
v 100 0 100
v 92 -0.562105 92
v 93 0.025263 93
v 93 0.031579 92
v 93 0.025263 93
v 93 0 100
v 100 0 100
v 92 -0.562105 92
v 93 0 100
v 93 0.025263 93
v 92 -0.562105 92
v 92 0 100
v 93 0 100
v 28 0.5 32
v 24 0.5 32
v 28 0.5 36
v 24 0.5 32
v 24 0.5 36
v 28 0.5 36
v 24 0.5 36
v 28 0.5 44
v 28 0.5 36
v 24 0.5 36
v 24 0.5 40
v 28 0.5 44
v 24 0.5 40
v 24 0.5 44
v 28 0.5 44
v 24 0.5 44
v 28 0.5 52
v 28 0.5 44
v 24 0.5 44
v 24 0.5 48
v 28 0.5 52
v 24 0.5 48
v 24 0.5 52
v 28 0.5 52
v 24 0.5 52
v 28 0.5 60
v 28 0.5 52
v 24 0.5 52
v 24 0.5 56
v 28 0.5 60
v 24 0.5 56
v 24 0.5 60
v 28 0.5 60
v 24 0.5 60
v 28 0.5 68
v 28 0.5 60
v 24 0.5 60
v 24 0.5 64
v 28 0.5 68
v 24 0.5 64
v 24 0.5 68
v 28 0.5 68
v 24 0.5 68
v 28 0.5 76
v 28 0.5 68
v 24 0.5 68
v 24 0.5 72
v 28 0.5 76
v 24 0.5 72
v 24 0.5 76
v 28 0.5 76
v 24 0.5 76
v 28 0.5 80
v 28 0.5 76
v 24 0.5 76
v 24 0.5 80
v 28 0.5 80
v 36 0.5 32
v 32 0.5 32
v 36 0.5 36
v 32 0.5 32
v 28 0.5 36
v 36 0.5 36
v 32 0.5 32
v 28 0.5 32
v 28 0.5 36
v 28 0.5 36
v 36 0.5 44
v 36 0.5 36
v 28 0.5 36
v 28 0.5 44
v 36 0.5 44
v 28 0.5 44
v 36 0.5 52
v 36 0.5 44
v 28 0.5 44
v 28 0.5 52
v 36 0.5 52
v 28 0.5 52
v 36 0.5 60
v 36 0.5 52
v 28 0.5 52
v 28 0.5 60
v 36 0.5 60
v 28 0.5 60
v 36 0.5 68
v 36 0.5 60
v 28 0.5 60
v 28 0.5 68
v 36 0.5 68
v 28 0.5 68
v 36 0.5 76
v 36 0.5 68
v 28 0.5 68
v 28 0.5 76
v 36 0.5 76
v 28 0.5 76
v 36 0.5 80
v 36 0.5 76
v 28 0.5 76
v 32 0.5 80
v 36 0.5 80
v 28 0.5 76
v 28 0.5 80
v 32 0.5 80
v 44 0.5 32
v 40 0.5 32
v 44 0.5 36
v 40 0.5 32
v 36 0.5 36
v 44 0.5 36
v 40 0.5 32
v 36 0.5 32
v 36 0.5 36
v 36 0.5 36
v 44 0.5 44
v 44 0.5 36
v 36 0.5 36
v 36 0.5 44
v 44 0.5 44
v 36 0.5 44
v 44 0.5 52
v 44 0.5 44
v 36 0.5 44
v 36 0.5 52
v 44 0.5 52
v 36 0.5 52
v 44 0.5 60
v 44 0.5 52
v 36 0.5 52
v 36 0.5 60
v 44 0.5 60
v 36 0.5 60
v 44 0.5 68
v 44 0.5 60
v 36 0.5 60
v 36 0.5 68
v 44 0.5 68
v 36 0.5 68
v 44 0.5 76
v 44 0.5 68
v 36 0.5 68
v 36 0.5 76
v 44 0.5 76
v 36 0.5 76
v 44 0.5 80
v 44 0.5 76
v 36 0.5 76
v 40 0.5 80
v 44 0.5 80
v 36 0.5 76
v 36 0.5 80
v 40 0.5 80
v 52 0.5 32
v 48 0.5 32
v 52 0.5 36
v 48 0.5 32
v 44 0.5 36
v 52 0.5 36
v 48 0.5 32
v 44 0.5 32
v 44 0.5 36
v 44 0.5 36
v 52 0.5 44
v 52 0.5 36
v 44 0.5 36
v 44 0.5 44
v 52 0.5 44
v 44 0.5 44
v 52 0.5 52
v 52 0.5 44
v 44 0.5 44
v 44 0.5 52
v 52 0.5 52
v 44 0.5 52
v 52 0.5 60
v 52 0.5 52
v 44 0.5 52
v 44 0.5 60
v 52 0.5 60
v 44 0.5 60
v 52 0.5 68
v 52 0.5 60
v 44 0.5 60
v 44 0.5 68
v 52 0.5 68
v 44 0.5 68
v 52 0.5 76
v 52 0.5 68
v 44 0.5 68
v 44 0.5 76
v 52 0.5 76
v 44 0.5 76
v 52 0.5 80
v 52 0.5 76
v 44 0.5 76
v 48 0.5 80
v 52 0.5 80
v 44 0.5 76
v 44 0.5 80
v 48 0.5 80
v 60 0.5 32
v 56 0.5 32
v 60 0.5 36
v 56 0.5 32
v 52 0.5 36
v 60 0.5 36
v 56 0.5 32
v 52 0.5 32
v 52 0.5 36
v 52 0.5 36
v 60 0.5 44
v 60 0.5 36
v 52 0.5 36
v 52 0.5 44
v 60 0.5 44
v 52 0.5 44
v 60 0.5 52
v 60 0.5 44
v 52 0.5 44
v 52 0.5 52
v 60 0.5 52
v 52 0.5 52
v 60 0.5 60
v 60 0.5 52
v 52 0.5 52
v 52 0.5 60
v 60 0.5 60
v 52 0.5 60
v 60 0.5 68
v 60 0.5 60
v 52 0.5 60
v 52 0.5 68
v 60 0.5 68
v 52 0.5 68
v 60 0.5 76
v 60 0.5 68
v 52 0.5 68
v 52 0.5 76
v 60 0.5 76
v 52 0.5 76
v 60 0.5 80
v 60 0.5 76
v 52 0.5 76
v 56 0.5 80
v 60 0.5 80
v 52 0.5 76
v 52 0.5 80
v 56 0.5 80
v 68 0.5 32
v 64 0.5 32
v 68 0.5 36
v 64 0.5 32
v 60 0.5 36
v 68 0.5 36
v 64 0.5 32
v 60 0.5 32
v 60 0.5 36
v 60 0.5 36
v 68 0.5 44
v 68 0.5 36
v 60 0.5 36
v 60 0.5 44
v 68 0.5 44
v 60 0.5 44
v 68 0.5 52
v 68 0.5 44
v 60 0.5 44
v 60 0.5 52
v 68 0.5 52
v 60 0.5 52
v 68 0.5 60
v 68 0.5 52
v 60 0.5 52
v 60 0.5 60
v 68 0.5 60
v 60 0.5 60
v 68 0.5 68
v 68 0.5 60
v 60 0.5 60
v 60 0.5 68
v 68 0.5 68
v 60 0.5 68
v 68 0.5 76
v 68 0.5 68
v 60 0.5 68
v 60 0.5 76
v 68 0.5 76
v 60 0.5 76
v 68 0.5 80
v 68 0.5 76
v 60 0.5 76
v 64 0.5 80
v 68 0.5 80
v 60 0.5 76
v 60 0.5 80
v 64 0.5 80
v 76 0.5 32
v 72 0.5 32
v 76 0.5 36
v 72 0.5 32
v 68 0.5 36
v 76 0.5 36
v 72 0.5 32
v 68 0.5 32
v 68 0.5 36
v 68 0.5 36
v 76 0.5 44
v 76 0.5 36
v 68 0.5 36
v 68 0.5 44
v 76 0.5 44
v 68 0.5 44
v 76 0.5 52
v 76 0.5 44
v 68 0.5 44
v 68 0.5 52
v 76 0.5 52
v 68 0.5 52
v 76 0.5 60
v 76 0.5 52
v 68 0.5 52
v 68 0.5 60
v 76 0.5 60
v 68 0.5 60
v 76 0.5 68
v 76 0.5 60
v 68 0.5 60
v 68 0.5 68
v 76 0.5 68
v 68 0.5 68
v 76 0.5 76
v 76 0.5 68
v 68 0.5 68
v 68 0.5 76
v 76 0.5 76
v 68 0.5 76
v 76 0.5 80
v 76 0.5 76
v 68 0.5 76
v 72 0.5 80
v 76 0.5 80
v 68 0.5 76
v 68 0.5 80
v 72 0.5 80
v 84 0.5 32
v 80 0.5 32
v 84 0.5 36
v 80 0.5 32
v 76 0.5 36
v 84 0.5 36
v 80 0.5 32
v 76 0.5 32
v 76 0.5 36
v 76 0.5 36
v 84 0.5 44
v 84 0.5 36
v 76 0.5 36
v 76 0.5 44
v 84 0.5 44
v 76 0.5 44
v 84 0.5 52
v 84 0.5 44
v 76 0.5 44
v 76 0.5 52
v 84 0.5 52
v 76 0.5 52
v 84 0.5 60
v 84 0.5 52
v 76 0.5 52
v 76 0.5 60
v 84 0.5 60
v 76 0.5 60
v 84 0.5 68
v 84 0.5 60
v 76 0.5 60
v 76 0.5 68
v 84 0.5 68
v 76 0.5 68
v 84 0.5 76
v 84 0.5 68
v 76 0.5 68
v 76 0.5 76
v 84 0.5 76
v 76 0.5 76
v 84 0.5 80
v 84 0.5 76
v 76 0.5 76
v 80 0.5 80
v 84 0.5 80
v 76 0.5 76
v 76 0.5 80
v 80 0.5 80
v 88 0.5 32
v 84 0.5 36
v 88 0.5 36
v 88 0.5 32
v 84 0.5 32
v 84 0.5 36
v 84 0.5 36
v 88 0.5 40
v 88 0.5 36
v 84 0.5 36
v 88 0.5 44
v 88 0.5 40
v 84 0.5 36
v 84 0.5 44
v 88 0.5 44
v 84 0.5 44
v 88 0.5 48
v 88 0.5 44
v 84 0.5 44
v 88 0.5 52
v 88 0.5 48
v 84 0.5 44
v 84 0.5 52
v 88 0.5 52
v 84 0.5 52
v 88 0.5 56
v 88 0.5 52
v 84 0.5 52
v 88 0.5 60
v 88 0.5 56
v 84 0.5 52
v 84 0.5 60
v 88 0.5 60
v 84 0.5 60
v 88 0.5 64
v 88 0.5 60
v 84 0.5 60
v 88 0.5 68
v 88 0.5 64
v 84 0.5 60
v 84 0.5 68
v 88 0.5 68
v 84 0.5 68
v 88 0.5 72
v 88 0.5 68
v 84 0.5 68
v 88 0.5 76
v 88 0.5 72
v 84 0.5 68
v 84 0.5 76
v 88 0.5 76
v 84 0.5 76
v 88 0.5 80
v 88 0.5 76
v 84 0.5 76
v 84 0.5 80
v 88 0.5 80
v -76 1.717895 -9.4
v -81.4 1.717895 -9.4
v -76 1.717895 -4
v -81.4 1.717895 -9.4
v -82.4 1.717895 -4
v -76 1.717895 -4
v -81.4 1.717895 -9.4
v -82.4 1.717895 -9.4
v -82.4 1.717895 -4
v -82.4 1.717895 -4
v -76 1.717895 1.4
v -76 1.717895 -4
v -82.4 1.717895 -4
v -78.6 1.717895 1.4
v -76 1.717895 1.4
v -82.4 1.717895 -4
v -82.4 1.717895 -2.4
v -78.6 1.717895 1.4
v -82.4 1.717895 -2.4
v -82.4 1.717895 1.4
v -78.6 1.717895 1.4
v -73.6 1.717895 -9.4
v -76 1.717895 -4
v -73.6 1.717895 -4
v -73.6 1.717895 -9.4
v -76 1.717895 -9.4
v -76 1.717895 -4
v -76 1.717895 -4
v -73.6 1.717895 -1.6
v -73.6 1.717895 -4
v -76 1.717895 -4
v -73.6 1.717895 1.4
v -73.6 1.717895 -1.6
v -76 1.717895 -4
v -76 1.717895 1.4
v -73.6 1.717895 1.4
v -76 1.553684 16.6
v -79.4 1.553684 16.6
v -76 1.553684 20
v -79.4 1.553684 16.6
v -82.4 1.553684 20
v -76 1.553684 20
v -79.4 1.553684 16.6
v -82.4 1.553684 16.6
v -82.4 1.553684 20
v -82.4 1.553684 20
v -76 1.553684 27.4
v -76 1.553684 20
v -82.4 1.553684 20
v -76.6 1.553684 27.4
v -76 1.553684 27.4
v -82.4 1.553684 20
v -82.4 1.553684 21.6
v -76.6 1.553684 27.4
v -82.4 1.553684 21.6
v -82.4 1.553684 27.4
v -76.6 1.553684 27.4
v -73.6 1.553684 16.6
v -76 1.553684 20
v -73.6 1.553684 20
v -73.6 1.553684 16.6
v -76 1.553684 16.6
v -76 1.553684 20
v -76 1.553684 20
v -73.6 1.553684 22.4
v -73.6 1.553684 20
v -76 1.553684 20
v -73.6 1.553684 27.4
v -73.6 1.553684 22.4
v -76 1.553684 20
v -76 1.553684 27.4
v -73.6 1.553684 27.4
v -68 1.285263 47.163366
v -71.431258 1.285263 48.568742
v -68 1.285263 52
v -68 1.285263 47.163366
v -71.481556 1.285263 48.430548
v -71.431258 1.285263 48.568742
v -71.431258 1.285263 48.568742
v -70.182382 1.285263 52
v -68 1.285263 52
v -70.182382 1.285263 52
v -68 1.285263 57.996046
v -68 1.285263 52
v -63.212261 1.285263 45.420771
v -65.680766 1.285263 46.319234
v -61.285502 1.285263 50.714498
v -65.680766 1.285263 46.319234
v -60.817618 1.285263 52
v -61.285502 1.285263 50.714498
v -65.680766 1.285263 46.319234
v -68 1.285263 52
v -60.817618 1.285263 52
v -65.680766 1.285263 46.319234
v -68 1.285263 47.163366
v -68 1.285263 52
v -68 1.285263 52
v -60 1.285263 54.246386
v -60.817618 1.285263 52
v -68 1.285263 52
v -60 1.285263 55.744724
v -60 1.285263 54.246386
v -68 1.285263 52
v -63.119772 1.285263 56.880228
v -60 1.285263 55.744724
v -68 1.285263 52
v -67.787739 1.285263 58.579229
v -63.119772 1.285263 56.880228
v -68 1.285263 52
v -68 1.285263 57.996046
v -67.787739 1.285263 58.579229
v -60 1.285263 55.744724
v -59.518444 1.285263 55.569452
v -60 1.285263 54.246386
v -36 0.96 69.532123
v -40.96117 0.96 71.03883
v -36 0.96 76
v -36 0.96 69.532123
v -40.55391 0.96 68.729146
v -40.96117 0.96 71.03883
v -40.96117 0.96 71.03883
v -41.835958 0.96 76
v -36 0.96 76
v -41.835958 0.96 76
v -36 0.96 78.467877
v -36 0.96 76
v -41.835958 0.96 76
v -42.082014 0.96 77.395454
v -36 0.96 78.467877
v -30.439245 0.96 73.560755
v -29.917986 0.96 70.604546
v -34.139889 0.96 69.860111
v -34.139889 0.96 69.860111
v -30.86935 0.96 76
v -30.439245 0.96 73.560755
v -34.139889 0.96 69.860111
v -36 0.96 76
v -30.86935 0.96 76
v -34.139889 0.96 69.860111
v -36 0.96 69.532123
v -36 0.96 76
v -36 0.96 76
v -31.44609 0.96 79.270854
v -30.86935 0.96 76
v -36 0.96 76
v -33.003815 0.96 78.996185
v -31.44609 0.96 79.270854
v -36 0.96 76
v -36 0.96 78.467877
v -33.003815 0.96 78.996185
v -36 1.237895 24.6
v -39.4 1.237895 24.6
v -36 1.237895 28
v -39.4 1.237895 24.6
v -40.4 1.237895 28
v -36 1.237895 28
v -39.4 1.237895 24.6
v -40.4 1.237895 24.6
v -40.4 1.237895 28
v -40.4 1.237895 28
v -36 1.237895 33.4
v -36 1.237895 28
v -40.4 1.237895 28
v -38.6 1.237895 33.4
v -36 1.237895 33.4
v -40.4 1.237895 28
v -40.4 1.237895 31.6
v -38.6 1.237895 33.4
v -40.4 1.237895 31.6
v -40.4 1.237895 33.4
v -38.6 1.237895 33.4
v -29.6 1.237895 26.4
v -29.6 1.237895 24.6
v -31.4 1.237895 24.6
v -31.4 1.237895 24.6
v -29.6 1.237895 28
v -29.6 1.237895 26.4
v -31.4 1.237895 24.6
v -36 1.237895 28
v -29.6 1.237895 28
v -31.4 1.237895 24.6
v -36 1.237895 24.6
v -36 1.237895 28
v -36 1.237895 28
v -29.6 1.237895 33.4
v -29.6 1.237895 28
v -36 1.237895 28
v -30.6 1.237895 33.4
v -29.6 1.237895 33.4
v -36 1.237895 28
v -36 1.237895 33.4
v -30.6 1.237895 33.4
v 12 1.376842 -44.555215
v 11.562116 1.376842 -44.437884
v 12 1.376842 -44
v 11.562116 1.376842 -44.437884
v 9.927909 1.376842 -44
v 12 1.376842 -44
v 9.927909 1.376842 -44
v 12 1.376842 -36
v 12 1.376842 -44
v 9.927909 1.376842 -44
v 5.827348 1.376842 -42.172652
v 12 1.376842 -36
v 9.927909 1.376842 -44
v 5.645197 1.376842 -42.852451
v 5.827348 1.376842 -42.172652
v 5.827348 1.376842 -42.172652
v 7.481305 1.376842 -36
v 12 1.376842 -36
v 7.481305 1.376842 -36
v 12 1.376842 -35.444785
v 12 1.376842 -36
v 7.481305 1.376842 -36
v 7.922804 1.376842 -34.352304
v 12 1.376842 -35.444785
v 16.518695 1.376842 -44
v 12 1.376842 -44.555215
v 12 1.376842 -44
v 16.518695 1.376842 -44
v 16.077196 1.376842 -45.647696
v 12 1.376842 -44.555215
v 12 1.376842 -44
v 18.172652 1.376842 -37.827348
v 16.518695 1.376842 -44
v 12 1.376842 -44
v 18.354803 1.376842 -37.147549
v 18.172652 1.376842 -37.827348
v 12 1.376842 -44
v 14.072091 1.376842 -36
v 18.354803 1.376842 -37.147549
v 12 1.376842 -44
v 12 1.376842 -36
v 14.072091 1.376842 -36
v 12 1.376842 -36
v 12.437884 1.376842 -35.562116
v 14.072091 1.376842 -36
v 12 1.376842 -36
v 12 1.376842 -35.444785
v 12.437884 1.376842 -35.562116
v -44 1.490526 -8.634445
v -49.178754 1.490526 -9.178754
v -44 1.490526 -4
v -49.178754 1.490526 -9.178754
v -50.44627 1.490526 -4
v -44 1.490526 -4
v -49.178754 1.490526 -9.178754
v -49.894059 1.490526 -9.253935
v -50.44627 1.490526 -4
v -50.44627 1.490526 -4
v -44 1.490526 0.214028
v -44 1.490526 -4
v -50.44627 1.490526 -4
v -48.230629 1.490526 -0.230629
v -44 1.490526 0.214028
v -50.44627 1.490526 -4
v -50.594042 1.490526 -2.594042
v -48.230629 1.490526 -0.230629
v -50.594042 1.490526 -2.594042
v -50.813909 1.490526 -0.502143
v -48.230629 1.490526 -0.230629
v -36 1.490526 -7.793611
v -40.239165 1.490526 -8.239165
v -36 1.490526 -4
v -40.239165 1.490526 -8.239165
v -44 1.490526 -4
v -36 1.490526 -4
v -40.239165 1.490526 -8.239165
v -44 1.490526 -8.634445
v -44 1.490526 -4
v -44 1.490526 -4
v -36 1.490526 1.054862
v -36 1.490526 -4
v -44 1.490526 -4
v -39.29104 1.490526 0.70896
v -36 1.490526 1.054862
v -44 1.490526 -4
v -44 1.490526 0.214028
v -39.29104 1.490526 0.70896
v -33.55373 1.490526 -4
v -36 1.490526 -7.793611
v -36 1.490526 -4
v -33.55373 1.490526 -4
v -33.186091 1.490526 -7.497857
v -36 1.490526 -7.793611
v -36 1.490526 -4
v -33.78639 1.490526 -1.78639
v -33.55373 1.490526 -4
v -36 1.490526 -4
v -34.105941 1.490526 1.253935
v -33.78639 1.490526 -1.78639
v -36 1.490526 -4
v -36 1.490526 1.054862
v -34.105941 1.490526 1.253935
v -44 1.743158 -46.370221
v -44.682061 1.743158 -44.682061
v -44 1.743158 -44
v -44.682061 1.743158 -44.682061
v -44.957632 1.743158 -44
v -44 1.743158 -44
v -44.957632 1.743158 -44
v -44 1.743158 -39.960439
v -44 1.743158 -44
v -44.957632 1.743158 -44
v -46.226304 1.743158 -40.859925
v -44 1.743158 -39.960439
v -36 1.743158 -54.847613
v -40.07786 1.743158 -56.07786
v -36 1.743158 -52
v -36 1.743158 -54.847613
v -39.932914 1.743158 -56.436613
v -40.07786 1.743158 -56.07786
v -40.07786 1.743158 -56.07786
v -41.725422 1.743158 -52
v -36 1.743158 -52
v -41.725422 1.743158 -52
v -36 1.743158 -44
v -36 1.743158 -52
v -41.725422 1.743158 -52
v -42.37996 1.743158 -50.37996
v -36 1.743158 -44
v -42.37996 1.743158 -50.37996
v -44 1.743158 -44
v -36 1.743158 -44
v -42.37996 1.743158 -50.37996
v -44 1.743158 -46.370221
v -44 1.743158 -44
v -44 1.743158 -44
v -36 1.743158 -42.679605
v -36 1.743158 -44
v -44 1.743158 -44
v -37.92214 1.743158 -37.92214
v -36 1.743158 -42.679605
v -44 1.743158 -44
v -38.067086 1.743158 -37.563387
v -37.92214 1.743158 -37.92214
v -44 1.743158 -44
v -44 1.743158 -39.960439
v -38.067086 1.743158 -37.563387
v -32.234316 1.743158 -52
v -36 1.743158 -54.847613
v -36 1.743158 -52
v -32.234316 1.743158 -52
v -31.773696 1.743158 -53.140075
v -36 1.743158 -54.847613
v -36 1.743158 -52
v -33.317939 1.743158 -49.317939
v -32.234316 1.743158 -52
v -36 1.743158 -52
v -35.466526 1.743158 -44
v -33.317939 1.743158 -49.317939
v -36 1.743158 -52
v -36 1.743158 -44
v -35.466526 1.743158 -44
v -36 1.743158 -44
v -35.62004 1.743158 -43.62004
v -35.466526 1.743158 -44
v -36 1.743158 -44
v -36 1.743158 -42.679605
v -35.62004 1.743158 -43.62004
v -20 1.029474 36.6
v -22.4 1.029474 41.6
v -20 1.029474 44
v -20 1.029474 36.6
v -22.4 1.029474 36.6
v -22.4 1.029474 41.6
v -22.4 1.029474 41.6
v -22.4 1.029474 44
v -20 1.029474 44
v -22.4 1.029474 44
v -20 1.029474 45.4
v -20 1.029474 44
v -22.4 1.029474 44
v -22.4 1.029474 45.4
v -20 1.029474 45.4
v -12 1.029474 36.6
v -19.4 1.029474 36.6
v -12 1.029474 44
v -19.4 1.029474 36.6
v -20 1.029474 44
v -12 1.029474 44
v -19.4 1.029474 36.6
v -20 1.029474 36.6
v -20 1.029474 44
v -20 1.029474 44
v -12 1.029474 45.4
v -12 1.029474 44
v -20 1.029474 44
v -18.6 1.029474 45.4
v -12 1.029474 45.4
v -20 1.029474 44
v -20 1.029474 45.4
v -18.6 1.029474 45.4
v -5.6 1.029474 36.6
v -11.4 1.029474 36.6
v -5.6 1.029474 42.4
v -11.4 1.029474 36.6
v -5.6 1.029474 44
v -5.6 1.029474 42.4
v -11.4 1.029474 36.6
v -12 1.029474 44
v -5.6 1.029474 44
v -11.4 1.029474 36.6
v -12 1.029474 36.6
v -12 1.029474 44
v -12 1.029474 44
v -5.6 1.029474 45.4
v -5.6 1.029474 44
v -12 1.029474 44
v -10.6 1.029474 45.4
v -5.6 1.029474 45.4
v -12 1.029474 44
v -12 1.029474 45.4
v -10.6 1.029474 45.4
v 52 0.858947 -6.4
v 49.6 0.858947 -6.4
v 52 0.858947 -4
v 49.6 0.858947 -6.4
v 47.6 0.858947 -4
v 52 0.858947 -4
v 49.6 0.858947 -6.4
v 47.6 0.858947 -6.4
v 47.6 0.858947 -4
v 47.6 0.858947 -4
v 52 0.858947 2.4
v 52 0.858947 -4
v 47.6 0.858947 -4
v 50.4 0.858947 2.4
v 52 0.858947 2.4
v 47.6 0.858947 -4
v 47.6 0.858947 -0.4
v 50.4 0.858947 2.4
v 47.6 0.858947 -0.4
v 47.6 0.858947 2.4
v 50.4 0.858947 2.4
v 60 0.858947 -6.4
v 57.6 0.858947 -6.4
v 60 0.858947 -4
v 57.6 0.858947 -6.4
v 52 0.858947 -4
v 60 0.858947 -4
v 57.6 0.858947 -6.4
v 52 0.858947 -6.4
v 52 0.858947 -4
v 52 0.858947 -4
v 60 0.858947 2.4
v 60 0.858947 -4
v 52 0.858947 -4
v 58.4 0.858947 2.4
v 60 0.858947 2.4
v 52 0.858947 -4
v 52 0.858947 2.4
v 58.4 0.858947 2.4
v 64.4 0.858947 -4
v 60 0.858947 -6.4
v 60 0.858947 -4
v 64.4 0.858947 -4
v 64.4 0.858947 -6.4
v 60 0.858947 -6.4
v 60 0.858947 -4
v 64.4 0.858947 0.4
v 64.4 0.858947 -4
v 60 0.858947 -4
v 64.4 0.858947 2.4
v 64.4 0.858947 0.4
v 60 0.858947 -4
v 60 0.858947 2.4
v 64.4 0.858947 2.4
v 60 1.010526 -38.939093
v 57.845193 1.010526 -38.154807
v 60 1.010526 -36
v 57.845193 1.010526 -38.154807
v 53.133796 1.010526 -36
v 60 1.010526 -36
v 57.845193 1.010526 -38.154807
v 52.992383 1.010526 -36.388529
v 53.133796 1.010526 -36
v 53.133796 1.010526 -36
v 60 1.010526 -28
v 60 1.010526 -36
v 53.133796 1.010526 -36
v 53.782615 1.010526 -34.217385
v 60 1.010526 -28
v 53.782615 1.010526 -34.217385
v 56.045558 1.010526 -28
v 60 1.010526 -28
v 56.045558 1.010526 -28
v 60 1.010526 -21.060907
v 60 1.010526 -28
v 56.045558 1.010526 -28
v 59.222192 1.010526 -20.777808
v 60 1.010526 -21.060907
v 56.045558 1.010526 -28
v 58.360643 1.010526 -21.639357
v 59.222192 1.010526 -20.777808
v 58.360643 1.010526 -21.639357
v 58.738322 1.010526 -20.601693
v 59.222192 1.010526 -20.777808
v 62.498561 1.010526 -36
v 60 1.010526 -38.939093
v 60 1.010526 -36
v 62.498561 1.010526 -36
v 61.261678 1.010526 -39.398307
v 60 1.010526 -38.939093
v 60 1.010526 -36
v 63.928371 1.010526 -32.071629
v 62.498561 1.010526 -36
v 60 1.010526 -36
v 65.410323 1.010526 -28
v 63.928371 1.010526 -32.071629
v 60 1.010526 -36
v 60 1.010526 -28
v 65.410323 1.010526 -28
v 60 1.010526 -28
v 67.007617 1.010526 -23.611471
v 65.410323 1.010526 -28
v 60 1.010526 -28
v 65.087423 1.010526 -22.912577
v 67.007617 1.010526 -23.611471
v 60 1.010526 -28
v 60 1.010526 -21.060907
v 65.087423 1.010526 -22.912577
v -28 1.736842 -71.4
v -31.4 1.736842 -71.4
v -28 1.736842 -68
v -31.4 1.736842 -71.4
v -32.4 1.736842 -68
v -28 1.736842 -68
v -31.4 1.736842 -71.4
v -32.4 1.736842 -71.4
v -32.4 1.736842 -68
v -32.4 1.736842 -68
v -28 1.736842 -60
v -28 1.736842 -68
v -32.4 1.736842 -68
v -32.4 1.736842 -64.4
v -28 1.736842 -60
v -32.4 1.736842 -64.4
v -32.4 1.736842 -60
v -28 1.736842 -60
v -32.4 1.736842 -60
v -28 1.736842 -58.6
v -28 1.736842 -60
v -32.4 1.736842 -60
v -32.4 1.736842 -58.6
v -28 1.736842 -58.6
v -20 1.736842 -71.4
v -23.4 1.736842 -71.4
v -20 1.736842 -68
v -23.4 1.736842 -71.4
v -28 1.736842 -68
v -20 1.736842 -68
v -23.4 1.736842 -71.4
v -28 1.736842 -71.4
v -28 1.736842 -68
v -28 1.736842 -68
v -20 1.736842 -60
v -20 1.736842 -68
v -28 1.736842 -68
v -28 1.736842 -60
v -20 1.736842 -60
v -28 1.736842 -60
v -20 1.736842 -58.6
v -20 1.736842 -60
v -28 1.736842 -60
v -26.6 1.736842 -58.6
v -20 1.736842 -58.6
v -28 1.736842 -60
v -28 1.736842 -58.6
v -26.6 1.736842 -58.6
v -12 1.736842 -71.4
v -15.4 1.736842 -71.4
v -12 1.736842 -68
v -15.4 1.736842 -71.4
v -20 1.736842 -68
v -12 1.736842 -68
v -15.4 1.736842 -71.4
v -20 1.736842 -71.4
v -20 1.736842 -68
v -20 1.736842 -68
v -12 1.736842 -60
v -12 1.736842 -68
v -20 1.736842 -68
v -20 1.736842 -60
v -12 1.736842 -60
v -20 1.736842 -60
v -12 1.736842 -58.6
v -12 1.736842 -60
v -20 1.736842 -60
v -18.6 1.736842 -58.6
v -12 1.736842 -58.6
v -20 1.736842 -60
v -20 1.736842 -58.6
v -18.6 1.736842 -58.6
v -7.6 1.736842 -68
v -12 1.736842 -71.4
v -12 1.736842 -68
v -7.6 1.736842 -68
v -7.6 1.736842 -71.4
v -12 1.736842 -71.4
v -12 1.736842 -68
v -7.6 1.736842 -63.6
v -7.6 1.736842 -68
v -12 1.736842 -68
v -7.6 1.736842 -60
v -7.6 1.736842 -63.6
v -12 1.736842 -68
v -12 1.736842 -60
v -7.6 1.736842 -60
v -12 1.736842 -60
v -7.6 1.736842 -58.6
v -7.6 1.736842 -60
v -12 1.736842 -60
v -10.6 1.736842 -58.6
v -7.6 1.736842 -58.6
v -12 1.736842 -60
v -12 1.736842 -58.6
v -10.6 1.736842 -58.6
v 4 1.541053 -71.556692
v -0.318088 1.541053 -72.318088
v 4 1.541053 -68
v -0.318088 1.541053 -72.318088
v -1.885982 1.541053 -68
v 4 1.541053 -68
v -0.318088 1.541053 -72.318088
v -1.100268 1.541053 -72.456007
v -1.885982 1.541053 -68
v -1.885982 1.541053 -68
v 4 1.541053 -60
v 4 1.541053 -68
v -1.885982 1.541053 -68
v -2.202865 1.541053 -66.202865
v 4 1.541053 -60
v -2.202865 1.541053 -66.202865
v -3.296598 1.541053 -60
v 4 1.541053 -60
v -3.296598 1.541053 -60
v 4 1.541053 -58.559232
v 4 1.541053 -60
v -3.296598 1.541053 -60
v -3.322964 1.541053 -59.850468
v 4 1.541053 -58.559232
v 12 1.541053 -70.146076
v 9.394504 1.541053 -70.605496
v 12 1.541053 -68
v 9.394504 1.541053 -70.605496
v 4 1.541053 -68
v 12 1.541053 -68
v 9.394504 1.541053 -70.605496
v 4 1.541053 -71.556692
v 4 1.541053 -68
v 4 1.541053 -68
v 12 1.541053 -60
v 12 1.541053 -68
v 4 1.541053 -68
v 4 1.541053 -60
v 12 1.541053 -60
v 4 1.541053 -60
v 12 1.541053 -57.148616
v 12 1.541053 -60
v 4 1.541053 -60
v 5.749199 1.541053 -58.250801
v 12 1.541053 -57.148616
v 4 1.541053 -60
v 4 1.541053 -58.559232
v 5.749199 1.541053 -58.250801
v 20 1.541053 -68.735461
v 19.107097 1.541053 -68.892903
v 20 1.541053 -68
v 19.107097 1.541053 -68.892903
v 12 1.541053 -68
v 20 1.541053 -68
v 19.107097 1.541053 -68.892903
v 12 1.541053 -70.146076
v 12 1.541053 -68
v 12 1.541053 -68
v 20 1.541053 -60
v 20 1.541053 -68
v 12 1.541053 -68
v 12 1.541053 -60
v 20 1.541053 -60
v 12 1.541053 -60
v 20 1.541053 -55.738
v 20 1.541053 -60
v 12 1.541053 -60
v 15.461792 1.541053 -56.538208
v 20 1.541053 -55.738
v 12 1.541053 -60
v 12 1.541053 -57.148616
v 15.461792 1.541053 -56.538208
v 23.296598 1.541053 -68
v 20 1.541053 -68.735461
v 20 1.541053 -68
v 23.296598 1.541053 -68
v 23.322964 1.541053 -68.149532
v 20 1.541053 -68.735461
v 20 1.541053 -68
v 22.80245 1.541053 -65.19755
v 23.296598 1.541053 -68
v 20 1.541053 -68
v 21.885982 1.541053 -60
v 22.80245 1.541053 -65.19755
v 20 1.541053 -68
v 20 1.541053 -60
v 21.885982 1.541053 -60
v 20 1.541053 -60
v 21.60328 1.541053 -58.39672
v 21.885982 1.541053 -60
v 20 1.541053 -60
v 21.100268 1.541053 -55.543993
v 21.60328 1.541053 -58.39672
v 20 1.541053 -60
v 20 1.541053 -55.738
v 21.100268 1.541053 -55.543993
v -20 1.370526 -10.4
v -26.4 1.370526 -10.4
v -20 1.370526 -4
v -26.4 1.370526 -10.4
v -27.4 1.370526 -4
v -20 1.370526 -4
v -26.4 1.370526 -10.4
v -27.4 1.370526 -10.4
v -27.4 1.370526 -4
v -27.4 1.370526 -4
v -20 1.370526 2.4
v -20 1.370526 -4
v -27.4 1.370526 -4
v -21.6 1.370526 2.4
v -20 1.370526 2.4
v -27.4 1.370526 -4
v -27.4 1.370526 -3.4
v -21.6 1.370526 2.4
v -27.4 1.370526 -3.4
v -27.4 1.370526 2.4
v -21.6 1.370526 2.4
v -18.6 1.370526 -10.4
v -20 1.370526 -4
v -18.6 1.370526 -4
v -18.6 1.370526 -10.4
v -20 1.370526 -10.4
v -20 1.370526 -4
v -20 1.370526 -4
v -18.6 1.370526 -2.6
v -18.6 1.370526 -4
v -20 1.370526 -4
v -18.6 1.370526 2.4
v -18.6 1.370526 -2.6
v -20 1.370526 -4
v -20 1.370526 2.4
v -18.6 1.370526 2.4
v 12 1.064211 0.1
v 9.6 1.064211 1.6
v 12 1.064211 4
v 12 1.064211 0.1
v 9.6 1.064211 0.1
v 9.6 1.064211 1.6
v 9.6 1.064211 1.6
v 9.6 1.064211 4
v 12 1.064211 4
v 9.6 1.064211 4
v 12 1.064211 12
v 12 1.064211 4
v 9.6 1.064211 4
v 9.6 1.064211 9.6
v 12 1.064211 12
v 9.6 1.064211 9.6
v 9.6 1.064211 12
v 12 1.064211 12
v 9.6 1.064211 12
v 12 1.064211 12.9
v 12 1.064211 12
v 9.6 1.064211 12
v 9.6 1.064211 12.9
v 12 1.064211 12.9
v 20 1.064211 0.1
v 16.1 1.064211 0.1
v 20 1.064211 4
v 16.1 1.064211 0.1
v 12 1.064211 4
v 20 1.064211 4
v 16.1 1.064211 0.1
v 12 1.064211 0.1
v 12 1.064211 4
v 12 1.064211 4
v 20 1.064211 12
v 20 1.064211 4
v 12 1.064211 4
v 12 1.064211 12
v 20 1.064211 12
v 12 1.064211 12
v 20 1.064211 12.9
v 20 1.064211 12
v 12 1.064211 12
v 12.9 1.064211 12.9
v 20 1.064211 12.9
v 12 1.064211 12
v 12 1.064211 12.9
v 12.9 1.064211 12.9
v 20.4 1.064211 4
v 20 1.064211 0.1
v 20 1.064211 4
v 20.4 1.064211 4
v 20.4 1.064211 0.1
v 20 1.064211 0.1
v 20 1.064211 4
v 20.4 1.064211 4.4
v 20.4 1.064211 4
v 20 1.064211 4
v 20.4 1.064211 12
v 20.4 1.064211 4.4
v 20 1.064211 4
v 20 1.064211 12
v 20.4 1.064211 12
v 20 1.064211 12
v 20.4 1.064211 12.4
v 20.4 1.064211 12
v 20 1.064211 12
v 20.4 1.064211 12.9
v 20.4 1.064211 12.4
v 20 1.064211 12
v 20 1.064211 12.9
v 20.4 1.064211 12.9
v -76 2.033684 -67.4
v -77.4 2.033684 -61.4
v -76 2.033684 -60
v -76 2.033684 -67.4
v -77.4 2.033684 -67.4
v -77.4 2.033684 -61.4
v -77.4 2.033684 -61.4
v -77.4 2.033684 -60
v -76 2.033684 -60
v -77.4 2.033684 -60
v -76 2.033684 -58.6
v -76 2.033684 -60
v -77.4 2.033684 -60
v -77.4 2.033684 -58.6
v -76 2.033684 -58.6
v -68 2.033684 -67.4
v -75.4 2.033684 -67.4
v -68 2.033684 -60
v -75.4 2.033684 -67.4
v -76 2.033684 -60
v -68 2.033684 -60
v -75.4 2.033684 -67.4
v -76 2.033684 -67.4
v -76 2.033684 -60
v -76 2.033684 -60
v -68 2.033684 -58.6
v -68 2.033684 -60
v -76 2.033684 -60
v -74.6 2.033684 -58.6
v -68 2.033684 -58.6
v -76 2.033684 -60
v -76 2.033684 -58.6
v -74.6 2.033684 -58.6
v -60.6 2.033684 -67.4
v -67.4 2.033684 -67.4
v -60.6 2.033684 -60.6
v -67.4 2.033684 -67.4
v -60.6 2.033684 -60
v -60.6 2.033684 -60.6
v -67.4 2.033684 -67.4
v -68 2.033684 -60
v -60.6 2.033684 -60
v -67.4 2.033684 -67.4
v -68 2.033684 -67.4
v -68 2.033684 -60
v -68 2.033684 -60
v -60.6 2.033684 -58.6
v -60.6 2.033684 -60
v -68 2.033684 -60
v -66.6 2.033684 -58.6
v -60.6 2.033684 -58.6
v -68 2.033684 -60
v -68 2.033684 -58.6
v -66.6 2.033684 -58.6
v -68.77746 2.141053 -92
v -68.828427 2.141053 -92.050967
v -68.879394 2.141053 -92
v -68.879394 2.141053 -92
v -68 2.141053 -91.22254
v -68.77746 2.141053 -92
v -68.879394 2.141053 -92
v -68 2.141053 -84
v -68 2.141053 -91.22254
v -68.879394 2.141053 -92
v -72.439697 2.141053 -88.439697
v -68 2.141053 -84
v -72.439697 2.141053 -88.439697
v -73.22254 2.141053 -84
v -68 2.141053 -84
v -72.439697 2.141053 -88.439697
v -75.050967 2.141053 -85.828427
v -73.22254 2.141053 -84
v -73.22254 2.141053 -84
v -68 2.141053 -78.77746
v -68 2.141053 -84
v -60.77746 2.141053 -84
v -68 2.141053 -91.22254
v -68 2.141053 -84
v -68 2.141053 -84
v -60 2.141053 -83.22254
v -60.77746 2.141053 -84
v -68 2.141053 -84
v -60 2.141053 -77.120606
v -60 2.141053 -83.22254
v -68 2.141053 -84
v -60.560303 2.141053 -76.560303
v -60 2.141053 -77.120606
v -68 2.141053 -84
v -61.120606 2.141053 -76
v -60.560303 2.141053 -76.560303
v -68 2.141053 -84
v -65.22254 2.141053 -76
v -61.120606 2.141053 -76
v -68 2.141053 -84
v -68 2.141053 -78.77746
v -65.22254 2.141053 -76
v -65.22254 2.141053 -76
v -63.171573 2.141053 -73.949033
v -61.120606 2.141053 -76
v -56.949033 2.141053 -80.171573
v -60 2.141053 -83.22254
v -60 2.141053 -77.120606
v 52 1.361053 -83.333259
v 49.667914 1.361053 -78.332086
v 52 1.361053 -76
v 49.667914 1.361053 -78.332086
v 48.580445 1.361053 -76
v 52 1.361053 -76
v 48.580445 1.361053 -76
v 52 1.361053 -74.096856
v 52 1.361053 -76
v 48.580445 1.361053 -76
v 48.462252 1.361053 -75.746535
v 52 1.361053 -74.096856
v 60 1.361053 -88.903144
v 54.756153 1.361053 -89.243847
v 60 1.361053 -84
v 60 1.361053 -88.903144
v 55.562239 1.361053 -90.972506
v 54.756153 1.361053 -89.243847
v 54.756153 1.361053 -89.243847
v 52.310906 1.361053 -84
v 60 1.361053 -84
v 52.310906 1.361053 -84
v 60 1.361053 -79.666741
v 60 1.361053 -84
v 52.310906 1.361053 -84
v 58.833922 1.361053 -77.166078
v 60 1.361053 -79.666741
v 52.310906 1.361053 -84
v 52.212033 1.361053 -83.787967
v 58.833922 1.361053 -77.166078
v 52.212033 1.361053 -83.787967
v 58.290171 1.361053 -76
v 58.833922 1.361053 -77.166078
v 52.212033 1.361053 -83.787967
v 52 1.361053 -76
v 58.290171 1.361053 -76
v 52.212033 1.361053 -83.787967
v 52 1.361053 -83.333259
v 52 1.361053 -76
v 52 1.361053 -76
v 56.437761 1.361053 -72.027494
v 58.290171 1.361053 -76
v 52 1.361053 -76
v 55.565994 1.361053 -72.434006
v 56.437761 1.361053 -72.027494
v 52 1.361053 -76
v 52 1.361053 -74.096856
v 55.565994 1.361053 -72.434006
v 62.020632 1.361053 -84
v 60 1.361053 -88.903144
v 60 1.361053 -84
v 62.020632 1.361053 -84
v 63.537748 1.361053 -87.253465
v 60 1.361053 -88.903144
v 60 1.361053 -84
v 61.378041 1.361053 -82.621959
v 62.020632 1.361053 -84
v 60 1.361053 -84
v 60 1.361053 -79.666741
v 61.378041 1.361053 -82.621959
v 52 0.701053 15.6
v 50.6 0.701053 18.6
v 52 0.701053 20
v 52 0.701053 15.6
v 50.6 0.701053 15.6
v 50.6 0.701053 18.6
v 50.6 0.701053 18.6
v 50.6 0.701053 20
v 52 0.701053 20
v 50.6 0.701053 20
v 52 0.701053 24.4
v 52 0.701053 20
v 50.6 0.701053 20
v 50.6 0.701053 24.4
v 52 0.701053 24.4
v 60 0.701053 15.6
v 55.6 0.701053 15.6
v 60 0.701053 20
v 55.6 0.701053 15.6
v 52 0.701053 20
v 60 0.701053 20
v 55.6 0.701053 15.6
v 52 0.701053 15.6
v 52 0.701053 20
v 52 0.701053 20
v 60 0.701053 24.4
v 60 0.701053 20
v 52 0.701053 20
v 56.4 0.701053 24.4
v 60 0.701053 24.4
v 52 0.701053 20
v 52 0.701053 24.4
v 56.4 0.701053 24.4
v 67.4 0.701053 19.4
v 67.4 0.701053 15.6
v 63.6 0.701053 15.6
v 63.6 0.701053 15.6
v 67.4 0.701053 20
v 67.4 0.701053 19.4
v 63.6 0.701053 15.6
v 60 0.701053 20
v 67.4 0.701053 20
v 63.6 0.701053 15.6
v 60 0.701053 15.6
v 60 0.701053 20
v 60 0.701053 20
v 67.4 0.701053 24.4
v 67.4 0.701053 20
v 60 0.701053 20
v 64.4 0.701053 24.4
v 67.4 0.701053 24.4
v 60 0.701053 20
v 60 0.701053 24.4
v 64.4 0.701053 24.4
v -84 1.698947 3.6
v -84.4 1.698947 3.6
v -84 1.698947 4
v -84.4 1.698947 3.6
v -88.4 1.698947 4
v -84 1.698947 4
v -84.4 1.698947 3.6
v -88.4 1.698947 3.6
v -88.4 1.698947 4
v -88.4 1.698947 4
v -84 1.698947 10.4
v -84 1.698947 4
v -88.4 1.698947 4
v -85.6 1.698947 10.4
v -84 1.698947 10.4
v -88.4 1.698947 4
v -88.4 1.698947 7.6
v -85.6 1.698947 10.4
v -88.4 1.698947 7.6
v -88.4 1.698947 10.4
v -85.6 1.698947 10.4
v -83.6 1.698947 4
v -84 1.698947 3.6
v -84 1.698947 4
v -83.6 1.698947 4
v -83.6 1.698947 3.6
v -84 1.698947 3.6
v -84 1.698947 4
v -83.6 1.698947 4.4
v -83.6 1.698947 4
v -84 1.698947 4
v -83.6 1.698947 10.4
v -83.6 1.698947 4.4
v -84 1.698947 4
v -84 1.698947 10.4
v -83.6 1.698947 10.4
v -84 1.515789 32.900203
v -87.763382 1.515789 32.236618
v -84 1.515789 36
v -87.763382 1.515789 32.236618
v -88.437024 1.515789 36
v -84 1.515789 36
v -87.763382 1.515789 32.236618
v -87.773135 1.515789 32.234898
v -88.437024 1.515789 36
v -88.437024 1.515789 36
v -84 1.515789 38.478486
v -84 1.515789 36
v -88.437024 1.515789 36
v -84.226865 1.515789 39.765102
v -84 1.515789 38.478486
v -88.437024 1.515789 36
v -88.953942 1.515789 38.931591
v -84.226865 1.515789 39.765102
v -83.046058 1.515789 33.068409
v -84 1.515789 36
v -83.562976 1.515789 36
v -83.046058 1.515789 33.068409
v -84 1.515789 32.900203
v -84 1.515789 36
v -84 1.515789 36
v -83.628484 1.515789 36.371516
v -83.562976 1.515789 36
v -84 1.515789 36
v -84 1.515789 38.478486
v -83.628484 1.515789 36.371516
v -36 0.884211 85.6
v -37.6 0.884211 90.4
v -36 0.884211 90.4
v -36 0.884211 85.6
v -41.4 0.884211 86.6
v -37.6 0.884211 90.4
v -36 0.884211 85.6
v -41.4 0.884211 85.6
v -41.4 0.884211 86.6
v -41.4 0.884211 86.6
v -41.4 0.884211 90.4
v -37.6 0.884211 90.4
v -36 0.884211 90.4
v -34.6 0.884211 85.6
v -36 0.884211 85.6
v -36 0.884211 90.4
v -34.6 0.884211 90.4
v -34.6 0.884211 85.6
v -36 1.168421 40.6
v -39.4 1.168421 40.6
v -36 1.168421 44
v -39.4 1.168421 40.6
v -41.4 1.168421 44
v -36 1.168421 44
v -39.4 1.168421 40.6
v -41.4 1.168421 40.6
v -41.4 1.168421 44
v -41.4 1.168421 44
v -36 1.168421 45.4
v -36 1.168421 44
v -41.4 1.168421 44
v -41.4 1.168421 45.4
v -36 1.168421 45.4
v -34.6 1.168421 44
v -36 1.168421 40.6
v -36 1.168421 44
v -34.6 1.168421 44
v -34.6 1.168421 40.6
v -36 1.168421 40.6
v -36 1.168421 44
v -34.6 1.168421 45.4
v -34.6 1.168421 44
v -36 1.168421 44
v -36 1.168421 45.4
v -34.6 1.168421 45.4
v -84 2.248421 -85.394113
v -84.697056 2.248421 -84.697056
v -84 2.248421 -84
v -84.697056 2.248421 -84.697056
v -85.394113 2.248421 -84
v -84 2.248421 -84
v -85.394113 2.248421 -84
v -84 2.248421 -79.191674
v -84 2.248421 -84
v -85.394113 2.248421 -84
v -87.101219 2.248421 -82.292893
v -84 2.248421 -79.191674
v -79.191674 2.248421 -84
v -84 2.248421 -85.394113
v -84 2.248421 -84
v -79.191674 2.248421 -84
v -82.292893 2.248421 -87.101219
v -84 2.248421 -85.394113
v -84 2.248421 -84
v -78.898781 2.248421 -83.707107
v -79.191674 2.248421 -84
v -84 2.248421 -84
v -81.302944 2.248421 -81.302944
v -78.898781 2.248421 -83.707107
v -84 2.248421 -84
v -83.707107 2.248421 -78.898781
v -81.302944 2.248421 -81.302944
v -84 2.248421 -84
v -84 2.248421 -79.191674
v -83.707107 2.248421 -78.898781
v 76 0.574737 21.6
v 71.6 0.574737 23.6
v 76 0.574737 28
v 76 0.574737 21.6
v 71.6 0.574737 21.6
v 71.6 0.574737 23.6
v 71.6 0.574737 23.6
v 71.6 0.574737 28
v 76 0.574737 28
v 71.6 0.574737 28
v 76 0.574737 28.4
v 76 0.574737 28
v 71.6 0.574737 28
v 71.6 0.574737 28.4
v 76 0.574737 28.4
v 76.4 0.574737 28
v 76 0.574737 21.6
v 76 0.574737 28
v 76.4 0.574737 28
v 76.4 0.574737 21.6
v 76 0.574737 21.6
v 76 0.574737 28
v 76.4 0.574737 28.4
v 76.4 0.574737 28
v 76 0.574737 28
v 76 0.574737 28.4
v 76.4 0.574737 28.4
v 4 1.237895 -14.4
v 3.6 1.237895 -12.4
v 4 1.237895 -12
v 4 1.237895 -14.4
v 3.6 1.237895 -14.4
v 3.6 1.237895 -12.4
v 3.6 1.237895 -12.4
v 3.6 1.237895 -12
v 4 1.237895 -12
v 3.6 1.237895 -12
v 4 1.237895 -9.6
v 4 1.237895 -12
v 3.6 1.237895 -12
v 3.6 1.237895 -9.6
v 4 1.237895 -9.6
v 8.4 1.237895 -12
v 4 1.237895 -14.4
v 4 1.237895 -12
v 8.4 1.237895 -12
v 8.4 1.237895 -14.4
v 4 1.237895 -14.4
v 4 1.237895 -12
v 8.4 1.237895 -9.6
v 8.4 1.237895 -12
v 4 1.237895 -12
v 6.4 1.237895 -9.6
v 8.4 1.237895 -9.6
v 4 1.237895 -12
v 4 1.237895 -9.6
v 6.4 1.237895 -9.6
v 75.4 0.675789 11.4
v 75.4 0.675789 6.6
v 70.6 0.675789 6.6
v 70.6 0.675789 6.6
v 75.4 0.675789 12
v 75.4 0.675789 11.4
v 70.6 0.675789 6.6
v 70.6 0.675789 12
v 75.4 0.675789 12
v 70.6 0.675789 12
v 75.4 0.675789 13.4
v 75.4 0.675789 12
v 70.6 0.675789 12
v 70.6 0.675789 13.4
v 75.4 0.675789 13.4
v -36.627976 1.522105 -19.57172
v -36 1.522105 -16.298104
v -36 1.522105 -19.318001
v -36.627976 1.522105 -19.57172
v -37.676874 1.522105 -16.975605
v -36 1.522105 -16.298104
v -31.10045 1.522105 -15.10045
v -30.323126 1.522105 -17.024395
v -34.855656 1.522105 -18.855656
v -34.855656 1.522105 -18.855656
v -31.372024 1.522105 -14.42828
v -31.10045 1.522105 -15.10045
v -34.855656 1.522105 -18.855656
v -36 1.522105 -16.298104
v -31.372024 1.522105 -14.42828
v -34.855656 1.522105 -18.855656
v -36 1.522105 -19.318001
v -36 1.522105 -16.298104
v 82.71911 1.111579 -68
v 78.72129 1.111579 -68.423896
v 78.819154 1.111579 -68
v 82.71911 1.111579 -68
v 82.423896 1.111579 -69.27871
v 78.72129 1.111579 -68.423896
v 78.819154 1.111579 -68
v 83.27871 1.111579 -65.576104
v 82.71911 1.111579 -68
v 78.819154 1.111579 -68
v 79.576104 1.111579 -64.72129
v 83.27871 1.111579 -65.576104
vn 0 0.999989 0.004737
vn 0.004737 0.999989 0
vn 0.004511 0.99997 0.006316
vn 0.00628 0.994376 0.105718
vn 0.518454 0.855089 0.005401
vn 0.518454 0.855089 0.005401
vn 0.518454 0.855089 0.005401
vn 0.004511 0.99997 0.006316
vn 0.006316 0.999969 0.004737
vn 0.518454 0.855089 0.005401
vn 0.006316 0.99996 0.006316
vn 0.518454 0.855089 0.005401
vn 0.518454 0.855089 0.005401
vn 0.006316 0.99996 0.006316
vn 0.006316 0.99996 0.006316
vn 0.518454 0.855089 0.005401
vn 0.006316 0.99996 0.006316
vn 0.518454 0.855089 0.005401
vn 0.518454 0.855089 0.005401
vn 0.006316 0.99996 0.006316
vn 0.006316 0.99996 0.006316
vn 0.518454 0.855089 0.005401
vn 0.006316 0.99996 0.006316
vn 0.518454 0.855089 0.005401
vn 0.518454 0.855089 0.005401
vn 0.006316 0.99996 0.006316
vn 0.006316 0.99996 0.006316
vn 0.518454 0.855089 0.005401
vn 0.006316 0.99996 0.006316
vn 0.518454 0.855089 0.005401
vn 0.518454 0.855089 0.005401
vn 0.006316 0.99996 0.006316
vn 0.006316 0.99996 0.006316
vn 0.006316 0.99996 0.006316
vn 0.518454 0.855089 0.005401
vn 0.006316 0.99996 0.006316
vn 0.006316 0.99996 0.006316
vn 0.006316 0.99996 0.006316
vn 0.006316 0.99996 0.006316
vn 0.518459 0.855097 -0.003164
vn 0.516381 0.856342 0.005408
vn 0.006316 0.99996 0.006316
vn 0.006316 0.99996 0.006316
vn 0.006316 0.99996 0.006316
vn 0.006316 0.99996 0.006316
vn 0.557545 0.677985 -0.479041
vn 0.006316 0.99996 0.006316
vn 0.006316 0.99996 0.006316
vn 0.006316 0.99996 0.006316
vn 0.006316 0.99996 0.006316
vn 0.006316 0.99996 0.006316
vn 0.006316 0.99996 0.006316
vn 0.006316 0.99996 0.006316
vn 0.006316 0.99996 0.006316
vn 0.006316 0.99996 0.006316
vn 0.006316 0.99996 0.006316
vn 0.006316 0.99996 0.006316
vn 0.006316 0.99996 0.006316
vn 0.006316 0.99996 0.006316
vn 0.009624 0.999934 0.006315
vn 0.006316 0.99996 0.006316
vn 0.006316 0.99996 0.006316
vn 0.006316 0.99996 0.006316
vn 0.006316 0.99996 0.006316
vn -0.004381 0.999846 0.017011
vn 0.009624 0.999934 0.006315
vn 0.518454 0.855089 0.005401
vn 0.006316 0.99996 0.006316
vn 0.006316 0.99996 0.006316
vn 0.518454 0.855089 0.005401
vn 0.518454 0.855089 0.005401
vn 0.518454 0.855089 0.005401
vn 0.006316 0.99996 0.006316
vn 0.009624 0.999934 0.006315
vn -0.034231 0.811367 0.583533
vn 0.518454 0.855089 0.005401
vn -0.004376 0.99865 0.051766
vn 0.518454 0.855089 0.005401
vn 0.006316 0.99996 0.006316
vn 0.006316 0.99996 0.006316
vn 0.518454 0.855089 0.005401
vn 0.518454 0.855089 0.005401
vn 0.006316 0.99996 0.006316
vn 0.518454 0.855089 0.005401
vn 0.518454 0.855089 0.005401
vn 0.006316 0.99996 0.006316
vn 0.006316 0.99996 0.006316
vn 0.518454 0.855089 0.005401
vn 0.006316 0.99996 0.006316
vn 0.518454 0.855089 0.005401
vn 0.518454 0.855089 0.005401
vn 0.006316 0.99996 0.006316
vn 0.006316 0.99996 0.006316
vn 0.518454 0.855089 0.005401
vn 0.006316 0.99996 0.006316
vn 0.518454 0.855089 0.005401
vn 0.518454 0.855089 0.005401
vn 0.006316 0.99996 0.006316
vn 0.006316 0.99996 0.006316
vn 0.518454 0.855089 0.005401
vn 0.518454 0.855089 0.005401
vn 0.006316 0.99996 0.006316
vn 0.518454 0.855089 0.005401
vn 0.518454 0.855089 0.005401
vn 0.006316 0.99996 0.006316
vn 0.006316 0.99996 0.006316
vn 0.518454 0.855089 0.005401
vn 0.006316 0.99996 0.006316
vn 0.006316 0.99996 0.006316
vn 0.518452 0.855086 0.006008
vn 0.521994 0.852932 0.005387
vn 0.006316 0.99996 0.006316
vn 0.006316 0.99996 0.006316
vn 0.521994 0.852932 0.005387
vn 0.006316 0.99996 0.006316
vn 0.521996 0.852935 0.004791
vn 0.518513 0.855052 0.0054
vn 0.006316 0.99996 0.006316
vn 0.006316 0.99996 0.006316
vn 0.518513 0.855052 0.0054
vn 0.006316 0.99996 0.006316
vn 0.518513 0.855052 0.00539
vn 0.518454 0.855089 0.005401
vn 0.006316 0.99996 0.006316
vn 0.006316 0.99996 0.006316
vn 0.518454 0.855089 0.005401
vn 0.006316 0.99996 0.006316
vn 0.518454 0.855089 0.005401
vn 0.518454 0.855089 0.005401
vn 0.006316 0.99996 0.006316
vn 0.006316 0.99996 0.006316
vn 0.518454 0.855089 0.005401
vn 0.006316 0.99996 0.006316
vn 0.518452 0.855086 0.005898
vn 0.521354 0.853323 0.005389
vn 0.006316 0.99996 0.006316
vn 0.006316 0.99996 0.006316
vn 0.521354 0.853323 0.005389
vn 0.006316 0.99996 0.006316
vn 0.521355 0.853326 0.004893
vn 0.518454 0.855089 0.005401
vn 0.006316 0.99996 0.006316
vn 0.006316 0.99996 0.006316
vn 0.518454 0.855089 0.005401
vn 0.006316 0.99996 0.006316
vn 0.518454 0.855089 0.005401
vn 0.518454 0.855089 0.005401
vn 0.006316 0.99996 0.006316
vn 0.006316 0.99996 0.006316
vn 0.518454 0.855089 0.005401
vn 0.006316 0.99996 0.006316
vn 0.518454 0.855089 0.005401
vn 0.518454 0.855089 0.005401
vn 0.006316 0.99996 0.006316
vn 0.006316 0.99996 0.006316
vn 0.518454 0.855089 0.005401
vn 0.006316 0.99996 0.006316
vn 0.518454 0.855089 0.005401
vn 0.518454 0.855089 0.005401
vn 0.006316 0.99996 0.006316
vn 0.006316 0.99996 0.006316
vn 0.518454 0.855089 0.005401
vn 0.006316 0.99996 0.006316
vn 0.518454 0.855089 0.005401
vn 0.518454 0.855089 0.005401
vn 0.006316 0.99996 0.006316
vn 0.006316 0.99996 0.006316
vn 0.518454 0.855089 0.005401
vn 0.006316 0.99996 0.006316
vn 0.518454 0.855089 0.005401
vn 0.518454 0.855089 0.005401
vn 0.006316 0.99996 0.006316
vn 0.006316 0.99996 0.006316
vn 0.518454 0.855089 0.005401
vn 0.006316 0.99996 0.006316
vn 0.006316 0.99996 0.006316
vn 0.13046 0.859211 -0.494708
vn 0.13046 0.859211 -0.494708
vn 0.006316 0.99996 0.006316
vn 0.006316 0.99996 0.006316
vn 0.518454 0.855089 0.005401
vn 0.518454 0.855089 0.005401
vn 0.518454 0.855089 0.005401
vn 0.518454 0.855089 0.005401
vn 0.518454 0.855089 0.005401
vn 0.006316 0.99996 0.006316
vn 0.006316 0.99996 0.006316
vn 0.006316 0.99996 0.006316
vn 0.006316 0.99996 0.006316
vn 0.006316 0.99996 0.006316
vn 0.004737 0.999969 0.006316
vn 0.006316 0.999969 0.004737
vn 0.006315 0.999934 0.00956
vn 0.007891 0.999938 0.007891
vn 0.009716 0.999933 0.006315
vn 0.006316 0.99996 0.006316
vn 0.014092 0.999881 0.006315
vn -0.404988 0.814573 0.415277
vn -0.510489 0.859867 0.005431
vn -0.510489 0.859867 0.005431
vn -0.510489 0.859867 0.005431
vn 0.008016 0.999936 0.008016
vn 0.007601 0.999936 0.008348
vn 0.014092 0.999881 0.006315
vn 0.006316 0.99996 0.006316
vn 0.006316 0.99996 0.006316
vn 0.002161 0.99995 0.00974
vn 0.014092 0.999863 -0.008695
vn 0.005517 0.999978 0.003789
vn 0.001467 0.999958 0.009045
vn 0.004117 0.999968 0.006791
vn -0.510488 0.859865 0.005839
vn 0.007601 0.999942 0.007601
vn 0.002366 0.999952 0.009535
vn 0.001869 0.999957 0.009039
vn 0.006316 0.999961 0.006248
vn -0.510144 0.860072 0.005374
vn -0.510489 0.859867 0.005431
vn 0.004845 0.999959 0.007602
vn 0.006316 0.99996 0.006316
vn -0.510489 0.859867 0.005431
vn 0.006316 0.99996 0.006316
vn -0.510489 0.859867 0.005431
vn -0.510489 0.859867 0.005431
vn 0.006316 0.99996 0.006316
vn 0.006316 0.99996 0.006316
vn -0.510489 0.859867 0.005431
vn 0.006316 0.99996 0.006316
vn -0.510489 0.859867 0.005431
vn -0.510489 0.859867 0.005431
vn 0.006316 0.99996 0.006316
vn 0.006316 0.99996 0.006316
vn -0.510489 0.859867 0.005431
vn 0.006316 0.99996 0.006316
vn -0.510489 0.859867 0.005431
vn -0.510489 0.859867 0.005431
vn 0.006316 0.99996 0.006316
vn 0.006316 0.99996 0.006316
vn -0.510489 0.859867 0.005431
vn -0.506414 0.862284 -0.003191
vn 0.006316 0.99996 0.006316
vn 0.006316 0.99996 0.006316
vn 0.006316 0.99996 0.006316
vn 0.006316 0.99996 0.006316
vn 0.006316 0.99996 0.006316
vn -0.508381 0.861115 0.005439
vn 0.006316 0.99996 0.006316
vn 0.006316 0.99996 0.006316
vn 0.006316 0.99996 0.006316
vn -0.506414 0.862284 -0.003191
vn 0.006316 0.99996 0.006316
vn -0.508381 0.861115 0.005439
vn 0.112896 0.932941 -0.341871
vn -0.289998 0.781609 -0.552258
vn 0.006316 0.99996 0.006316
vn 0.006316 0.99996 0.006316
vn 0.006316 0.99996 0.006316
vn 0.006316 0.99996 0.006316
vn 0.006316 0.99996 0.006316
vn 0.006316 0.99996 0.006316
vn 0.006316 0.99996 0.006316
vn 0.006316 0.99996 0.006316
vn 0.006316 0.99996 0.006316
vn 0.006316 0.99996 0.006316
vn 0.006316 0.99996 0.006316
vn 0.006316 0.99996 0.006316
vn 0.003007 0.999976 0.006316
vn 0.006316 0.99996 0.006316
vn 0.006316 0.99996 0.006316
vn 0.006316 0.99996 0.006316
vn -0.010984 0.998599 0.051764
vn 0.006316 0.99996 0.006316
vn 0.006316 0.99996 0.006316
vn -0.510489 0.859867 0.005431
vn -0.510489 0.859867 0.005431
vn 0.006316 0.99996 0.006316
vn 0.006316 0.99996 0.006316
vn -0.510489 0.859867 0.005431
vn -0.510489 0.859867 0.005431
vn 0.006316 0.99996 0.006316
vn 0.003007 0.999976 0.006316
vn -0.553208 0.70026 0.451217
vn -0.172987 0.799604 0.575073
vn -0.010984 0.998599 0.051764
vn 0.006316 0.99996 0.006316
vn 0.006316 0.99996 0.006316
vn -0.510489 0.859867 0.005431
vn 0.006316 0.99996 0.006316
vn -0.510489 0.859867 0.005431
vn -0.510489 0.859867 0.005431
vn 0.006316 0.99996 0.006316
vn 0.006316 0.99996 0.006316
vn -0.510489 0.859867 0.005431
vn 0.006316 0.99996 0.006316
vn -0.510489 0.859867 0.005431
vn -0.510489 0.859867 0.005431
vn 0.006315 0.99994 0.008932
vn 0.009306 0.999937 0.006315
vn -0.510489 0.859867 0.005431
vn 0.009306 0.999937 0.006315
vn -0.510489 0.859867 0.005431
vn -0.510489 0.859867 0.005431
vn 0.009306 0.999935 0.00654
vn 0.009563 0.999934 0.006315
vn -0.510489 0.859867 0.005431
vn 0.009563 0.999934 0.006315
vn -0.510489 0.859867 0.005431
vn -0.510489 0.859867 0.005431
vn -0.510489 0.859867 0.005431
vn -0.510489 0.859867 0.005431
vn 0.006316 0.99996 0.006316
vn 0.006316 0.99996 0.006316
vn -0.510489 0.859867 0.005431
vn 0.011482 0.999924 0.004487
vn 0 0.999938 0.011135
vn 0.009157 0.999938 0.006315
vn -0.001435 0.9999 0.014066
vn 0.01263 0.999881 0.008841
vn -0.512086 0.858901 0.007594
vn -0.502798 0.864383 0.006073
vn 0 0.99988 0.015472
vn 0 0.999939 0.011052
vn 0.012631 0.99992 0
vn 0.006947 0.999967 0.004105
vn -0.502804 0.864393 0.003549
vn 0.002526 0.99996 0.008526
vn 0.001216 0.999991 0.004105
vn -0.510552 0.859834 0.004599
vn -0.509288 0.860589 0.003533
vn 0.011052 0.999939 0
vn 0.002526 0.999988 0.004105
vn -0.502804 0.864393 0.003549
vn -0.509285 0.860584 0.004892
vn 0.002526 0.999907 0.01342
vn 0.011229 0.99992 0.005805
vn -0.510551 0.859833 0.004992
vn 0.010646 0.999923 0.006388
vn -0.51092 0.859611 0.005492
vn -0.510489 0.859867 0.00542
vn 0.010646 0.99994 0.002526
vn 0.006316 0.99996 0.006316
vn -0.510489 0.859867 0.005431
vn 0.006316 0.99996 0.006316
vn -0.510489 0.859867 0.005431
vn -0.510489 0.859867 0.005431
vn 0.006315 0.999874 0.014581
vn 0.017141 0.999833 0.006315
vn -0.510489 0.859867 0.005431
vn 0.006315 0.99995 0.007733
vn -0.002302 0.999912 0.013055
vn -0.005413 0.999907 0.012513
vn 0.019925 0.999795 0.003529
vn 0.007774 0.999938 0.00798
vn -0.511542 0.859231 0.006857
vn -0.506017 0.862503 0.005949
vn -0.00152 0.999962 0.00862
vn 0.009792 0.999887 0.011437
vn -0.00228 0.999913 0.012976
vn 0.007775 0.999969 0.001371
vn -0.001027 0.999971 0.007514
vn 0.00268 0.999983 0.005082
vn -0.506021 0.86251 0.004383
vn 0.006315 0.999869 0.014913
vn -0.002639 0.999908 0.013335
vn 0.006316 0.999961 0.006093
vn 0.003283 0.999982 0.004958
vn -0.510491 0.85987 0.004639
vn -0.508932 0.860796 0.004268
vn 0.003385 0.999985 0.004377
vn -0.50557 0.862777 0.003777
vn -0.509106 0.860686 0.005619
vn 0.006316 0.99996 0.006316
vn 0.006316 0.99996 0.006316
vn -0.510489 0.859867 0.005431
vn 0.006316 0.99996 0.006316
vn -0.510489 0.859867 0.005431
vn -0.510489 0.859867 0.005431
vn 0.006316 0.99996 0.006316
vn 0.006316 0.99996 0.006316
vn -0.510489 0.859867 0.005431
vn 0.006316 0.99996 0.006316
vn -0.510489 0.859867 0.005431
vn -0.510489 0.859867 0.005431
vn 0.006316 0.99996 0.006316
vn 0.006316 0.99996 0.006316
vn -0.510489 0.859867 0.005431
vn 0.006316 0.99996 0.006316
vn -0.510489 0.859867 0.005431
vn -0.510489 0.859867 0.005431
vn 0.006316 0.99996 0.006316
vn 0.006316 0.99996 0.006316
vn -0.510489 0.859867 0.005431
vn 0.006316 0.99996 0.006316
vn -0.510489 0.859867 0.005431
vn -0.510489 0.859867 0.005431
vn 0.006316 0.99996 0.006316
vn 0.006316 0.99996 0.006316
vn -0.510489 0.859867 0.005431
vn 0.006316 0.99996 0.006316
vn -0.510489 0.859867 0.005431
vn -0.510489 0.859867 0.005431
vn 0.006316 0.99996 0.006316
vn 0.006316 0.99996 0.006316
vn 0.006316 0.99996 0.006316
vn 0.006316 0.99996 0.006316
vn 0.13046 0.859211 -0.494708
vn 0.13046 0.859211 -0.494708
vn -0.119123 0.855735 0.503515
vn -0.119123 0.855735 0.503515
vn -0.510489 0.859867 0.005431
vn 0.006316 0.99996 0.006316
vn 0.006316 0.99996 0.006316
vn 0.006316 0.99996 0.006316
vn 0.13046 0.859211 -0.494708
vn 0.13046 0.859211 -0.494708
vn -0.119123 0.855735 0.503515
vn -0.119123 0.855735 0.503515
vn 0.006316 0.99996 0.006316
vn 0.006316 0.99996 0.006316
vn 0.13046 0.859211 -0.494708
vn 0.13046 0.859211 -0.494708
vn -0.119123 0.855735 0.503515
vn -0.510489 0.859867 0.005431
vn -0.510489 0.859867 0.005431
vn -0.510489 0.859867 0.005431
vn -0.119123 0.855735 0.503515
vn -0.510489 0.859867 0.005431
vn 0.006316 0.99996 0.006316
vn 0.006316 0.99996 0.006316
vn 0.006316 0.99996 0.006316
vn 0.006316 0.99996 0.006316
vn 0.049856 0.998752 -0.002972
vn 0.006315 0.999938 0.009144
vn 0.006315 0.999829 0.017357
vn 0.05703 0.998364 0.004222
vn 0.002149 0.999985 0.004978
vn 0.027245 0.999435 0.01967
vn 0.005899 0.999937 0.00956
vn 0.007353 0.999973 -0.000226
vn 0.003789 0.999992 0.00136
vn -0.003789 0.999986 0.003789
vn 0.02725 0.999627 0.001895
vn 0.008748 0.99993 0.007925
vn 0.003789 0.999986 -0.003789
vn 0.007602 0.99993 0.009071
vn 0.008916 0.999913 0.009739
vn -0.003789 0.999986 0.003789
vn 0.007601 0.999868 0.014367
vn 0.014367 0.999868 0.007601
vn 0.017213 0.99985 0.001923
vn 0.000947 0.99982 0.018944
vn 0 0.999776 0.021153
vn 0.019135 0.999817 0
vn 0.011482 0.999914 0.006315
vn 0.008803 0.999954 0.003828
vn 0.011482 0.999934 0
vn 0.011173 0.999937 0.001457
vn 0.006316 0.99996 0.006316
vn 0.006316 0.99996 0.006316
vn 0.006316 0.99996 0.006316
vn 0.006316 0.99996 0.006316
vn 0.006316 0.99996 0.006316
vn 0.006316 0.99996 0.006316
vn 0.006316 0.99996 0.006316
vn 0.006316 0.99996 0.006316
vn 0.006316 0.99996 0.006316
vn 0.006316 0.99996 0.006316
vn 0.006316 0.99996 0.006316
vn 0.006315 0.999948 0.007973
vn 0.005356 0.999946 0.008932
vn 0.010359 0.999723 0.021152
vn 0.004105 0.999947 0.009473
vn 0 0.999808 0.019575
vn -0.004104 0.999768 0.021153
vn 0.028843 0.99958 0.002663
vn 0.009473 0.999934 0.00654
vn 0 0.999855 0.01705
vn 0 0.999875 0.015788
vn 0.009473 0.999955 0
vn 0.002908 0.999913 0.01288
vn 0.000076 0.999972 0.007433
vn 0.002842 0.999953 0.009301
vn 0 0.999961 0.008784
vn 0.009473 0.999955 0
vn 0.000947 0.999996 0.002526
vn 0.002908 0.999955 0.009079
vn 0.012464 0.999922 0
vn 0.010005 0.999947 0.00246
vn 0.002526 0.999929 0.011683
vn 0 0.999939 0.011052
vn 0.005917 0.999338 0.035897
vn 0.010558 0.999884 0.010983
vn 0 0.999671 0.025667
vn -0.015698 0.999232 0.035893
vn 0.03235 0.999432 0.009468
vn 0.012629 0.99983 0.013419
vn 0 0.999796 0.020206
vn 0 0.99992 0.012631
vn 0.012631 0.99992 0
vn 0.000947 0.999931 0.011683
vn 0.000205 0.999997 0.002526
vn 0.012631 0.99992 0
vn 0.000947 0.999996 0.002526
vn 0.000947 0.999931 0.011683
vn 0.007057 0.999951 0.006985
vn 0.000947 0.999982 0.005908
vn 0.008351 0.999949 0.005691
vn -0.000765 0.999971 0.00762
vn -0.001364 0.999969 0.007733
vn 0.00835 0.999945 0.006315
vn 0.012668 0.999917 0.002234
vn 0.006315 0.999943 0.008586
vn 0.064731 0.997837 0.011414
vn 0.006316 0.99996 0.006316
vn 0.006316 0.99996 0.006316
vn 0.006316 0.99996 0.006316
vn 0.006316 0.99996 0.006316
vn 0.006316 0.99996 0.006316
vn 0.006316 0.99996 0.006316
vn 0.006316 0.99996 0.006316
vn 0.006316 0.99996 0.006316
vn 0.006316 0.99996 0.006316
vn 0.006316 0.99996 0.006316
vn 0.006316 0.99996 0.006316
vn 0.006316 0.99996 0.006316
vn 0.006316 0.99996 0.006316
vn 0.13046 0.859211 -0.494708
vn 0.13046 0.859211 -0.494708
vn -0.119123 0.855735 0.503515
vn -0.119123 0.855735 0.503515
vn 0.006316 0.99996 0.006316
vn 0.006316 0.99996 0.006316
vn 0.006316 0.99996 0.006316
vn 0.13046 0.859211 -0.494708
vn 0.13046 0.859211 -0.494708
vn -0.119123 0.855735 0.503515
vn -0.119123 0.855735 0.503515
vn 0.006316 0.99996 0.006316
vn 0.006316 0.99996 0.006316
vn 0.006315 0.999885 0.013765
vn -0.002667 0.999712 0.023852
vn -0.012393 0.999823 0.014129
vn -0.00113 0.99975 0.022316
vn 0.01685 0.999838 0.006315
vn -0.012279 0.999826 0.014015
vn -0.013261 0.999824 0.013261
vn 0.016848 0.999716 0.016848
vn -0.012279 0.999849 0.012279
vn 0.01228 0.999923 -0.001769
vn 0.016848 0.999716 0.016848
vn 0.013375 0.999759 0.017383
vn 0.012279 0.999849 -0.012279
vn 0.00062 0.999984 0.005582
vn 0.004306 0.999989 0.001895
vn 0.000947 0.999959 0.009032
vn 0.004306 0.999927 0.01133
vn 0.003816 0.999922 0.0119
vn 0.000947 0.999959 0.009032
vn 0.003816 0.999922 0.0119
vn 0.000947 0.999896 0.014367
vn 0.000947 0.99998 0.006316
vn 0 0.999821 0.018944
vn 0 0.999821 0.018944
vn 0 0.999934 0.011482
vn 0.006316 0.999967 0.005167
vn 0 0.999993 0.003828
vn 0.006316 0.99996 0.006316
vn 0.006316 0.99996 0.006316
vn 0.006316 0.99996 0.006316
vn 0.006316 0.99996 0.006316
vn 0.006316 0.99996 0.006316
vn 0.006316 0.99996 0.006316
vn 0.006316 0.99996 0.006316
vn 0.006316 0.99996 0.006316
vn 0.006316 0.99996 0.006316
vn 0.004658 0.999957 0.007973
vn 0.004895 0.999968 0.006316
vn 0.005346 0.999968 0.006
vn 0.004105 0.999974 0.006
vn 0.011277 0.999936 0.000068
vn 0.00821 0.999965 0.001895
vn 0 0.999955 0.009473
vn 0.011277 0.999916 0.006315
vn 0.020297 0.999794 0
vn 0.011209 0.999896 0.009089
vn 0.004104 0.9998 0.019575
vn 0 0.999875 0.015788
vn 0.009078 0.999939 0.006315
vn 0.006315 0.999939 0.009078
vn 0.006316 0.99996 0.006316
vn 0.000902 0.999949 0.010105
vn 0.006315 0.999929 0.010105
vn 0.009022 0.999957 0.001985
vn 0.011368 0.999923 0.005052
vn 0 0.99994 0.010983
vn 0.009022 0.999939 0.006315
vn 0.018042 0.999837 0
vn 0.016284 0.999866 0.001759
vn 0.000947 0.999865 0.016419
vn 0 0.99992 0.012631
vn 0.011683 0.999912 0.006315
vn 0.006315 0.999912 0.011683
vn 0.006315 0.999944 0.008444
vn 0.008444 0.999944 0.006315
vn 0.006314 0.999795 0.019254
vn 0.009658 0.999832 0.015576
vn 0.007143 0.999782 0.019625
vn 0.040172 0.999086 -0.014622
vn 0.011398 0.999915 0.006315
vn -0.002726 0.999963 0.008182
vn 0.011398 0.999926 -0.004149
vn 0.006607 0.999976 0.002245
vn -0.001389 0.999929 0.011854
vn 0.000285 0.999987 0.005171
vn 0.001622 0.99996 0.008844
vn 0.006316 0.99996 0.006316
vn 0.003533 0.999952 0.009098
vn 0.006316 0.99996 0.006316
vn 0.006316 0.99996 0.006316
vn 0.006316 0.99996 0.006316
vn 0.006316 0.99996 0.006316
vn 0.006316 0.99996 0.006316
vn 0.006316 0.99996 0.006316
vn 0.006316 0.99996 0.006316
vn -0.119123 0.855735 0.503515
vn -0.119123 0.855735 0.503515
vn -0.119123 0.855735 0.503515
vn 0.006316 0.99996 0.006316
vn 0.006316 0.99996 0.006316
vn 0.13046 0.859211 -0.494708
vn 0.13046 0.859211 -0.494708
vn 0.13046 0.859211 -0.494708
vn 0.13046 0.859211 -0.494708
vn -0.119123 0.855735 0.503515
vn -0.119123 0.855735 0.503515
vn -0.119123 0.855735 0.503515
vn -0.119123 0.855735 0.503515
vn 0.006316 0.99996 0.006316
vn 0.006316 0.99996 0.006316
vn 0.005431 0.859867 -0.510489
vn 0.006316 0.99996 0.006316
vn 0.006316 0.99996 0.006316
vn 0.13046 0.859211 -0.494708
vn 0.006316 0.99996 0.006316
vn 0.006316 0.99996 0.006316
vn 0.006316 0.99996 0.006316
vn 0.006316 0.99996 0.006316
vn 0.006316 0.99996 0.006316
vn 0.006316 0.99996 0.006316
vn -0.001135 0.999905 0.013765
vn -0.001175 0.999904 0.013805
vn -0.00077 0.9999 0.01413
vn -0.001175 0.999995 0.002911
vn 0.005582 0.999977 -0.003846
vn -0.012279 0.999849 0.012279
vn 0.014511 0.999789 0.014511
vn 0.005582 0.999969 -0.005582
vn 0.014511 0.999789 0.014511
vn -0.005582 0.999969 0.005582
vn 0.014512 0.999822 0.012056
vn 0.002966 0.999902 0.013674
vn -0.005582 0.999969 0.005582
vn -0.01016 0.999815 0.016361
vn 0.001143 0.999879 0.015496
vn -0.007427 0.999932 0.009032
vn -0.005129 0.999923 0.01133
vn 0.003563 0.999993 0.000751
vn 0.019379 0.999812 -0.000435
vn 0.000947 0.999985 -0.005368
vn 0 0.99998 0.006316
vn 0.018944 0.999821 0
vn 0 0.99998 0.006316
vn 0.018942 0.999717 0.014364
vn -0.003413 0.999865 0.016043
vn 0 0.999804 0.019786
vn 0.006316 0.99996 0.006316
vn 0.013472 0.999889 0.006315
vn 0.006315 0.999898 0.012822
vn 0 0.999934 0.011482
vn 0.006316 0.99996 0.006316
vn 0.006316 0.99996 0.006316
vn 0.006316 0.99996 0.006316
vn 0.006316 0.99996 0.006316
vn 0.006316 0.99996 0.006316
vn 0.006316 0.99996 0.006316
vn 0.006316 0.99996 0.006316
vn 0.006316 0.99996 0.006316
vn 0.006316 0.99996 0.006316
vn 0.006316 0.99996 0.006316
vn 0.006316 0.99996 0.006316
vn 0.006316 0.99996 0.006316
vn 0.006316 0.99996 0.006316
vn 0.006316 0.99996 0.006316
vn 0.006316 0.99996 0.006316
vn 0.006316 0.99996 0.006316
vn 0.006316 0.99996 0.006316
vn 0.006316 0.99996 0.006316
vn 0.006316 0.99996 0.006316
vn 0.006316 0.99996 0.006316
vn 0.006316 0.99996 0.006316
vn 0.006316 0.99996 0.006316
vn 0.006316 0.999959 0.006556
vn 0.004427 0.999955 0.008445
vn 0.00027 0.999997 0.002567
vn 0.004678 0.999989 0.000512
vn 0.008057 0.999939 0.007534
vn 0.00567 0.999863 0.015577
vn 0.00816 0.999962 -0.00297
vn 0.00567 0.999863 0.015577
vn 0.00816 0.999962 -0.00297
vn 0.007289 0.999773 0.020026
vn 0.009093 0.999793 0.018222
vn 0.002674 0.999963 0.008182
vn -0.006167 0.999978 0.002245
vn 0.009094 0.999939 0.006319
vn 0.006315 0.999939 0.009098
vn 0.006316 0.99996 0.006316
vn 0.006316 0.99996 0.006316
vn 0.006316 0.99996 0.006316
vn 0.006316 0.99996 0.006316
vn 0.006316 0.99996 0.006316
vn 0.006316 0.99996 0.006316
vn 0.005401 0.855089 0.518454
vn 0.006316 0.99996 0.006316
vn 0.006316 0.99996 0.006316
vn 0.005401 0.855089 0.518454
vn 0.005401 0.855089 0.518454
vn 0.005401 0.855089 0.518454
vn -0.119123 0.855735 0.503515
vn -0.119123 0.855735 0.503515
vn 0.005401 0.855089 0.518454
vn 0.005431 0.859867 -0.510489
vn 0.006316 0.99996 0.006316
vn 0.005431 0.859867 -0.510489
vn 0.005431 0.859867 -0.510489
vn 0.005431 0.859867 -0.510489
vn 0.006316 0.99996 0.006316
vn 0.006316 0.99996 0.006316
vn 0.005431 0.859867 -0.510489
vn 0.006316 0.99996 0.006316
vn 0.006316 0.99996 0.006316
vn 0.005431 0.859867 -0.510489
vn 0.006316 0.99996 0.006316
vn 0.006316 0.99996 0.006316
vn 0.006316 0.99996 0.006316
vn 0.006316 0.99996 0.006316
vn 0.006316 0.99996 0.006316
vn 0.006316 0.99996 0.006316
vn 0.006316 0.99996 0.006316
vn 0.010275 0.999943 0.002911
vn 0.006316 0.99996 0.006316
vn 0.022813 0.999732 0.004003
vn 0.010274 0.999911 -0.008538
vn 0.014543 0.999819 0.012275
vn 0.017508 0.999741 0.014511
vn 0.014129 0.999823 -0.012393
vn 0.005582 0.999969 -0.005582
vn 0.014544 0.999874 0.006315
vn 0.008803 0.999889 0.012056
vn 0.008803 0.999941 0.006315
vn 0.014367 0.999897 0.000751
vn 0.014367 0.999877 0.006315
vn 0.006315 0.999877 0.014367
vn 0.006316 0.99996 0.006316
vn 0.006316 0.99996 0.006316
vn 0.006316 0.99996 0.006316
vn 0.006316 0.99996 0.006316
vn 0.006316 0.99996 0.006316
vn 0.006316 0.99996 0.006316
vn 0.006316 0.99996 0.006316
vn 0.006316 0.99996 0.006316
vn 0.006315 0.999946 0.008232
vn 0.008232 0.999946 0.006315
vn 0.008231 0.999923 0.009244
vn 0.01116 0.999918 0.006315
vn 0.01116 0.999937 0.001471
vn 0.006316 0.99996 0.006316
vn 0.006316 0.99996 0.006316
vn 0.006316 0.99996 0.006316
vn 0.006316 0.99996 0.006316
vn 0.006316 0.99996 0.006316
vn 0.006316 0.99996 0.006316
vn 0.006316 0.99996 0.006316
vn 0.006316 0.99996 0.006316
vn 0.006316 0.99996 0.006316
vn 0.006316 0.99996 0.006316
vn 0.006075 0.99996 0.006556
vn 0.006075 0.999962 0.006316
vn 0.009823 0.999948 0.002567
vn 0.009823 0.999932 0.006315
vn 0.006315 0.999932 0.009823
vn 0.055107 0.998476 -0.002966
vn 0.006328 0.999779 0.020026
vn 0.007143 0.999782 0.019625
vn 0.006319 0.99996 0.006316
vn 0.006316 0.99996 0.006319
vn 0.006316 0.99996 0.006316
vn 0.006316 0.99996 0.006316
vn 0.006316 0.99996 0.006316
vn 0.006316 0.99996 0.006316
vn 0.006316 0.99996 0.006316
vn 0.006316 0.99996 0.006316
vn 0.005401 0.855089 0.518454
vn 0.006316 0.99996 0.006316
vn 0.005401 0.855089 0.518454
vn 0.005401 0.855089 0.518454
vn 0.006316 0.99996 0.006316
vn 0.005431 0.859867 -0.510489
vn 0.005431 0.859867 -0.510489
vn 0.006316 0.99996 0.006316
vn 0.006316 0.99996 0.006316
vn 0.005431 0.859867 -0.510489
vn 0.006316 0.99996 0.006316
vn 0.006316 0.99996 0.006316
vn 0.006316 0.99996 0.006316
vn 0.006316 0.99996 0.006316
vn 0.006316 0.99996 0.006316
vn 0.006316 0.99996 0.006316
vn 0.006316 0.99996 0.006316
vn 0.006316 0.99996 0.006316
vn 0.006316 0.99996 0.006316
vn 0.006316 0.99996 0.006316
vn 0.006315 0.99993 0.010047
vn 0.010047 0.99993 0.006315
vn 0.010047 0.999932 0.005914
vn 0.011064 0.999929 0.00447
vn 0.011064 0.999929 0.00447
vn 0.008968 0.99994 0.006315
vn 0.00338 0.999956 0.008783
vn 0.008968 0.999953 0.003623
vn 0.00892 0.999953 0.003711
vn 0.005927 0.999963 0.006236
vn 0.006316 0.99996 0.006316
vn 0.006316 0.99996 0.006316
vn 0.005927 0.99996 0.006704
vn 0.006316 0.99996 0.006316
vn 0.006316 0.99996 0.006316
vn 0.006316 0.99996 0.006316
vn 0.006315 0.999951 0.007604
vn 0.005688 0.99995 0.008232
vn 0.012656 0.999558 0.026918
vn 0.002709 0.999873 0.015701
vn -0.002575 0.999697 0.024498
vn -0.005784 0.999671 0.024983
vn 0.033856 0.99941 0.005712
vn 0.0157 0.999834 0.009243
vn -0.002255 0.999767 0.021455
vn 0.015701 0.999875 0.00165
vn -0.00099 0.999955 0.009421
vn 0.016816 0.999858 0.000535
vn 0.006316 0.999979 0.001471
vn 0.00601 0.999979 0.002421
vn 0.000188 0.999998 -0.001786
vn 0.006038 0.99996 0.006594
vn 0.006316 0.99996 0.006316
vn 0.006316 0.99996 0.006316
vn 0.006316 0.99996 0.006316
vn 0.006316 0.999955 0.007105
vn 0.007105 0.999955 0.006316
vn 0.007105 0.999959 0.005526
vn 0.006316 0.99996 0.006316
vn 0.006315 0.99995 0.007697
vn 0.007697 0.99995 0.006315
vn 0.007697 0.999958 0.004934
vn 0.006316 0.99996 0.006316
vn 0.006316 0.99996 0.006316
vn 0.006316 0.99996 0.006316
vn 0.006315 0.999951 0.007635
vn 0.007635 0.999951 0.006315
vn 0.007635 0.999945 0.007209
vn 0.008528 0.999944 0.006315
vn 0.008528 0.999946 0.005972
vn 0.008185 0.999947 0.006315
vn 0.008185 0.999954 0.00508
vn 0.01041 0.999943 0.002537
vn 0.008915 0.856324 0.516362
vn 0.006632 0.999958 0.006316
vn 0.005719 0.854934 0.518706
vn 0.005671 0.855087 0.518453
vn 0.006388 0.99996 0.006243
vn 0.005746 0.858929 -0.512063
vn 0.005493 0.859839 -0.510536
vn 0.006316 0.99996 0.006316
vn 0.006316 0.99996 0.006316
vn 0.005431 0.859867 -0.510489
vn 0.006316 0.99996 0.006316
vn 0.006316 0.99996 0.006316
vn 0.006316 0.99996 0.006316
vn 0.006316 0.99996 0.006316
vn 0.006316 0.99996 0.006316
vn 0.006316 0.99996 0.006316
vn 0.006315 0.99995 0.007815
vn 0.007815 0.99995 0.006315
vn 0.007815 0.999953 0.005684
vn 0.007184 0.999954 0.006316
vn 0.006875 0.999732 0.022102
vn 0.007861 0.99991 0.010909
vn -0.007388 0.999805 0.018286
vn 0.020639 0.999752 0.008339
vn 0.014637 0.999842 0.010047
vn 0.014638 0.999875 0.005914
vn 0.014638 0.999875 0.005914
vn 0.018751 0.999719 0.014514
vn 0.021445 0.999739 0.007848
vn 0.016915 0.999834 0.006834
vn 0.002812 0.999532 0.030447
vn -0.001095 0.999961 0.008784
vn 0.016915 0.999834 0.006834
vn 0.002813 0.999944 0.010207
vn 0.006316 0.999958 0.006704
vn 0.006315 0.999934 0.009638
vn 0.009638 0.999934 0.006315
vn 0.004195 0.999964 0.00732
vn 0.00823 0.999956 0.004392
vn 0.011094 0.999938 0.000728
vn 0.010881 0.999931 0.004396
vn 0.013308 0.999911 -0.000677
vn 0.005018 0.999959 0.007603
vn 0.005762 0.999954 0.007684
vn 0.006316 0.99996 0.006316
vn 0.005018 0.999983 0.00302
vn -0.00165 0.999875 0.015701
vn -0.00165 0.999875 0.015701
vn -0.00231 0.999756 0.021979
vn 0.003634 0.999865 0.016037
vn -0.00099 0.999955 0.009421
vn 0.003634 0.99995 0.009275
vn 0.006316 0.999958 0.006594
vn 0.006316 0.99996 0.006316
vn 0.006316 0.99996 0.006316
vn 0.006315 0.999886 0.013728
vn 0 0.999695 0.024706
vn 0.016556 0.99983 0.008154
vn 0.015787 0.999859 0.005683
vn 0.021153 0.999776 0
vn 0 0.999955 0.009473
vn 0.015788 0.999875 0
vn 0.004658 0.999978 0.004816
vn 0.004842 0.999975 0.005198
vn 0.015788 0.999875 0
vn 0.007263 0.999957 0.005684
vn 0.004658 0.999942 0.009748
vn 0 0.999841 0.017846
vn 0.007496 0.999918 0.010352
vn 0.007894 0.99996 0.004105
vn 0.013262 0.999912 0
vn 0.000632 0.999944 0.010526
vn 0.007894 0.999969 0
vn 0.003474 0.99996 0.00821
vn 0.006316 0.999968 0.004842
vn 0.007579 0.999958 0.00511
vn 0.007579 0.999963 0.004105
vn 0.006316 0.99996 0.006316
vn 0.006316 0.99996 0.006316
vn 0.006315 0.999937 0.009265
vn 0.007946 0.999939 0.007635
vn 0.007946 0.999925 0.009329
vn 0.003393 0.999447 0.033077
vn 0.021306 0.999766 0.003757
vn 0.026745 0.999595 0.00973
vn 0.021306 0.999766 0.003757
vn 0.009329 0.999933 0.006834
vn 0.027198 0.999604 0.007167
vn -0.001735 0.999917 0.012785
vn 0.009329 0.999955 0.001645
vn 0.003897 0.999951 0.009111
vn 0.005394 0.999969 0.005658
vn 0.008034 0.999949 0.006162
vn 0.008289 0.999955 0.00472
vn 0.005394 0.99998 0.003158
vn 0.001677 0.999762 0.021734
vn 0.000947 0.999968 0.007894
vn 0 0.99998 0.006316
vn 0.000809 0.853544 0.521021
vn 0.010736 0.999942 0
vn 0.01484 0.999853 0.008573
vn 0.002347 0.999989 0.003969
vn 0.002309 0.999991 0.003566
vn 0.002648 0.854358 0.519679
vn 0.00201 0.856356 0.516382
vn 0.010736 0.999942 0
vn 0.005684 0.999983 0.001053
vn 0.01484 0.999881 0.004105
vn 0.004105 0.999955 0.008526
vn 0.002674 0.862614 -0.505855
vn 0.003529 0.85958 -0.51099
vn 0.006316 0.99996 0.006316
vn 0.005806 0.999964 0.006243
vn 0.004987 0.858932 -0.512065
vn 0.006316 0.99996 0.006316
vn 0.006316 0.99996 0.006316
vn 0.006316 0.99996 0.006316
vn 0.006316 0.99996 0.006316
vn 0.006316 0.99996 0.006316
vn 0.006316 0.99996 0.006316
vn 0.006314 0.99964 0.026078
vn 0 0.999314 0.037045
vn 0.027668 0.999573 0.009387
vn 0.029986 0.999534 0.005682
vn 0.035346 0.999375 0
vn 0.029987 0.99955 0
vn 0.029987 0.99955 0
vn 0.017366 0.999833 0.005683
vn 0.004316 0.99998 0.004702
vn 0.017366 0.999849 0
vn 0.012945 0.999852 0.011367
vn 0.013749 0.999894 -0.004732
vn 0.000917 0.99998 0.00625
vn 0.017906 0.99976 0.012587
vn 0.017907 0.999819 0.006404
vn 0.00739 0.999968 0.002986
vn 0.013748 0.999876 0.00774
vn 0.007388 0.999697 0.023475
vn 0.008949 0.99994 0.006315
vn 0.011841 0.999918 0.004784
vn 0.011841 0.999918 0.004784
vn 0.011841 0.99991 0.006315
vn 0.012986 0.999902 0.005247
vn 0.023578 0.999617 0.014512
vn 0.006315 0.999909 0.011918
vn 0.026122 0.999625 0.008216
vn 0.019425 0.999781 0.007848
vn 0.010206 0.999928 0.006315
vn 0.006315 0.999928 0.010206
vn 0.006316 0.999961 0.006182
vn 0.002859 0.999949 0.009639
vn 0.002859 0.999993 0.00242
vn 0.003737 0.999993 0.000625
vn 0.015751 0.999638 0.021812
vn 0.010122 0.99994 0.004089
vn -0.002957 0.999969 0.00732
vn 0.020442 0.999644 0.017121
vn 0.002361 0.999922 0.012272
vn -0.001774 0.999989 0.004392
vn 0.012202 0.999911 0.005456
vn 0.029689 0.999311 -0.022276
vn 0.027257 0.999628 0.000947
vn 0.004398 0.999986 0.00302
vn 0.020749 0.999757 0.007459
vn 0.011621 0.999932 0.001221
vn 0.02075 0.999783 0.001604
vn 0.020028 0.999797 0.002105
vn 0.009391 0.999875 0.012744
vn 0.002049 0.999686 0.024983
vn -0.00231 0.999756 0.021979
vn 0.007918 0.999939 0.007672
vn 0.006315 0.999937 0.009275
vn 0.006316 0.99996 0.006316
vn 0.006316 0.99996 0.006316
vn 0.006316 0.999971 0.004174
vn 0.001932 0.999929 0.011797
vn 0.006947 0.999973 0.002526
vn 0.004105 0.999992 0
vn 0 0.999906 0.013729
vn 0.009473 0.999955 0
vn 0.009473 0.999934 0.00654
vn 0.028843 0.99958 0.002663
vn 0 0.999855 0.01705
vn 0.010359 0.999723 0.021152
vn -0.004104 0.999768 0.021153
vn 0.004105 0.99983 0.017997
vn 0 0.999955 0.009473
vn 0.005356 0.999927 0.010866
vn 0.007876 0.999948 0.006485
vn 0.007876 0.999949 0.006315
vn 0.004613 0.999942 0.009748
vn 0.010526 0.999938 0.003665
vn 0.006631 0.999978 0
vn 0.010526 0.999925 0.006315
vn 0.018179 0.999835 0
vn 0.006315 0.99991 0.011865
vn 0.006315 0.99991 0.011865
vn 0 0.999945 0.010526
vn 0.006316 0.99996 0.006316
vn 0.006316 0.99996 0.006316
vn 0.006316 0.999962 0.006013
vn 0.003063 0.999952 0.009265
vn 0.003064 0.999994 0.001694
vn 0.00136 0.999979 0.006324
vn 0.012473 0.999905 0.005816
vn 0.007686 0.99997 0.001355
vn -0.001645 0.999955 0.009329
vn 0.015548 0.999875 0.002741
vn 0.015547 0.999842 0.008632
vn 0.018522 0.9998 0.007564
vn -0.00294 0.999857 0.016672
vn 0.007064 0.999794 0.019022
vn -0.003439 0.999847 0.017171
vn 0.003415 0.999863 0.01618
vn -0.002254 0.999916 0.012785
vn 0.005368 0.999966 0.006316
vn 0.007441 0.999964 -0.004046
vn 0.006316 0.99996 0.006316
vn 0.00744 0.999951 0.006524
vn 0.005401 0.855089 0.518454
vn 0.000237 0.999995 0.003158
vn 0.01245 0.999921 0.001514
vn 0.001895 0.999998 0.001123
vn 0.00905 0.856676 0.515776
vn 0.010617 0.852656 0.522364
vn 0 0.999969 0.007894
vn 0.000947 0.999948 0.010105
vn 0.002156 0.853542 0.52102
vn 0.000808 0.852704 0.522393
vn 0.008842 0.999941 0.006315
vn 0.007874 0.859853 -0.510481
vn 0.007611 0.860808 -0.508873
vn 0.006315 0.999941 0.008842
vn 0.004105 0.999955 0.008526
vn 0.003541 0.862612 -0.505854
vn 0.006316 0.99996 0.006316
vn 0.006316 0.99996 0.006316
vn 0.006316 0.99996 0.006316
vn 0.006316 0.99996 0.006316
vn 0.006316 0.99996 0.006316
vn 0.006316 0.99996 0.006316
vn 0.006315 0.999866 0.015101
vn 0 0.99966 0.026078
vn 0 0.99966 0.026078
vn 0 0.999923 0.012439
vn 0.006384 0.999961 0.006056
vn 0 0.999989 0.004702
vn 0.006384 0.99996 0.006316
vn 0.006316 0.99996 0.006384
vn 0.006316 0.99996 0.006316
vn 0.006316 0.99996 0.006316
vn 0.006316 0.99996 0.006316
vn 0.006316 0.99996 0.006316
vn 0.006316 0.99996 0.006316
vn 0.006449 0.99996 0.006182
vn 0.006449 0.999942 0.008684
vn 0.002805 0.99992 0.012327
vn 0.006247 0.999757 0.021153
vn 0.002526 0.999966 0.007894
vn 0 0.999808 0.019575
vn -0.002526 0.999773 0.021153
vn 0.024881 0.999687 0.002517
vn 0.007894 0.999962 0.003792
vn 0 0.999826 0.018628
vn 0 0.999849 0.017366
vn 0.007894 0.999969 0
vn 0.002462 0.999886 0.014905
vn -0.000207 0.999991 0.00423
vn 0.007894 0.999969 0
vn -0.002211 0.999997 0.000947
vn 0.002462 0.999931 0.011526
vn 0.006315 0.999951 0.007672
vn 0.006316 0.99996 0.006316
vn 0.006316 0.99996 0.006316
vn 0.006316 0.99996 0.006316
vn 0.009157 0.999952 0.003474
vn 0.009157 0.999864 0.013696
vn 0.016312 0.999846 0.00654
vn 0.022894 0.999735 0.002266
vn 0.000947 0.999849 0.017366
vn 0 0.999776 0.021153
vn 0.025159 0.999683 0
vn 0.012405 0.999883 0.008932
vn 0.007847 0.999958 0.004784
vn 0.012405 0.999923 0
vn 0.01233 0.999924 0.000301
vn 0.006316 0.99996 0.006316
vn 0.006316 0.99996 0.006316
vn 0.006316 0.99996 0.006316
vn 0.006316 0.99996 0.006316
vn 0.006316 0.99996 0.006316
vn 0.006316 0.99996 0.006316
vn 0.006618 0.99996 0.006013
vn 0.006618 0.999958 0.006316
vn 0.008633 0.999953 0.0043
vn 0.008633 0.999943 0.006315
vn 0.006315 0.999943 0.008633
vn 0.006316 0.99996 0.006316
vn 0.006316 0.99996 0.006316
vn 0.005401 0.855089 0.518454
vn 0.006316 0.99996 0.006316
vn 0.005401 0.855089 0.518454
vn 0.005401 0.855089 0.518454
vn 0.006316 0.99996 0.006316
vn 0.005431 0.859867 -0.510489
vn 0.005431 0.859867 -0.510489
vn 0.006316 0.99996 0.006316
vn 0.006316 0.99996 0.006316
vn 0.005431 0.859867 -0.510489
vn 0.006316 0.99996 0.006316
vn 0.006316 0.99996 0.006316
vn 0.006316 0.99996 0.006316
vn 0.006316 0.99996 0.006316
vn 0.006316 0.99996 0.006316
vn 0.006316 0.99996 0.006316
vn 0.006316 0.999972 0.004119
vn 0 0.999886 0.015101
vn 0 0.999886 0.015101
vn 0 0.999798 0.020092
vn 0.006315 0.999885 0.013778
vn 0 0.999923 0.012439
vn 0.006316 0.99996 0.006316
vn 0.006316 0.99996 0.006316
vn 0.006316 0.99996 0.006316
vn 0.006316 0.99996 0.006316
vn 0.006316 0.99996 0.006316
vn 0.006316 0.99996 0.006316
vn 0.006316 0.99996 0.006316
vn 0.006316 0.99996 0.006316
vn 0.006316 0.99996 0.006316
vn 0.003947 0.999955 0.008684
vn 0.004249 0.999971 0.006316
vn 0.004631 0.999971 0.006
vn 0.002526 0.999979 0.006
vn 0.010526 0.999945 0.000105
vn 0.005053 0.999981 0.003474
vn 0 0.999969 0.007894
vn 0.010526 0.999925 0.006315
vn 0.018179 0.999835 0
vn 0.013434 0.999898 0.004746
vn 0.002526 0.999805 0.019575
vn 0 0.999849 0.017366
vn 0.011525 0.999914 0.006315
vn 0.006315 0.999914 0.011525
vn 0.006316 0.99996 0.006316
vn 0.006316 0.99996 0.006316
vn 0.006316 0.99996 0.006316
vn 0.006316 0.99996 0.006316
vn 0.006315 0.999945 0.008328
vn 0.000947 0.999906 0.013696
vn 0.000947 0.999988 0.004737
vn 0 0.999849 0.017366
vn 0 0.999849 0.017366
vn 0 0.999923 0.012439
vn 0.006316 0.999961 0.006124
vn 0 0.999989 0.004785
vn 0.006316 0.99996 0.006316
vn 0.006316 0.99996 0.006316
vn 0.006316 0.99996 0.006316
vn 0.006316 0.99996 0.006316
vn 0.006316 0.99996 0.006316
vn 0.006316 0.99996 0.006316
vn 0.006316 0.99996 0.006316
vn 0.006316 0.99996 0.006316
vn 0.006316 0.99996 0.006316
vn 0.006316 0.99996 0.006316
vn 0.005401 0.855089 0.518454
vn 0.006316 0.99996 0.006316
vn 0.005401 0.855089 0.518454
vn 0.005401 0.855089 0.518454
vn 0.006316 0.99996 0.006316
vn 0.005431 0.859867 -0.510489
vn 0.005431 0.859867 -0.510489
vn 0.006316 0.99996 0.006316
vn 0.006316 0.99996 0.006316
vn 0.005431 0.859867 -0.510489
vn 0.006316 0.99996 0.006316
vn 0.006316 0.99996 0.006316
vn 0.006316 0.99996 0.006316
vn 0.006316 0.99996 0.006316
vn 0.006316 0.99996 0.006316
vn 0.006316 0.99996 0.006316
vn 0.006315 0.999851 0.016066
vn 0.030427 0.999202 -0.025886
vn 0.030436 0.999495 0.00915
vn 0.000426 0.999991 0.004119
vn 0.037923 0.999279 0.001655
vn 0.009789 0.999952 0
vn 0.037922 0.999263 0.006025
vn 0.05128 0.998684 0
vn 0.05128 0.998684 0
vn 0.05128 0.998684 -0.000211
vn -0.001276 0.999724 0.023462
vn 0 0.999408 0.034401
vn 0.006315 0.999854 0.015875
vn 0.018538 0.999702 0.015872
vn 0.006314 0.99975 0.02143
vn 0 0.999798 0.020092
vn 0.006316 0.99996 0.006316
vn 0.006316 0.99996 0.006316
vn 0.006316 0.99996 0.006316
vn 0.006316 0.99996 0.006316
vn 0.006316 0.99996 0.006316
vn 0.006316 0.99996 0.006316
vn 0.006316 0.99996 0.006316
vn 0.006316 0.99996 0.006316
vn 0.006316 0.99996 0.006316
vn 0.006316 0.99996 0.006316
vn 0.006316 0.99996 0.006316
vn 0.006316 0.99996 0.006316
vn 0.006316 0.99996 0.006316
vn 0.006316 0.99996 0.006316
vn 0.006316 0.99996 0.006316
vn 0.006316 0.99996 0.006316
vn 0.006316 0.99996 0.006316
vn 0.006316 0.99996 0.006316
vn 0.006316 0.99996 0.006316
vn 0.006316 0.99996 0.006316
vn 0.006316 0.999972 0.004055
vn 0.002042 0.999963 0.008329
vn 0.006418 0.999976 0.002419
vn 0.021025 0.999779 -0.000503
vn 0.000947 0.999985 -0.005368
vn 0 0.999989 0.004737
vn 0.020522 0.999789 0
vn 0 0.999989 0.004737
vn 0.02052 0.999712 0.01247
vn -0.004933 0.999834 0.017563
vn 0 0.999747 0.022479
vn 0.006316 0.99996 0.006316
vn 0.016166 0.999849 0.006315
vn 0.006315 0.999885 0.013778
vn 0 0.999923 0.012439
vn 0.006316 0.99996 0.006316
vn 0.006316 0.99996 0.006316
vn 0.006316 0.99996 0.006316
vn 0.006316 0.99996 0.006316
vn 0.006316 0.99996 0.006316
vn 0.006316 0.99996 0.006316
vn 0.006316 0.99996 0.006316
vn 0.006316 0.99996 0.006316
vn 0.006316 0.99996 0.006316
vn 0.006316 0.99996 0.006316
vn 0.005401 0.855089 0.518454
vn 0.006316 0.99996 0.006316
vn 0.005401 0.855089 0.518454
vn 0.005401 0.855089 0.518454
vn 0.006316 0.99996 0.006316
vn 0.005431 0.859867 -0.510489
vn 0.005431 0.859867 -0.510489
vn 0.006316 0.99996 0.006316
vn 0.006316 0.99996 0.006316
vn 0.005431 0.859867 -0.510489
vn 0.006316 0.99996 0.006316
vn 0.006316 0.99996 0.006316
vn 0.006316 0.99996 0.006316
vn 0.006316 0.99996 0.006316
vn 0.006316 0.99996 0.006316
vn 0.006316 0.99996 0.006316
vn 0.006314 0.999653 0.025577
vn -0.009533 0.998492 0.054065
vn 0.025649 0.999492 0.018928
vn 0.027977 0.999563 0.00958
vn 0.03569 0.999343 0.006293
vn 0.027978 0.999596 0.004933
vn 0.027978 0.999596 0.004933
vn 0.015547 0.999861 0.006028
vn 0.000261 0.999983 0.005777
vn 0.015548 0.999875 0.002741
vn 0.014966 0.999874 0.005377
vn 0.006316 0.99998 -0.000277
vn 0.01723 0.999852 -0.000227
vn 0.016515 0.999856 0.003827
vn 0.006315 0.999919 0.011038
vn 0.011038 0.999919 0.006315
vn 0.011038 0.999937 0.002096
vn 0.006819 0.999957 0.006316
vn 0.006819 0.99996 0.005812
vn 0.006316 0.99996 0.006316
vn 0.006316 0.99996 0.006316
vn 0.006316 0.99996 0.006316
vn 0.006315 0.999916 0.011277
vn 0.008947 0.999932 0.007518
vn 0.010736 0.999942 0
vn 0.01015 0.999929 0.006315
vn 0.010736 0.999942 0
vn 0.00831 0.999963 0.002022
vn 0.01015 0.999929 0.006315
vn 0.005864 0.99996 0.006767
vn 0.00831 0.999965 0
vn 0.006316 0.99996 0.006316
vn 0.006316 0.99996 0.006316
vn 0.006316 0.99996 0.006316
vn 0.006316 0.99996 0.006316
vn 0.006316 0.99996 0.006316
vn 0.006316 0.99996 0.006316
vn 0.006316 0.99996 0.006316
vn 0.006316 0.99996 0.006316
vn 0.006316 0.99996 0.006316
vn 0.006316 0.99996 0.006316
vn 0.006316 0.99996 0.006316
vn 0.006316 0.99996 0.006316
vn 0.006316 0.99996 0.006316
vn 0.008576 0.999955 0.004055
vn 0.008576 0.999943 0.006315
vn 0.012473 0.999919 0.002419
vn 0.012472 0.999902 0.006315
vn 0.006315 0.999902 0.012472
vn 0.006316 0.99996 0.006316
vn 0.006316 0.99996 0.006316
vn 0.006316 0.99996 0.006316
vn 0.006316 0.99996 0.006316
vn 0.006316 0.99996 0.006316
vn 0.006316 0.99996 0.006316
vn 0.006316 0.99996 0.006316
vn 0.006316 0.99996 0.006316
vn 0.006316 0.99996 0.006316
vn 0.006316 0.99996 0.006316
vn 0.005401 0.855089 0.518454
vn 0.006316 0.99996 0.006316
vn 0.005401 0.855089 0.518454
vn 0.005401 0.855089 0.518454
vn 0.006316 0.99996 0.006316
vn 0.005431 0.859867 -0.510489
vn 0.005431 0.859867 -0.510489
vn 0.006316 0.99996 0.006316
vn 0.006316 0.99996 0.006316
vn 0.005431 0.859867 -0.510489
vn 0.006316 0.99996 0.006316
vn 0.006316 0.99996 0.006316
vn 0.006316 0.99996 0.006316
vn 0.006316 0.99996 0.006316
vn 0.006316 0.99996 0.006316
vn 0.006316 0.99996 0.006316
vn 0.006315 0.999922 0.010788
vn -0.00451 0.999663 0.025577
vn -0.00451 0.999663 0.025577
vn -0.003028 0.999848 0.017171
vn 0.006315 0.999949 0.007829
vn -0.001019 0.999983 0.005777
vn 0.006315 0.999928 0.010179
vn 0.00353 0.999907 0.013173
vn 0.013457 0.999813 0.013881
vn 0.00353 0.999907 0.013173
vn 0.004357 0.999912 0.01256
vn 0.041668 0.999112 0.00631
vn 0.013458 0.999883 0.007338
vn 0.004357 0.999858 0.016259
vn 0.028399 0.999568 -0.007609
vn 0.0061 0.999979 0.002096
vn 0.002599 0.999945 0.01018
vn 0.0061 0.99998 -0.001635
vn 0.001852 0.999962 0.00848
vn 0.006316 0.999959 0.006464
vn 0.005907 0.999963 0.006316
vn 0.005508 0.999973 0.004824
vn 0.006316 0.99996 0.006316
vn 0.006316 0.99996 0.006316
vn 0.006316 0.999963 0.00591
vn 0.007579 0.999963 0.004105
vn 0.007579 0.999955 0.005684
vn 0.000406 0.999936 0.011277
vn 0.009473 0.999948 0.003789
vn 0.001895 0.999998 0
vn 0.009473 0.999932 0.006789
vn 0.013715 0.999894 0.00488
vn 0 0.999942 0.010736
vn 0.006315 0.999905 0.01228
vn -0.001544 0.999923 0.01228
vn 0.006315 0.999935 0.009473
vn 0 0.999977 0.006767
vn 0.006315 0.999819 0.017929
vn 0.006314 0.999764 0.020791
vn 0 0.9997 0.024486
vn 0.024241 0.999706 0
vn 0.015223 0.999864 0.006315
vn 0.015224 0.999884 0
vn 0.015224 0.999884 0
vn 0.006203 0.999961 0.006316
vn 0.006203 0.99996 0.006428
vn 0.003291 0.999951 0.00934
vn 0 0.999971 0.007659
vn 0.006316 0.99996 0.006316
vn 0.006316 0.99996 0.006316
vn 0.006316 0.99996 0.006316
vn 0.006316 0.99996 0.006316
vn 0.006316 0.99996 0.006316
vn 0.006316 0.99996 0.006316
vn 0.006316 0.99996 0.006316
vn 0.006316 0.99996 0.006316
vn 0.006316 0.99996 0.006316
vn 0.006316 0.99996 0.006316
vn 0.006316 0.99996 0.006316
vn 0.006316 0.99996 0.006316
vn 0.006316 0.99996 0.006316
vn 0.006316 0.99996 0.006316
vn 0.006316 0.99996 0.006316
vn 0.006316 0.99996 0.006316
vn 0.006316 0.99996 0.006316
vn 0.006316 0.99996 0.006316
vn 0.006316 0.99996 0.006316
vn 0.006316 0.99996 0.006316
vn 0.006316 0.99996 0.006316
vn 0.006316 0.99996 0.006316
vn 0.006316 0.99996 0.006316
vn -0.068298 0.994383 0.080859
vn 0.005401 0.855089 0.518454
vn 0.006316 0.99996 0.006316
vn -0.068521 0.99763 0.006301
vn 0.005431 0.859867 -0.510489
vn 0.006316 0.99996 0.006316
vn 0.006316 0.99996 0.006316
vn 0.005431 0.859867 -0.510489
vn 0.006316 0.99996 0.006316
vn 0.006316 0.99996 0.006316
vn 0.006316 0.99996 0.006316
vn 0.006316 0.99996 0.006316
vn 0.006316 0.99996 0.006316
vn 0.006316 0.99996 0.006316
vn 0.006316 0.999979 0.001739
vn -0.001902 0.99994 0.010788
vn -0.001902 0.99994 0.010788
vn -0.006028 0.999397 0.034188
vn 0.00493 0.999718 0.023239
vn -0.003028 0.999848 0.017171
vn 0.004931 0.999953 0.008404
vn 0.006025 0.999959 0.006754
vn 0.005508 0.999973 0.004824
vn 0.002599 0.999945 0.01018
vn 0.0061 0.999972 0.004231
vn -0.000392 1 0.000105
vn 0.019173 0.999796 0.006298
vn 0.0061 0.999981 0.001055
vn 0.016287 0.999857 -0.004477
vn 0.014479 0.999888 -0.00388
vn 0.00641 0.999798 0.019061
vn 0.014479 0.999888 -0.00388
vn 0.006411 0.999919 0.011038
vn 0.00353 0.999907 0.013173
vn 0.006315 0.999926 0.010387
vn 0.002728 0.999944 0.01018
vn 0.006316 0.99996 0.006316
vn 0.006316 0.99996 0.006316
vn 0.006316 0.99996 0.006316
vn 0.006789 0.99996 0.005842
vn 0.006789 0.999957 0.006316
vn 0.006316 0.999957 0.006789
vn 0.006315 0.999944 0.008472
vn 0 0.999784 0.020791
vn 0 0.999784 0.020791
vn 0 0.999865 0.016454
vn 0.006315 0.999929 0.01014
vn 0 0.999956 0.00934
vn 0.006315 0.999938 0.009152
vn 0.009152 0.999938 0.006315
vn 0.009151 0.999798 0.017905
vn 0.020741 0.999765 0.006314
vn 0.020741 0.999776 0.00421
vn 0.018637 0.999806 0.006315
vn 0.018637 0.999817 0.00421
vn 0.016532 0.999843 0.006315
vn 0.016533 0.999854 0.00421
vn 0.014428 0.999876 0.006315
vn 0.014428 0.999887 0.00421
vn 0.012323 0.999904 0.006315
vn 0.012324 0.999915 0.00421
vn 0.010219 0.999928 0.006315
vn 0.010219 0.999944 0.002721
vn 0.006624 0.999958 0.006316
vn 0.011199 0.99992 0.005963
vn 0.006316 0.999962 0.006068
vn 0.006316 0.99996 0.006316
vn 0.006316 0.99996 0.006316
vn 0.008485 0.999946 0.005968
vn 0.006316 0.99996 0.006316
vn 0.006316 0.99996 0.006316
vn 0.006316 0.99996 0.006316
vn 0.006316 0.99996 0.006316
vn 0.006316 0.99996 0.006316
vn 0.006316 0.99996 0.006316
vn 0.006316 0.99996 0.006316
vn 0.006316 0.99996 0.006316
vn 0.006316 0.99996 0.006316
vn 0.006316 0.99996 0.006316
vn 0.006316 0.99996 0.006316
vn 0.006316 0.99996 0.006316
vn 0.006316 0.99996 0.006316
vn 0.006316 0.99996 0.006316
vn 0.006316 0.99996 0.006316
vn 0.006316 0.99996 0.006316
vn 0.006316 0.99996 0.006316
vn 0.006316 0.99996 0.006316
vn 0.006316 0.99996 0.006316
vn 0.006316 0.99996 0.006316
vn 0.006316 0.99996 0.006316
vn 0.006316 0.99996 0.006316
vn 0.006316 0.99996 0.006316
vn 0.006316 0.99996 0.006316
vn 0.006316 0.99996 0.006316
vn 0.006316 0.99996 0.006316
vn 0.006316 0.99996 0.006316
vn 0.006316 0.99996 0.006316
vn 0.006316 0.99996 0.006316
vn 0.006316 0.99996 0.006316
vn 0.006316 0.99996 0.006316
vn 0.006316 0.99996 0.006316
vn 0.006316 0.99996 0.006316
vn 0.006316 0.99996 0.006316
vn 0.006316 0.99996 0.006316
vn 0.006316 0.99996 0.006316
vn 0.006316 0.99996 0.006316
vn 0.006316 0.99996 0.006316
vn 0.006316 0.99996 0.006316
vn 0.006316 0.99996 0.006316
vn 0.006316 0.99996 0.006316
vn 0.006316 0.99996 0.006316
vn 0.006316 0.99996 0.006316
vn 0.006316 0.99996 0.006316
vn 0.006316 0.99996 0.006316
vn 0.006316 0.99996 0.006316
vn 0.006316 0.99996 0.006316
vn 0.006316 0.99996 0.006316
vn 0.006316 0.99996 0.006316
vn 0.006316 0.99996 0.006316
vn 0.006316 0.99996 0.006316
vn 0.006316 0.99996 0.006316
vn 0.006316 0.99996 0.006316
vn 0.006316 0.99996 0.006316
vn 0.006316 0.99996 0.006316
vn 0.006316 0.99996 0.006316
vn 0.006316 0.99996 0.006316
vn 0.006316 0.99996 0.006316
vn 0.006316 0.99996 0.006316
vn 0.006316 0.99996 0.006316
vn 0.006316 0.99996 0.006316
vn 0.006316 0.99996 0.006316
vn 0.006316 0.99996 0.006316
vn 0.006316 0.99996 0.006316
vn 0.006316 0.99996 0.006316
vn 0.006316 0.99996 0.006316
vn 0.006316 0.99996 0.006316
vn 0.006316 0.99996 0.006316
vn 0.006316 0.99996 0.006316
vn 0.006316 0.99996 0.006316
vn 0.006316 0.99996 0.006316
vn 0.006316 0.99996 0.006316
vn 0.006316 0.99996 0.006316
vn 0.006316 0.99996 0.006316
vn 0.006316 0.99996 0.006316
vn 0.006316 0.99996 0.006316
vn 0.006316 0.99996 0.006316
vn 0.006316 0.99996 0.006316
vn 0.019477 0.999787 -0.006848
vn 0.003009 0.999994 0.001739
vn 0.015813 0.999871 0.002788
vn 0.019477 0.99979 0.006314
vn 0.015808 0.999508 0.027089
vn 0.018796 0.999803 0.006315
vn 0.02272 0.999734 0.004006
vn 0.02272 0.999734 0.004006
vn 0.02272 0.999722 0.006314
vn 0.025172 0.999673 0.004439
vn 0.008206 0.999737 0.021406
vn -0.00035 0.999354 0.03595
vn -0.006028 0.999397 0.034188
vn 0.0077 0.99995 0.006315
vn 0.006819 0.999951 0.007197
vn 0.006819 0.999957 0.006316
vn 0.011038 0.999937 0.002096
vn 0.011038 0.999919 0.006315
vn 0.006315 0.999919 0.011038
vn 0.006316 0.99996 0.006316
vn 0.006316 0.99996 0.006316
vn 0.006316 0.99996 0.006316
vn 0.006316 0.99996 0.006316
vn 0.006316 0.99996 0.006316
vn 0.006316 0.99996 0.006316
vn 0.006316 0.99996 0.006316
vn 0.006643 0.999962 0.005676
vn 0.006643 0.999958 0.006316
vn 0.003847 0.999957 0.008472
vn 0.008725 0.999953 0.004234
vn 0.004263 0.999991 0
vn 0.008725 0.999942 0.006315
vn 0.015372 0.999882 0
vn 0.015372 0.999882 0
vn 0.015372 0.999862 0.006315
vn 0.022017 0.999758 0
vn 0.006315 0.999857 0.015704
vn 0.006315 0.999839 0.01681
vn 0 0.999865 0.016454
vn 0.006314 0.999765 0.020741
vn 0.017905 0.999798 0.009151
vn 0.017876 0.998179 0.057614
vn 0 0.995654 0.09313
vn 0.061781 0.997592 0.031531
vn 0.057623 0.998338 0
vn 0.061811 0.998079 0.004202
vn 0.057623 0.998338 0
vn 0.057623 0.998338 0
vn 0.049238 0.998778 0.004205
vn 0.049238 0.998787 0
vn 0.049238 0.998787 0
vn 0.040843 0.999157 0.004207
vn 0.040843 0.999166 0
vn 0.040843 0.999166 0
vn 0.032439 0.999465 0.004208
vn 0.032439 0.999474 0
vn 0.032439 0.999474 0
vn 0.024028 0.999702 0.004209
vn 0.024028 0.999711 0
vn 0.024028 0.999711 0
vn 0.015612 0.999869 0.00421
vn 0 0.999999 0.001228
vn 0.015612 0.999878 0
vn 0.0057 0.999974 -0.004472
vn 0.011403 0.999934 0.001231
vn 0.011403 0.999926 0.00421
vn 0.0057 0.999962 0.006666
vn 0.006316 0.999962 0.005963
vn 0.005401 0.855089 0.518454
vn 0.006316 0.999962 0.005963
vn 0.071625 0.880824 0.467995
vn 0.006316 0.99996 0.006316
vn 0.006316 0.99996 0.006316
vn 0.069751 0.857785 -0.509254
vn 0.006316 0.99996 0.006316
vn 0.006316 0.99996 0.006316
vn 0.006316 0.99996 0.006316
vn 0.006316 0.99996 0.006316
vn 0.006316 0.99996 0.006316
vn 0.006316 0.99996 0.006316
vn 0.006316 0.99996 0.006316
vn 0.006316 0.99996 0.006316
vn 0.006316 0.99996 0.006316
vn 0.006316 0.99996 0.006316
vn 0.006316 0.99996 0.006316
vn 0.006316 0.99996 0.006316
vn 0.006316 0.99996 0.006316
vn 0.006316 0.99996 0.006316
vn 0.006316 0.99996 0.006316
vn 0.006316 0.99996 0.006316
vn 0.006316 0.99996 0.006316
vn 0.006316 0.99996 0.006316
vn 0.006316 0.99996 0.006316
vn 0.006316 0.99996 0.006316
vn 0.006316 0.99996 0.006316
vn 0.006316 0.99996 0.006316
vn 0.006316 0.99996 0.006316
vn 0.006316 0.99996 0.006316
vn 0.006316 0.99996 0.006316
vn 0.006316 0.99996 0.006316
vn 0.006316 0.99996 0.006316
vn 0.006316 0.99996 0.006316
vn 0.006316 0.99996 0.006316
vn 0.006316 0.99996 0.006316
vn 0.006316 0.99996 0.006316
vn 0.006316 0.99996 0.006316
vn 0.006316 0.99996 0.006316
vn 0.006316 0.99996 0.006316
vn 0.006315 0.999806 0.018637
vn 0.00421 0.999776 0.020741
vn 0.004205 0.998778 0.049238
vn 0 0.998338 0.057623
vn 0 0.998338 0.057623
vn 0 0.999953 0.009649
vn 0.00421 0.999976 0.005438
vn 0 0.999999 0.001228
vn 0.00421 0.99995 0.009072
vn 0.006316 0.999958 0.006666
vn 0.005401 0.855089 0.518454
vn 0.006316 0.999958 0.006666
vn 0.005401 0.855089 0.518454
vn 0.005401 0.855089 0.518454
vn 0.006316 0.99996 0.006316
vn 0.005431 0.859867 -0.510489
vn 0.005431 0.859867 -0.510489
vn 0.006316 0.99996 0.006316
vn 0.006316 0.99996 0.006316
vn 0.005431 0.859867 -0.510489
vn 0.006316 0.99996 0.006316
vn 0.006316 0.99996 0.006316
vn 0.006316 0.99996 0.006316
vn 0.006316 0.99996 0.006316
vn 0.006316 0.99996 0.006316
vn 0.006316 0.99996 0.006316
vn 0.006316 0.99996 0.006316
vn 0.006316 0.99996 0.006316
vn 0.006316 0.99996 0.006316
vn 0.006316 0.99996 0.006316
vn 0.006316 0.99996 0.006316
vn 0.006316 0.99996 0.006316
vn 0.006316 0.99996 0.006316
vn 0.006316 0.99996 0.006316
vn 0.006316 0.99996 0.006316
vn 0.006316 0.99996 0.006316
vn 0.006316 0.99996 0.006316
vn 0.006316 0.99996 0.006316
vn 0.006316 0.99996 0.006316
vn 0.006316 0.99996 0.006316
vn 0.006316 0.99996 0.006316
vn 0.006316 0.99996 0.006316
vn 0.006315 0.999953 0.007421
vn 0.007421 0.999953 0.006315
vn 0.007421 0.999959 0.005282
vn 0.006387 0.99996 0.006316
vn 0.006387 0.99996 0.006244
vn 0.006316 0.99996 0.006316
vn 0.006316 0.99996 0.006316
vn 0.006316 0.99996 0.006316
vn 0.006315 0.999843 0.016532
vn 0.00421 0.999817 0.018637
vn 0.004207 0.999157 0.040843
vn 0 0.998787 0.049238
vn 0 0.998787 0.049238
vn 0 0.999837 0.018067
vn 0.00421 0.999895 0.013858
vn 0 0.999953 0.009649
vn 0.00421 0.999925 0.011478
vn 0.006315 0.999939 0.009072
vn 0.005401 0.855089 0.518454
vn 0.006315 0.999939 0.009072
vn 0.005401 0.855089 0.518454
vn 0.005401 0.855089 0.518454
vn 0.006316 0.99996 0.006316
vn 0.005431 0.859867 -0.510489
vn 0.005431 0.859867 -0.510489
vn 0.006316 0.99996 0.006316
vn 0.006316 0.99996 0.006316
vn 0.005431 0.859867 -0.510489
vn 0.006315 0.999954 0.007281
vn 0.007281 0.999954 0.006315
vn 0.00728 0.999922 0.01012
vn 0.011085 0.999919 0.006315
vn 0.011085 0.999929 0.004337
vn 0.011018 0.999926 0.005138
vn 0.009852 0.999932 0.006315
vn 0.011018 0.999926 0.005138
vn 0.003694 0.99995 0.009332
vn 0.009852 0.999932 0.006315
vn 0.00985 0.999755 -0.019839
vn 0.00279 0.999948 0.009841
vn 0.003694 0.999992 0.001722
vn 0.006316 0.99996 0.006316
vn 0.006316 0.99996 0.006316
vn 0.006316 0.99996 0.006316
vn 0.006316 0.99996 0.006316
vn 0.006316 0.99996 0.006316
vn 0.006316 0.99996 0.006316
vn 0.006316 0.99996 0.006316
vn 0.006315 0.999876 0.014423
vn 0.014423 0.999876 0.006315
vn 0.014423 0.999895 -0.001558
vn 0.00655 0.999959 0.006316
vn 0.00655 0.99996 0.006081
vn 0.006316 0.99996 0.006316
vn 0.006316 0.99996 0.006316
vn 0.006316 0.99996 0.006316
vn 0.006314 0.999794 0.019294
vn 0.006315 0.999855 0.015787
vn 0 0.999785 0.020747
vn 0.004069 0.999806 0.019294
vn 0.014989 0.999831 0.01062
vn 0.022099 0.999728 0.007419
vn 0 0.999727 0.023362
vn 0.0221 0.999756 0
vn 0 0.999995 0.003158
vn 0.023477 0.999723 -0.001378
vn 0.008683 0.999948 0.005282
vn 0.002526 0.999997 0.000632
vn 0 0.999993 -0.003789
vn 0.005297 0.99995 0.008447
vn 0.0075 0.999952 0.006244
vn 0.007884 0.999869 0.014123
vn 0.005683 0.999704 0.023677
vn 0 0.999665 0.025886
vn 0.022004 0.999758 0
vn 0.014352 0.999877 0.006315
vn 0.014353 0.999897 0.000823
vn 0.024093 0.999551 0.017799
vn 0 0.999997 0.002468
vn -0.022922 0.999012 0.038083
vn 0.00322 0.999858 0.016533
vn 0.003787 0.999267 0.038093
vn 0.003318 0.999409 0.034217
vn 0 0.999166 0.040843
vn 0 0.999166 0.040843
vn 0 0.999649 0.026482
vn 0.004209 0.999743 0.022275
vn 0 0.999837 0.018067
vn 0.00421 0.999895 0.013883
vn 0.006315 0.999914 0.011478
vn 0.005401 0.855089 0.518454
vn 0.006315 0.999914 0.011478
vn 0.005401 0.855089 0.518454
vn 0.005401 0.855089 0.518454
vn 0.006316 0.99996 0.006316
vn 0.005431 0.859867 -0.510489
vn 0.005431 0.859867 -0.510489
vn 0.006316 0.99996 0.006316
vn 0.006316 0.99996 0.006316
vn 0.005431 0.859867 -0.510489
vn 0.006315 0.999949 0.007846
vn 0.006881 0.99995 0.007281
vn 0.016113 0.999768 0.014305
vn -0.002547 0.999953 0.009301
vn -0.006978 0.999864 0.014964
vn 0.020744 0.999738 0.009673
vn 0.009301 0.999906 0.01012
vn 0.009301 0.999947 0.004337
vn 0.013593 0.999888 0.006339
vn 0.009301 0.999947 0.004337
vn 0.013593 0.999888 0.006339
vn 0.017906 0.999815 0.007016
vn 0.013592 0.999829 0.012543
vn 0.02165 0.999715 0.010096
vn 0.006315 0.999807 0.018608
vn -0.004589 0.999941 0.009841
vn 0.006316 0.99996 0.006316
vn 0.006316 0.99996 0.006316
vn 0.006316 0.99996 0.006316
vn 0.006316 0.99996 0.006316
vn 0.006316 0.99996 0.006316
vn 0.006316 0.99996 0.006316
vn 0.006315 0.999827 0.017468
vn 0.006342 0.999828 0.017425
vn 0.009276 0.999852 0.014492
vn 0.020767 0.999767 -0.005892
vn 0.020808 0.999755 -0.007573
vn 0.020767 0.999756 -0.007559
vn 0.020767 0.999756 -0.007559
vn 0.008902 0.999959 -0.001558
vn 0.0054 0.999875 0.014835
vn 0.008902 0.999955 -0.00324
vn -0.001351 0.999766 0.021584
vn 0.008902 0.999955 -0.00324
vn -0.00761 0.999901 0.011798
vn 0.001386 0.999981 0.006081
vn 0.000389 0.999925 0.012242
vn 0.006316 0.99996 0.006316
vn 0.006316 0.999957 0.006767
vn 0 0.999875 0.015788
vn 0 0.999875 0.015788
vn 0 0.999875 0.015788
vn 0.002526 0.999909 0.013262
vn 0 0.999995 0.003158
vn 0.002526 0.999929 0.011604
vn 0.005684 0.999948 0.008447
vn 0.005684 0.999923 0.011052
vn 0 0.99972 0.023678
vn 0 0.99972 0.023678
vn 0 0.999656 0.026219
vn 0.003788 0.999741 0.022433
vn 0 0.999841 0.017804
vn 0.003788 0.999638 0.026648
vn 0 0.999414 0.034217
vn 0 0.999414 0.034217
vn 0 0.999391 0.034891
vn 0.004209 0.99952 0.030687
vn 0 0.999649 0.026482
vn 0.00421 0.999858 0.016288
vn 0.006315 0.999884 0.013883
vn 0.005401 0.855089 0.518454
vn 0.006315 0.999884 0.013883
vn 0.005401 0.855089 0.518454
vn 0.005401 0.855089 0.518454
vn 0.006316 0.99996 0.006316
vn 0.005431 0.859867 -0.510489
vn 0.005431 0.859867 -0.510489
vn 0.006316 0.99996 0.006316
vn 0.006316 0.99996 0.006316
vn 0.005431 0.859867 -0.510489
vn 0.006316 0.99996 0.006316
vn 0.004785 0.999958 0.007846
vn 0.004785 0.999969 0.006316
vn 0.020293 0.999724 -0.01186
vn 0.011821 0.99991 0.006315
vn -0.000866 0.999956 0.009301
vn 0.010034 0.999917 0.008103
vn 0.007306 0.999968 0.003407
vn 0.010034 0.99993 0.006315
vn 0.011382 0.999921 0.005308
vn 0.010909 0.999924 0.00578
vn 0.013593 0.999888 0.006339
vn 0.010909 0.999921 0.006315
vn 0.006316 0.999955 0.007017
vn 0.006315 0.999921 0.010909
vn 0.003738 0.999914 0.012544
vn 0.006316 0.99996 0.006316
vn 0.006316 0.99996 0.006316
vn 0.006316 0.99996 0.006316
vn 0.006316 0.99996 0.006316
vn 0.006316 0.99996 0.006316
vn 0.006316 0.99996 0.006316
vn 0.006316 0.99996 0.006316
vn 0.004882 0.99992 0.011652
vn 0.00294 0.999976 0.006316
vn -0.000937 0.999847 0.017469
vn 0.002296 0.999973 0.006959
vn -0.009761 0.999946 0.003553
vn 0.002296 0.999992 0.003224
vn 0.014835 0.999875 -0.0054
vn 0.014835 0.999875 -0.0054
vn 0.014835 0.999874 0.005619
vn -0.006948 0.999487 0.031272
vn 0.009717 0.999596 0.026696
vn 0.01129 0.999621 0.025123
vn 0.0054 0.999875 0.014835
vn 0.011294 0.99991 0.007263
vn 0.006315 0.999905 0.012242
vn 0.006316 0.999965 0.005458
vn 0.013893 0.999889 -0.005368
vn 0.013893 0.999887 0.005684
vn 0.001759 0.999976 0.006767
vn 0.015787 0.999868 0.003789
vn 0.00821 0.999966 0
vn 0.015787 0.999845 0.007805
vn 0.033119 0.999451 0
vn 0.023025 0.999684 0.010102
vn 0.002526 0.999738 0.022731
vn 0 0.999875 0.015788
vn 0.011753 0.99991 0.006443
vn 0.006592 0.999911 0.011604
vn 0.006592 0.999975 -0.002386
vn 0.00099 0.999949 0.010062
vn 0.013262 0.999912 0.000947
vn 0.007263 0.999974 0
vn 0 0.999939 0.011052
vn 0.014209 0.999899 0
vn 0.014207 0.999769 0.016102
vn 0.062042 0.997995 0.012483
vn 0 0.999524 0.03084
vn 0.024804 0.998453 0.049756
vn -0.018952 0.998581 0.049763
vn 0.003788 0.999517 0.030845
vn 0 0.999656 0.026219
vn 0.005368 0.999859 0.015919
vn 0 0.999645 0.026648
vn 0 0.999645 0.026648
vn 0 0.999062 0.043293
vn 0.004207 0.999227 0.039093
vn 0 0.999391 0.034891
vn 0.00421 0.999816 0.018693
vn 0.006315 0.999847 0.016288
vn 0.005401 0.855089 0.518454
vn 0.006315 0.999847 0.016288
vn 0.005401 0.855089 0.518454
vn 0.005401 0.855089 0.518454
vn 0.006316 0.99996 0.006316
vn 0.005431 0.859867 -0.510489
vn 0.005431 0.859867 -0.510489
vn 0.006316 0.99996 0.006316
vn 0.006316 0.99996 0.006316
vn 0.005431 0.859867 -0.510489
vn 0.006316 0.99996 0.006316
vn 0.006316 0.99996 0.006316
vn 0.006316 0.99996 0.006316
vn 0.006316 0.99996 0.006316
vn 0.006316 0.99996 0.006316
vn 0.006316 0.99996 0.006316
vn 0.006315 0.99995 0.007791
vn 0.007791 0.99995 0.006315
vn 0.007791 0.999958 0.00484
vn 0.006316 0.99996 0.006316
vn 0.006316 0.99996 0.006316
vn 0.006316 0.99996 0.006316
vn 0.006316 0.99996 0.006316
vn 0.006316 0.99996 0.006316
vn 0.006316 0.99996 0.006316
vn 0.006316 0.99996 0.006316
vn 0.006316 0.99996 0.006316
vn 0.009407 0.999951 0.003224
vn 0.009407 0.999936 0.006315
vn 0.007264 0.999938 0.008459
vn 0.007264 0.999954 0.006315
vn 0.006315 0.999954 0.007264
vn 0.006316 0.99996 0.006316
vn 0.007105 0.999959 0.005526
vn 0.007105 0.99995 0.007104
vn 0.006403 0.999949 0.007806
vn 0.011298 0.999848 0.013261
vn 0.004045 0.999981 0.004715
vn -0.00007 0.999912 0.013262
vn 0.006947 0.999975 0.000947
vn -0.000632 1 0
vn 0.024555 0.999698 0
vn 0.004737 0.999968 0.006443
vn 0.007894 0.999969 0
vn 0.004737 0.999987 0.001603
vn 0.007894 0.999907 0.011091
vn 0 0.999932 0.011683
vn 0.002734 0.999892 0.014409
vn 0 0.999994 0.003474
vn -0.006966 0.999887 0.013306
vn 0.035656 0.999364 -0.000552
vn 0.002526 0.999955 0.009157
vn 0.007986 0.999926 0.009157
vn 0.003318 0.999906 0.013306
vn 0.027516 0.999608 0.005191
vn 0.002526 0.999986 0.004737
vn 0 0.999932 0.011683
vn 0.032702 0.999465 0
vn -0.00307 0.999866 0.016103
vn -0.00307 0.999869 0.015892
vn 0 0.999785 0.020756
vn 0.010905 0.9994 0.032865
vn 0 0.99984 0.017878
vn -0.030928 0.998564 0.043734
vn 0 0.999873 0.015919
vn 0 0.999042 0.043755
vn 0 0.998663 0.051685
vn 0.004206 0.998863 0.04749
vn 0 0.999062 0.043293
vn 0.00421 0.999769 0.021098
vn 0.006315 0.999805 0.018693
vn 0.005401 0.855089 0.518454
vn 0.006315 0.999805 0.018693
vn 0.005401 0.855089 0.518454
vn 0.005401 0.855089 0.518454
vn 0.006316 0.99996 0.006316
vn 0.005431 0.859867 -0.510489
vn 0.005431 0.859867 -0.510489
vn 0.006316 0.99996 0.006316
vn 0.006316 0.99996 0.006316
vn 0.005431 0.859867 -0.510489
vn 0.006316 0.99996 0.006316
vn 0.006316 0.99996 0.006316
vn 0.006316 0.99996 0.006316
vn 0.006316 0.99996 0.006316
vn 0.006316 0.99996 0.006316
vn 0.006316 0.99996 0.006316
vn 0.006316 0.99996 0.006316
vn 0.006316 0.999961 0.006104
vn 0.003108 0.999949 0.00965
vn 0.007269 0.999955 0.006095
vn 0.001306 0.999997 0.001844
vn 0.002438 0.999945 0.010193
vn 0.009254 0.999927 0.007791
vn 0.002453 0.999937 0.010912
vn 0.003077 0.999995 0.000073
vn -0.001029 0.999999 0.000238
vn 0.003349 0.999943 0.010131
vn 0.009255 0.999955 -0.002137
vn 0.000602 0.999973 0.007301
vn 0.003077 0.999995 0.000458
vn 0.00655 0.999977 -0.001512
vn 0.006316 0.999954 0.007165
vn 0.004773 0.99997 0.006062
vn 0.004223 0.999984 0.00368
vn 0.006316 0.99996 0.006316
vn 0.006316 0.99996 0.006316
vn 0.006316 0.99996 0.006316
vn 0.006316 0.99996 0.006316
vn 0.006316 0.99996 0.006316
vn 0.006316 0.99996 0.006316
vn 0.006316 0.99996 0.006316
vn 0.006316 0.99996 0.006316
vn 0.006316 0.99996 0.006316
vn 0.006316 0.99996 0.006316
vn 0.006316 0.99996 0.006316
vn 0.006316 0.99996 0.006316
vn 0.006316 0.99996 0.006316
vn 0.006316 0.99996 0.006316
vn 0.006316 0.99996 0.006316
vn 0.005527 0.999959 0.007104
vn 0.005527 0.999965 0.006316
vn 0.009671 0.999951 0.002172
vn 0.00967 0.999933 0.006315
vn 0.004894 0.999927 0.011091
vn 0.004895 0.999968 0.006316
vn 0.006454 0.999978 -0.00148
vn 0.006454 0.999962 0.005932
vn 0.000237 0.999989 0.004737
vn 0.01048 0.999943 0.001906
vn 0.000316 1 0
vn 0.01048 0.999944 -0.001228
vn 0 0.999825 0.018681
vn 0.020756 0.999785 0
vn 0 0.999785 0.020756
vn 0 0.999785 0.020756
vn 0 0.999785 0.020756
vn 0 0.998194 0.060067
vn 0.004204 0.998429 0.055877
vn 0 0.998663 0.051685
vn 0.004209 0.999715 0.023502
vn 0.006314 0.999757 0.021098
vn 0.005401 0.855089 0.518454
vn 0.006314 0.999757 0.021098
vn 0.005401 0.855089 0.518454
vn 0.005401 0.855089 0.518454
vn 0.006316 0.99996 0.006316
vn 0.005431 0.859867 -0.510489
vn 0.005431 0.859867 -0.510489
vn 0.006316 0.99996 0.006316
vn 0.006316 0.99996 0.006316
vn 0.005431 0.859867 -0.510489
vn 0.006316 0.99996 0.006316
vn 0.006316 0.99996 0.006316
vn 0.006316 0.99996 0.006316
vn 0.006316 0.99996 0.006316
vn 0.006316 0.99996 0.006316
vn 0.006316 0.99996 0.006316
vn 0.006316 0.99996 0.006316
vn 0.007402 0.999959 0.005229
vn 0.007402 0.999953 0.006315
vn 0.006948 0.999945 0.007832
vn 0.006316 0.99996 0.006316
vn 0.006316 0.99996 0.006316
vn 0.006316 0.99996 0.006316
vn 0.006316 0.99996 0.006316
vn 0.006316 0.99996 0.006316
vn 0.006316 0.99996 0.006316
vn 0.006316 0.99996 0.006316
vn 0.006316 0.99996 0.006316
vn 0.006316 0.99996 0.006316
vn 0.008264 0.999945 0.006516
vn 0.006316 0.99996 0.006316
vn 0.011804 0.999818 0.015014
vn 0.006316 0.99996 0.006316
vn 0.006316 0.99996 0.006316
vn 0.006316 0.99996 0.006316
vn 0.006316 0.99996 0.006316
vn 0.006316 0.99996 0.006316
vn 0.006316 0.99996 0.006316
vn 0.006316 0.99996 0.006316
vn 0.518036 0.855001 0.024745
vn 0.518036 0.855001 0.024745
vn 0.006316 0.99996 0.006316
vn 0.006316 0.99996 0.006316
vn 0.006316 0.99996 0.006316
vn 0.006316 0.99996 0.006316
vn 0.540826 0.833992 0.109385
vn 0.008621 0.999942 0.006402
vn 0.006316 0.99996 0.006316
vn 0.006316 0.99996 0.006316
vn 0.006316 0.99996 0.006316
vn 0.006316 0.99996 0.006316
vn 0.006316 0.999959 0.006457
vn 0.008621 0.999942 0.006402
vn 0.006316 0.99996 0.006316
vn 0.006316 0.99996 0.006316
vn 0.006316 0.99996 0.006316
vn 0.518036 0.855001 0.024745
vn 0.006316 0.99996 0.006316
vn 0.006316 0.99996 0.006316
vn 0.518036 0.855001 0.024745
vn 0.518036 0.855001 0.024745
vn 0.006316 0.99996 0.006316
vn 0.006316 0.99996 0.006316
vn 0.518036 0.855001 0.024745
vn 0.006316 0.99996 0.006316
vn 0.518036 0.855001 0.024745
vn 0.518036 0.855001 0.024745
vn 0.006316 0.99996 0.006316
vn 0.006316 0.99996 0.006316
vn 0.518036 0.855001 0.024745
vn 0.518454 0.855089 0.005401
vn 0.006316 0.99996 0.006316
vn 0.518454 0.855089 0.005401
vn 0.518454 0.855089 0.005401
vn 0.518454 0.855089 0.005401
vn 0.006316 0.99996 0.006316
vn 0.006316 0.99996 0.006316
vn 0.518036 0.855001 0.024745
vn 0.518036 0.855001 0.024745
vn 0.518454 0.855089 0.005401
vn 0.006316 0.99996 0.006316
vn 0.006316 0.99996 0.006316
vn 0.006316 0.99996 0.006316
vn 0.518454 0.855089 0.005401
vn 0.518454 0.855089 0.005401
vn 0.006316 0.99996 0.006316
vn 0.006316 0.99996 0.006316
vn 0.518454 0.855089 0.005401
vn 0.518454 0.855089 0.005401
vn 0.006316 0.99996 0.006316
vn 0.006316 0.99996 0.006316
vn 0.518454 0.855089 0.005401
vn 0.006316 0.99996 0.006316
vn 0.518454 0.855089 0.005401
vn 0.518454 0.855089 0.005401
vn 0.006316 0.99996 0.006316
vn 0.006316 0.99996 0.006316
vn 0.518454 0.855089 0.005401
vn 0.006316 0.99996 0.006316
vn 0.518454 0.855089 0.005401
vn 0.518454 0.855089 0.005401
vn 0.006316 0.99996 0.006316
vn 0.006316 0.99996 0.006316
vn 0.518454 0.855089 0.005401
vn 0.006316 0.99996 0.006316
vn 0.518454 0.855089 0.005401
vn 0.518454 0.855089 0.005401
vn 0.006316 0.99996 0.006316
vn 0.006316 0.99996 0.006316
vn 0.518454 0.855089 0.005401
vn 0.006316 0.99996 0.006316
vn 0.518454 0.855089 0.005401
vn 0.518454 0.855089 0.005401
vn 0.006316 0.99996 0.006316
vn 0.006316 0.99996 0.006316
vn 0.518454 0.855089 0.005401
vn 0.006316 0.99996 0.006316
vn 0.518454 0.855089 0.005401
vn 0.518454 0.855089 0.005401
vn 0.006316 0.99996 0.006316
vn 0.006316 0.99996 0.006316
vn 0.518454 0.855089 0.005401
vn 0.006316 0.999961 0.006133
vn 0.518455 0.85509 0.005047
vn 0.517294 0.855792 0.005249
vn 0.013454 0.999909 -0.001005
vn 0.005438 0.999967 0.006009
vn 0.521754 0.853095 -0.000858
vn 0.005439 0.999985 -0.00114
vn 0.012805 0.99982 -0.014033
vn 0.521754 0.853096 0.000182
vn 0.525105 0.851037 -0.00097
vn 0.527044 0.84983 0.003578
vn 0.012806 0.999913 0.003158
vn 0.527044 0.84983 0.003578
vn 0.525103 0.851034 0.002687
vn 0 0.999999 -0.001228
vn 0.017015 0.99985 0.003157
vn 0.015963 0.999873 0
vn 0.527691 0.849432 0.002682
vn 0.015963 0.999873 0
vn 0.017015 0.99985 0.003157
vn 0.024379 0.999703 0
vn 0.52769 0.84943 0.003577
vn 0.532823 0.846222 0.002672
vn 0.021223 0.99977 0.003157
vn 0.02543 0.999677 0
vn 0.532823 0.846222 0.002672
vn 0.02543 0.999672 0.003157
vn 0.032789 0.999462 0
vn 0.532822 0.84622 0.003563
vn 0.537897 0.843006 0.002662
vn 0.029636 0.999556 0.003156
vn 0.03384 0.999427 0
vn 0.537897 0.843006 0.002662
vn 0.03384 0.999422 0.003156
vn 0.041193 0.999151 0
vn 0.537896 0.843004 0.003549
vn 0.542913 0.839785 0.002652
vn 0.038042 0.999271 0.003156
vn 0.042243 0.999107 0
vn 0.542913 0.839785 0.002652
vn 0.042243 0.999102 0.003155
vn 0.049588 0.99877 0
vn 0.542912 0.839782 0.003536
vn 0.547872 0.836558 0.002642
vn 0.046441 0.998916 0.003154
vn 0.050637 0.998717 0
vn 0.547872 0.836558 0.002642
vn 0.050636 0.998712 0.003154
vn 0.057973 0.998318 0
vn 0.547871 0.836556 0.003522
vn 0.552774 0.833327 0.002632
vn 0.054829 0.998491 0.003153
vn 0.05902 0.998257 0
vn 0.552774 0.833327 0.002632
vn 0.059013 0.998145 0.014934
vn 0.09362 0.995608 0
vn 0.552711 0.833232 0.015346
vn 0.568429 0.822641 0.012308
vn 0.038324 0.997723 0.055494
vn 0.02666 0.997579 0.06423
vn 0.544586 0.837411 0.046578
vn 0.004202 0.997925 0.064252
vn 0 0.998194 0.060067
vn 0.013857 0.999777 0.015961
vn 0.54516 0.838293 0.008113
vn 0.518413 0.855021 0.01365
vn 0.518454 0.855089 0.005401
vn 0.006314 0.999704 0.023502
vn 0.005401 0.855089 0.518454
vn 0.005401 0.855089 0.518454
vn 0.005401 0.855089 0.518454
vn 0.006316 0.99997 0.004511
vn 0.005431 0.859867 -0.510489
vn 0.005431 0.859867 -0.510489
vn 0.004737 0.99997 0.00609
vn 0.006316 0.99996 0.006316
vn 0.005431 0.859867 -0.510489
vn 0.006316 0.99996 0.006316
vn 0.006316 0.99996 0.006316
vn 0.006316 0.99996 0.006316
vn 0.006316 0.99996 0.006316
vn 0.006316 0.99996 0.006316
vn 0.006316 0.99996 0.006316
vn 0.006316 0.99996 0.006316
vn 0.006316 0.99996 0.006316
vn 0.006316 0.99996 0.006316
vn 0.006316 0.99996 0.006316
vn -0.270349 0.920543 0.281977
vn 0.518036 0.855001 0.024745
vn 0.518036 0.855001 0.024745
vn 0.518036 0.855001 0.024745
vn 0.006316 0.99996 0.006316
vn -0.501935 0.829659 0.244391
vn -0.510175 0.859956 -0.014026
vn -0.510175 0.859956 -0.014026
vn 0.006316 0.99996 0.006316
vn 0.006316 0.99996 0.006316
vn 0.006316 0.99996 0.006316
vn 0.518036 0.855001 0.024745
vn 0.518036 0.855001 0.024745
vn -0.510175 0.859956 -0.014026
vn -0.510175 0.859956 -0.014026
vn 0.006316 0.99996 0.006316
vn 0.006316 0.99996 0.006316
vn 0.006316 0.99996 0.006316
vn 0.518036 0.855001 0.024745
vn 0.518036 0.855001 0.024745
vn -0.510175 0.859956 -0.014026
vn -0.510175 0.859956 -0.014026
vn 0.006316 0.99996 0.006316
vn 0.006316 0.99996 0.006316
vn 0.006316 0.99996 0.006316
vn 0.518036 0.855001 0.024745
vn 0.518036 0.855001 0.024745
vn -0.510175 0.859956 -0.014026
vn -0.510175 0.859956 -0.014026
vn 0.006316 0.99996 0.006316
vn 0.006316 0.99996 0.006316
vn 0.006316 0.99996 0.006316
vn 0.518036 0.855001 0.024745
vn 0.518036 0.855001 0.024745
vn -0.510175 0.859956 -0.014026
vn -0.510175 0.859956 -0.014026
vn 0.006316 0.99996 0.006316
vn 0.006316 0.99996 0.006316
vn 0.518036 0.855001 0.024745
vn 0.518036 0.855001 0.024745
vn -0.510175 0.859956 -0.014026
vn -0.509026 0.86062 -0.01502
vn -0.511589 0.859115 -0.014084
vn 0.006316 0.99996 0.006316
vn 0.006316 0.99996 0.006316
vn 0.006316 0.99996 0.006316
vn 0.006316 0.99996 0.006316
vn 0.006316 0.99996 0.006316
vn -0.508707 0.860827 -0.013965
vn 0.006316 0.99996 0.006316
vn 0.006316 0.99996 0.006316
vn 0.006316 0.99996 0.006316
vn 0.006316 0.99996 0.006316
vn 0.006316 0.99996 0.006316
vn 0.006316 0.99996 0.006316
vn 0.520034 0.853861 0.022023
vn 0.516592 0.855876 0.024696
vn -0.509566 0.860267 -0.016812
vn 0.006316 0.99996 0.006316
vn 0.006316 0.99996 0.006316
vn 0.006316 0.99996 0.006316
vn 0.006316 0.99996 0.006316
vn 0.255104 0.806702 -0.533061
vn -0.508707 0.860827 -0.013965
vn -0.126927 0.941251 -0.312947
vn -0.582993 0.663772 -0.468535
vn 0.006316 0.99996 0.006316
vn 0.006316 0.99996 0.006316
vn 0.006316 0.99996 0.006316
vn 0.006316 0.99996 0.006316
vn 0.006316 0.99996 0.006316
vn 0.006316 0.99996 0.006316
vn 0.006316 0.99996 0.006316
vn 0.006316 0.99996 0.006316
vn 0.006316 0.99996 0.006316
vn 0.006316 0.99996 0.006316
vn 0.006316 0.99996 0.006316
vn 0.006316 0.99996 0.006316
vn 0.006316 0.99996 0.006316
vn 0.006316 0.99996 0.006316
vn 0.006316 0.99996 0.006316
vn 0.006316 0.99996 0.006316
vn 0.00401 0.999973 0.006229
vn 0.006316 0.99996 0.006316
vn 0.006316 0.99996 0.006316
vn 0.006316 0.99996 0.006316
vn 0.006316 0.99996 0.006316
vn 0.004486 0.999963 0.007372
vn 0.006813 0.999957 0.006334
vn 0.006316 0.99996 0.006316
vn 0.006316 0.99996 0.006316
vn 0.518036 0.855001 0.024745
vn 0.518036 0.855001 0.024745
vn -0.510175 0.859956 -0.014026
vn -0.510175 0.859956 -0.014026
vn 0.006316 0.99996 0.006316
vn 0.540826 0.833992 0.109385
vn 0.236056 0.797558 0.555138
vn 0.00401 0.999973 0.006229
vn -0.474646 0.875271 0.092801
vn 0.232596 0.798308 0.555521
vn 0.004368 0.999956 0.008263
vn 0.008644 0.999942 0.006457
vn 0.004865 0.999954 0.008282
vn 0.006316 0.99996 0.006316
vn 0.006316 0.99996 0.006316
vn 0.518036 0.855001 0.024745
vn -0.510175 0.859956 -0.014026
vn -0.510175 0.859956 -0.014026
vn 0.006316 0.99996 0.006316
vn 0.518036 0.855001 0.024745
vn 0.518036 0.855001 0.024745
vn -0.510175 0.859956 -0.014026
vn -0.510175 0.859956 -0.014026
vn 0.006316 0.99996 0.006316
vn 0.006316 0.99996 0.006316
vn 0.518036 0.855001 0.024745
vn -0.510175 0.859956 -0.014026
vn -0.510175 0.859956 -0.014026
vn 0.006316 0.99996 0.006316
vn 0.518036 0.855001 0.024745
vn 0.518036 0.855001 0.024745
vn -0.510175 0.859956 -0.014026
vn -0.510175 0.859956 -0.014026
vn 0.006316 0.99996 0.006316
vn 0.006316 0.99996 0.006316
vn 0.518036 0.855001 0.024745
vn -0.510175 0.859956 -0.014026
vn -0.510175 0.859956 -0.014026
vn -0.510175 0.859956 -0.014026
vn -0.510175 0.859956 -0.014026
vn 0.006316 0.99996 0.006316
vn 0.006316 0.99996 0.006316
vn -0.510489 0.859867 0.005431
vn -0.510489 0.859867 0.005431
vn -0.510489 0.859867 0.005431
vn 0.518036 0.855001 0.024745
vn -0.510175 0.859956 -0.014026
vn -0.510175 0.859956 -0.014026
vn -0.766401 0.642277 -0.010475
vn -0.510221 0.860033 -0.004294
vn 0.006316 0.99996 0.006316
vn 0.006316 0.99996 0.006316
vn -0.510489 0.859867 0.005431
vn 0.006316 0.99996 0.006316
vn -0.510489 0.859867 0.005431
vn -0.510489 0.859867 0.005431
vn 0.006316 0.99996 0.006316
vn 0.006316 0.99996 0.006316
vn -0.510489 0.859867 0.005431
vn 0.006316 0.99996 0.006316
vn -0.510489 0.859867 0.005431
vn -0.510489 0.859867 0.005431
vn 0.006316 0.99996 0.006316
vn 0.006316 0.99996 0.006316
vn -0.510489 0.859867 0.005431
vn 0.006316 0.99996 0.006316
vn -0.510489 0.859867 0.005431
vn -0.510489 0.859867 0.005431
vn 0.006316 0.99996 0.006316
vn 0.006316 0.99996 0.006316
vn -0.510489 0.859867 0.005431
vn 0.006316 0.99996 0.006316
vn -0.510489 0.859867 0.005431
vn -0.510489 0.859867 0.005431
vn 0.006316 0.99996 0.006316
vn 0.006316 0.99996 0.006316
vn -0.510489 0.859867 0.005431
vn 0.006316 0.99996 0.006316
vn -0.510489 0.859867 0.005431
vn -0.510489 0.859867 0.005431
vn 0.006316 0.99996 0.006316
vn 0.006316 0.99996 0.006316
vn -0.510489 0.859867 0.005431
vn 0.006316 0.99996 0.006316
vn -0.510489 0.859867 0.005431
vn -0.510489 0.859867 0.005431
vn 0.006316 0.99996 0.006316
vn 0.006316 0.99996 0.006316
vn -0.510489 0.859867 0.005431
vn 0.006316 0.99996 0.006316
vn -0.510489 0.859867 0.005431
vn -0.508381 0.861117 0.005082
vn 0.006316 0.99996 0.006316
vn 0.008586 0.999954 0.004329
vn -0.508384 0.861123 0.003728
vn 0.009047 0.999952 0.003868
vn -0.499551 0.866273 0.004559
vn -0.500236 0.865881 0.003646
vn -0.507942 0.861386 0.003131
vn -0.500239 0.865886 0.001668
vn 0.009047 0.999939 0.006315
vn 0.01025 0.999934 0.005263
vn -0.499551 0.866273 0.004559
vn 0.01025 0.999934 0.005263
vn -0.499551 0.866273 0.004559
vn -0.494048 0.869427 0.003661
vn 0.01025 0.999928 0.006315
vn 0.011453 0.999921 0.005263
vn -0.494046 0.869424 0.004576
vn 0.011453 0.999921 0.005263
vn -0.494046 0.869424 0.004576
vn -0.488484 0.872565 0.003674
vn 0.011453 0.999914 0.006315
vn 0.012655 0.999906 0.005263
vn -0.488482 0.872562 0.004592
vn 0.012655 0.999906 0.005263
vn -0.488482 0.872562 0.004592
vn -0.482859 0.87569 0.003687
vn 0.012655 0.9999 0.006315
vn 0.013858 0.99989 0.005263
vn -0.482857 0.875687 0.004609
vn 0.013858 0.99989 0.005263
vn -0.482857 0.875687 0.004609
vn -0.477174 0.878801 0.0037
vn 0.013858 0.999884 0.006315
vn 0.015061 0.999873 0.005262
vn -0.477172 0.878798 0.004625
vn 0.015061 0.999873 0.005262
vn -0.477172 0.878798 0.004625
vn -0.471428 0.881897 0.003713
vn 0.015061 0.999867 0.006315
vn 0.016263 0.999854 0.005262
vn -0.471426 0.881893 0.004642
vn 0.006315 0.999864 0.015211
vn -0.478171 0.878165 0.01336
vn -0.495235 0.868612 0.015998
vn 0.006316 0.999965 0.005413
vn 0 0.999931 0.011729
vn 0.006316 0.99996 0.006316
vn -0.495291 0.86871 0.005487
vn 0 1 0
vn 0.006316 0.99996 0.006316
vn -0.495291 0.86871 0.005487
vn -0.510479 0.85985 0.008322
vn 0.004511 0.99998 -0.004511
vn 0.006316 0.99996 0.006316
vn -0.510489 0.859867 0.005431
vn -0.510489 0.859867 0.005431
vn 0.004511 0.99999 0
vn -0.002707 0.999976 0.006316
vn -0.510489 0.859867 0.005431
vn 0 0.999993 0.003609
vn -0.50877 0.860897 0.003107
vn 0 0.997541 -0.07009
vn 0 1 0
vn 0 1 0
vn 0 1 0
vn 0 1 0
vn 0 1 0
vn 0 1 0
vn 0 1 0
vn 0 1 0
vn 0 1 0
vn 0 1 0
vn 0 1 0
vn 0 1 0
vn 0 1 0
vn 0 1 0
vn 0 1 0
vn 0 1 0
vn 0 1 0
vn 0 1 0
vn 0 1 0
vn 0 1 0
vn 0 1 0
vn 0 1 0
vn 0 1 0
vn 0 1 0
vn 0 1 0
vn 0 1 0
vn 0 1 0
vn 0 1 0
vn 0 1 0
vn 0 1 0
vn 0 1 0
vn 0 1 0
vn 0 1 0
vn 0 1 0
vn 0 1 0
vn 0 1 0
vn 0 1 0
vn 0 1 0
vn 0 1 0
vn 0 1 0
vn 0 1 0
vn 0 1 0
vn 0 1 0
vn 0 1 0
vn 0 1 0
vn 0 1 0
vn 0 1 0
vn 0 1 0
vn 0 1 0
vn 0 1 0
vn 0 1 0
vn 0 1 0
vn 0 1 0
vn 0 1 0
vn 0 1 0
vn 0 1 0
vn 0 1 0
vn 0 1 0
vn 0 1 0
vn 0 1 0
vn 0 1 0
vn 0 1 0
vn 0 1 0
vn 0 1 0
vn 0 1 0
vn 0 1 0
vn 0 1 0
vn 0 1 0
vn 0 1 0
vn 0 1 0
vn 0 1 0
vn 0 1 0
vn 0 1 0
vn 0 1 0
vn 0 1 0
vn 0 1 0
vn 0 1 0
vn 0 1 0
vn 0 1 0
vn 0 1 0
vn 0 1 0
vn 0 1 0
vn 0 1 0
vn 0 1 0
vn 0 1 0
vn 0 1 0
vn 0 1 0
vn 0 1 0
vn 0 1 0
vn 0 1 0
vn 0 1 0
vn 0 1 0
vn 0 1 0
vn 0 1 0
vn 0 1 0
vn 0 1 0
vn 0 1 0
vn 0 1 0
vn 0 1 0
vn 0 1 0
vn 0 1 0
vn 0 1 0
vn 0 1 0
vn 0 1 0
vn 0 1 0
vn 0 1 0
vn 0 1 0
vn 0 1 0
vn 0 1 0
vn 0 1 0
vn 0 1 0
vn 0 1 0
vn 0 1 0
vn 0 1 0
vn 0 1 0
vn 0 1 0
vn 0 1 0
vn 0 1 0
vn 0 1 0
vn 0 1 0
vn 0 1 0
vn 0 1 0
vn 0 1 0
vn 0 1 0
vn 0 1 0
vn 0 1 0
vn 0 1 0
vn 0 1 0
vn 0 1 0
vn 0 1 0
vn 0 1 0
vn 0 1 0
vn 0 1 0
vn 0 1 0
vn 0 1 0
vn 0 1 0
vn 0 1 0
vn 0 1 0
vn 0 1 0
vn 0 1 0
vn 0 1 0
vn 0 1 0
vn 0 1 0
vn 0 1 0
vn 0 1 0
vn 0 1 0
vn 0 1 0
vn 0 1 0
vn 0 1 0
vn 0 1 0
vn 0 1 0
vn 0 1 0
vn 0 1 0
vn 0 1 0
vn 0 1 0
vn 0 1 0
vn 0 1 0
vn 0 1 0
vn 0 1 0
vn 0 1 0
vn 0 1 0
vn 0 1 0
vn 0 1 0
vn 0 1 0
vn 0 1 0
vn 0 1 0
vn 0 1 0
vn 0 1 0
vn 0 1 0
vn 0 1 0
vn 0 1 0
vn 0 1 0
vn 0 1 0
vn 0 1 0
vn 0 1 0
vn 0 1 0
vn 0 1 0
vn 0 1 0
vn 0 1 0
vn 0 1 0
vn 0 1 0
vn 0 1 0
vn 0 1 0
vn 0 1 0
vn 0 1 0
vn 0 1 0
vn 0 1 0
vn 0 1 0
vn 0 1 0
vn 0 1 0
vn 0 1 0
vn 0 1 0
vn 0 1 0
vn 0 1 0
vn 0 1 0
vn 0 1 0
vn 0 1 0
vn 0 1 0
vn 0 1 0
vn 0 1 0
vn 0 1 0
vn 0 1 0
vn 0 1 0
vn 0 1 0
vn 0 1 0
vn 0 1 0
vn 0 1 0
vn 0 1 0
vn 0 1 0
vn 0 1 0
vn 0 1 0
vn 0 1 0
vn 0 1 0
vn 0 1 0
vn 0 1 0
vn 0 1 0
vn 0 1 0
vn 0 1 0
vn 0 1 0
vn 0 1 0
vn 0 1 0
vn 0 1 0
vn 0 1 0
vn 0 1 0
vn 0 1 0
vn 0 1 0
vn 0 1 0
vn 0 1 0
vn 0 1 0
vn 0 1 0
vn 0 1 0
vn 0 1 0
vn 0 1 0
vn 0 1 0
vn 0 1 0
vn 0 1 0
vn 0 1 0
vn 0 1 0
vn 0 1 0
vn 0 1 0
vn 0 1 0
vn 0 1 0
vn 0 1 0
vn 0 1 0
vn 0 1 0
vn 0 1 0
vn 0 1 0
vn 0 1 0
vn 0 1 0
vn 0 1 0
vn 0 1 0
vn 0 1 0
vn 0 1 0
vn 0 1 0
vn 0 1 0
vn 0 1 0
vn 0 1 0
vn 0 1 0
vn 0 1 0
vn 0 1 0
vn 0 1 0
vn 0 1 0
vn 0 1 0
vn 0 1 0
vn 0 1 0
vn 0 1 0
vn 0 1 0
vn 0 1 0
vn 0 1 0
vn 0 1 0
vn 0 1 0
vn 0 1 0
vn 0 1 0
vn 0 1 0
vn 0 1 0
vn 0 1 0
vn 0 1 0
vn 0 1 0
vn 0 1 0
vn 0 1 0
vn 0 1 0
vn 0 1 0
vn 0 1 0
vn 0 1 0
vn 0 1 0
vn 0 1 0
vn 0 1 0
vn 0 1 0
vn 0 1 0
vn 0 1 0
vn 0 1 0
vn 0 1 0
vn 0 1 0
vn 0 1 0
vn 0 1 0
vn 0 1 0
vn 0 1 0
vn 0 1 0
vn 0 1 0
vn 0 1 0
vn 0 1 0
vn 0 1 0
vn 0 1 0
vn 0 1 0
vn 0 1 0
vn 0 1 0
vn 0 1 0
vn 0 1 0
vn 0 1 0
vn 0 1 0
vn 0 1 0
vn 0 1 0
vn 0 1 0
vn 0 1 0
vn 0 1 0
vn 0 1 0
vn 0 1 0
vn 0 1 0
vn 0 1 0
vn 0 1 0
vn 0 1 0
vn 0 1 0
vn 0 1 0
vn 0 1 0
vn 0 1 0
vn 0 1 0
vn 0 1 0
vn 0 1 0
vn 0 1 0
vn 0 1 0
vn 0 1 0
vn 0 1 0
vn 0 1 0
vn 0 1 0
vn 0 1 0
vn 0 1 0
vn 0 1 0
vn 0 1 0
vn 0 1 0
vn 0 1 0
vn 0 1 0
vn 0 1 0
vn 0 1 0
vn 0 1 0
vn 0 1 0
vn 0 1 0
vn 0 1 0
vn 0 1 0
vn 0 1 0
vn 0 1 0
vn 0 1 0
vn 0 1 0
vn 0 1 0
vn 0 1 0
vn 0 1 0
vn 0 1 0
vn 0 1 0
vn 0 1 0
vn 0 1 0
vn 0 1 0
vn 0 1 0
vn 0 1 0
vn 0 1 0
vn 0 1 0
vn 0 1 0
vn 0 1 0
vn 0 1 0
vn 0 1 0
vn 0 1 0
vn 0 1 0
vn 0 1 0
vn 0 1 0
vn 0 1 0
vn 0 1 0
vn 0 1 0
vn 0 1 0
vn 0 1 0
vn 0 1 0
vn 0 1 0
vn 0 1 0
vn 0 1 0
vn 0 1 0
vn 0 1 0
vn 0 1 0
vn 0 1 0
vn 0 1 0
vn 0 1 0
vn 0 1 0
vn 0 1 0
vn 0 1 0
vn 0 1 0
vn 0 1 0
vn 0 1 0
vn 0 1 0
vn 0 1 0
vn 0 1 0
vn 0 1 0
vn 0 1 0
vn 0 1 0
vn 0 1 0
vn 0 1 0
vn 0 1 0
vn 0 1 0
vn 0 1 0
vn 0 1 0
vn 0 1 0
vn 0 1 0
vn 0 1 0
vn 0 1 0
vn 0 1 0
vn 0 1 0
vn 0 1 0
vn 0 1 0
vn 0 1 0
vn 0 1 0
vn 0 1 0
vn 0 1 0
vn 0 1 0
vn 0 1 0
vn 0 1 0
vn 0 1 0
vn 0 1 0
vn 0 1 0
vn 0 1 0
vn 0 1 0
vn 0 1 0
vn 0 1 0
vn 0 1 0
vn 0 1 0
vn 0 1 0
vn 0 1 0
vn 0 1 0
vn 0 1 0
vn 0 1 0
vn 0 1 0
vn 0 1 0
vn 0 1 0
vn 0 1 0
vn 0 1 0
vn 0 1 0
vn 0 1 0
vn 0 1 0
vn 0 1 0
vn 0 1 0
vn 0 1 0
vn 0 1 0
vn 0 1 0
vn 0 1 0
vn 0 1 0
vn 0 1 0
vn 0 1 0
vn 0 1 0
vn 0 1 0
vn 0 1 0
vn 0 1 0
vn 0 1 0
vn 0 1 0
vn 0 1 0
vn 0 1 0
vn 0 1 0
vn 0 1 0
vn 0 1 0
vn 0 1 0
vn 0 1 0
vn 0 1 0
vn 0 1 0
vn 0 1 0
vn 0 1 0
vn 0 1 0
vn 0 1 0
vn 0 1 0
vn 0 1 0
vn 0 1 0
vn 0 1 0
vn 0 1 0
vn 0 1 0
vn 0 1 0
vn 0 1 0
vn 0 1 0
vn 0 1 0
vn 0 1 0
vn 0 1 0
vn 0 1 0
vn 0 1 0
vn 0 1 0
vn 0 1 0
vn 0 1 0
vn 0 1 0
vn 0 1 0
vn 0 1 0
vn 0 1 0
vn 0 1 0
vn 0 1 0
vn 0 1 0
vn 0 1 0
vn 0 1 0
vn 0 1 0
vn 0 1 0
vn 0 1 0
vn 0 1 0
vn 0 1 0
vn 0 1 0
vn 0 1 0
vn 0 1 0
vn 0 1 0
vn 0 1 0
vn 0 1 0
vn 0 1 0
vn 0 1 0
vn 0 1 0
vn 0 1 0
vn 0 1 0
vn 0 1 0
vn 0 1 0
vn 0 1 0
vn 0 1 0
vn 0 1 0
vn 0 1 0
vn 0 1 0
vn 0 1 0
vn 0 1 0
vn 0 1 0
vn 0 1 0
vn 0 1 0
vn 0 1 0
vn 0 1 0
vn 0 1 0
vn 0 1 0
vn 0 1 0
vn 0 1 0
vn 0 1 0
vn 0 1 0
vn 0 1 0
vn 0 1 0
vn 0 1 0
vn 0 1 0
vn 0 1 0
vn 0 1 0
vn 0 1 0
vn 0 1 0
vn 0 1 0
vn 0 1 0
vn 0 1 0
vn 0 1 0
vn 0 1 0
vn 0 1 0
vn 0 1 0
vn 0 1 0
vn 0 1 0
vn 0 1 0
vn 0 1 0
vn 0 1 0
vn 0 1 0
vn 0 1 0
vn 0 1 0
vn 0 1 0
vn 0 1 0
vn 0 1 0
vn 0 1 0
vn 0 1 0
vn 0 1 0
vn 0 1 0
vn 0 1 0
vn 0 1 0
vn 0 1 0
vn 0 1 0
vn 0 1 0
vn 0 1 0
vn 0 1 0
vn 0 1 0
vn 0 1 0
vn 0 1 0
vn 0 1 0
vn 0 1 0
vn 0 1 0
vn 0 1 0
vn 0 1 0
f 1//1 2//1 3//1
f 4//2 5//2 6//2
f 7//3 8//3 9//3
f 10//4 11//4 12//4
f 13//5 14//5 15//5
f 16//6 17//6 18//6
f 19//7 20//7 21//7
f 22//8 23//8 24//8
f 25//9 26//9 27//9
f 28//10 29//10 30//10
f 31//11 32//11 33//11
f 34//12 35//12 36//12
f 37//13 38//13 39//13
f 40//14 41//14 42//14
f 43//15 44//15 45//15
f 46//16 47//16 48//16
f 49//17 50//17 51//17
f 52//18 53//18 54//18
f 55//19 56//19 57//19
f 58//20 59//20 60//20
f 61//21 62//21 63//21
f 64//22 65//22 66//22
f 67//23 68//23 69//23
f 70//24 71//24 72//24
f 73//25 74//25 75//25
f 76//26 77//26 78//26
f 79//27 80//27 81//27
f 82//28 83//28 84//28
f 85//29 86//29 87//29
f 88//30 89//30 90//30
f 91//31 92//31 93//31
f 94//32 95//32 96//32
f 97//33 98//33 99//33
f 100//34 101//34 102//34
f 103//35 104//35 105//35
f 106//36 107//36 108//36
f 109//37 110//37 111//37
f 112//38 113//38 114//38
f 115//39 116//39 117//39
f 118//40 119//40 120//40
f 121//41 122//41 123//41
f 124//42 125//42 126//42
f 127//43 128//43 129//43
f 130//44 131//44 132//44
f 133//45 134//45 135//45
f 136//46 137//46 138//46
f 139//47 140//47 141//47
f 142//48 143//48 144//48
f 145//49 146//49 147//49
f 148//50 149//50 150//50
f 151//51 152//51 153//51
f 154//52 155//52 156//52
f 157//53 158//53 159//53
f 160//54 161//54 162//54
f 163//55 164//55 165//55
f 166//56 167//56 168//56
f 169//57 170//57 171//57
f 172//58 173//58 174//58
f 175//59 176//59 177//59
f 178//60 179//60 180//60
f 181//61 182//61 183//61
f 184//62 185//62 186//62
f 187//63 188//63 189//63
f 190//64 191//64 192//64
f 193//65 194//65 195//65
f 196//66 197//66 198//66
f 199//67 200//67 201//67
f 202//68 203//68 204//68
f 205//69 206//69 207//69
f 208//70 209//70 210//70
f 211//71 212//71 213//71
f 214//72 215//72 216//72
f 217//73 218//73 219//73
f 220//74 221//74 222//74
f 223//75 224//75 225//75
f 226//76 227//76 228//76
f 229//77 230//77 231//77
f 232//78 233//78 234//78
f 235//79 236//79 237//79
f 238//80 239//80 240//80
f 241//81 242//81 243//81
f 244//82 245//82 246//82
f 247//83 248//83 249//83
f 250//84 251//84 252//84
f 253//85 254//85 255//85
f 256//86 257//86 258//86
f 259//87 260//87 261//87
f 262//88 263//88 264//88
f 265//89 266//89 267//89
f 268//90 269//90 270//90
f 271//91 272//91 273//91
f 274//92 275//92 276//92
f 277//93 278//93 279//93
f 280//94 281//94 282//94
f 283//95 284//95 285//95
f 286//96 287//96 288//96
f 289//97 290//97 291//97
f 292//98 293//98 294//98
f 295//99 296//99 297//99
f 298//100 299//100 300//100
f 301//101 302//101 303//101
f 304//102 305//102 306//102
f 307//103 308//103 309//103
f 310//104 311//104 312//104
f 313//105 314//105 315//105
f 316//106 317//106 318//106
f 319//107 320//107 321//107
f 322//108 323//108 324//108
f 325//109 326//109 327//109
f 328//110 329//110 330//110
f 331//111 332//111 333//111
f 334//112 335//112 336//112
f 337//113 338//113 339//113
f 340//114 341//114 342//114
f 343//115 344//115 345//115
f 346//116 347//116 348//116
f 349//117 350//117 351//117
f 352//118 353//118 354//118
f 355//119 356//119 357//119
f 358//120 359//120 360//120
f 361//121 362//121 363//121
f 364//122 365//122 366//122
f 367//123 368//123 369//123
f 370//124 371//124 372//124
f 373//125 374//125 375//125
f 376//126 377//126 378//126
f 379//127 380//127 381//127
f 382//128 383//128 384//128
f 385//129 386//129 387//129
f 388//130 389//130 390//130
f 391//131 392//131 393//131
f 394//132 395//132 396//132
f 397//133 398//133 399//133
f 400//134 401//134 402//134
f 403//135 404//135 405//135
f 406//136 407//136 408//136
f 409//137 410//137 411//137
f 412//138 413//138 414//138
f 415//139 416//139 417//139
f 418//140 419//140 420//140
f 421//141 422//141 423//141
f 424//142 425//142 426//142
f 427//143 428//143 429//143
f 430//144 431//144 432//144
f 433//145 434//145 435//145
f 436//146 437//146 438//146
f 439//147 440//147 441//147
f 442//148 443//148 444//148
f 445//149 446//149 447//149
f 448//150 449//150 450//150
f 451//151 452//151 453//151
f 454//152 455//152 456//152
f 457//153 458//153 459//153
f 460//154 461//154 462//154
f 463//155 464//155 465//155
f 466//156 467//156 468//156
f 469//157 470//157 471//157
f 472//158 473//158 474//158
f 475//159 476//159 477//159
f 478//160 479//160 480//160
f 481//161 482//161 483//161
f 484//162 485//162 486//162
f 487//163 488//163 489//163
f 490//164 491//164 492//164
f 493//165 494//165 495//165
f 496//166 497//166 498//166
f 499//167 500//167 501//167
f 502//168 503//168 504//168
f 505//169 506//169 507//169
f 508//170 509//170 510//170
f 511//171 512//171 513//171
f 514//172 515//172 516//172
f 517//173 518//173 519//173
f 520//174 521//174 522//174
f 523//175 524//175 525//175
f 526//176 527//176 528//176
f 529//177 530//177 531//177
f 532//178 533//178 534//178
f 535//179 536//179 537//179
f 538//180 539//180 540//180
f 541//181 542//181 543//181
f 544//182 545//182 546//182
f 547//183 548//183 549//183
f 550//184 551//184 552//184
f 553//185 554//185 555//185
f 556//186 557//186 558//186
f 559//187 560//187 561//187
f 562//188 563//188 564//188
f 565//189 566//189 567//189
f 568//190 569//190 570//190
f 571//191 572//191 573//191
f 574//192 575//192 576//192
f 577//193 578//193 579//193
f 580//194 581//194 582//194
f 583//195 584//195 585//195
f 586//196 587//196 588//196
f 589//197 590//197 591//197
f 592//198 593//198 594//198
f 595//199 596//199 597//199
f 598//200 599//200 600//200
f 601//201 602//201 603//201
f 604//202 605//202 606//202
f 607//203 608//203 609//203
f 610//204 611//204 612//204
f 613//205 614//205 615//205
f 616//206 617//206 618//206
f 619//207 620//207 621//207
f 622//208 623//208 624//208
f 625//209 626//209 627//209
f 628//210 629//210 630//210
f 631//211 632//211 633//211
f 634//212 635//212 636//212
f 637//213 638//213 639//213
f 640//214 641//214 642//214
f 643//215 644//215 645//215
f 646//216 647//216 648//216
f 649//217 650//217 651//217
f 652//218 653//218 654//218
f 655//219 656//219 657//219
f 658//220 659//220 660//220
f 661//221 662//221 663//221
f 664//222 665//222 666//222
f 667//223 668//223 669//223
f 670//224 671//224 672//224
f 673//225 674//225 675//225
f 676//226 677//226 678//226
f 679//227 680//227 681//227
f 682//228 683//228 684//228
f 685//229 686//229 687//229
f 688//230 689//230 690//230
f 691//231 692//231 693//231
f 694//232 695//232 696//232
f 697//233 698//233 699//233
f 700//234 701//234 702//234
f 703//235 704//235 705//235
f 706//236 707//236 708//236
f 709//237 710//237 711//237
f 712//238 713//238 714//238
f 715//239 716//239 717//239
f 718//240 719//240 720//240
f 721//241 722//241 723//241
f 724//242 725//242 726//242
f 727//243 728//243 729//243
f 730//244 731//244 732//244
f 733//245 734//245 735//245
f 736//246 737//246 738//246
f 739//247 740//247 741//247
f 742//248 743//248 744//248
f 745//249 746//249 747//249
f 748//250 749//250 750//250
f 751//251 752//251 753//251
f 754//252 755//252 756//252
f 757//253 758//253 759//253
f 760//254 761//254 762//254
f 763//255 764//255 765//255
f 766//256 767//256 768//256
f 769//257 770//257 771//257
f 772//258 773//258 774//258
f 775//259 776//259 777//259
f 778//260 779//260 780//260
f 781//261 782//261 783//261
f 784//262 785//262 786//262
f 787//263 788//263 789//263
f 790//264 791//264 792//264
f 793//265 794//265 795//265
f 796//266 797//266 798//266
f 799//267 800//267 801//267
f 802//268 803//268 804//268
f 805//269 806//269 807//269
f 808//270 809//270 810//270
f 811//271 812//271 813//271
f 814//272 815//272 816//272
f 817//273 818//273 819//273
f 820//274 821//274 822//274
f 823//275 824//275 825//275
f 826//276 827//276 828//276
f 829//277 830//277 831//277
f 832//278 833//278 834//278
f 835//279 836//279 837//279
f 838//280 839//280 840//280
f 841//281 842//281 843//281
f 844//282 845//282 846//282
f 847//283 848//283 849//283
f 850//284 851//284 852//284
f 853//285 854//285 855//285
f 856//286 857//286 858//286
f 859//287 860//287 861//287
f 862//288 863//288 864//288
f 865//289 866//289 867//289
f 868//290 869//290 870//290
f 871//291 872//291 873//291
f 874//292 875//292 876//292
f 877//293 878//293 879//293
f 880//294 881//294 882//294
f 883//295 884//295 885//295
f 886//296 887//296 888//296
f 889//297 890//297 891//297
f 892//298 893//298 894//298
f 895//299 896//299 897//299
f 898//300 899//300 900//300
f 901//301 902//301 903//301
f 904//302 905//302 906//302
f 907//303 908//303 909//303
f 910//304 911//304 912//304
f 913//305 914//305 915//305
f 916//306 917//306 918//306
f 919//307 920//307 921//307
f 922//308 923//308 924//308
f 925//309 926//309 927//309
f 928//310 929//310 930//310
f 931//311 932//311 933//311
f 934//312 935//312 936//312
f 937//313 938//313 939//313
f 940//314 941//314 942//314
f 943//315 944//315 945//315
f 946//316 947//316 948//316
f 949//317 950//317 951//317
f 952//318 953//318 954//318
f 955//319 956//319 957//319
f 958//320 959//320 960//320
f 961//321 962//321 963//321
f 964//322 965//322 966//322
f 967//323 968//323 969//323
f 970//324 971//324 972//324
f 973//325 974//325 975//325
f 976//326 977//326 978//326
f 979//327 980//327 981//327
f 982//328 983//328 984//328
f 985//329 986//329 987//329
f 988//330 989//330 990//330
f 991//331 992//331 993//331
f 994//332 995//332 996//332
f 997//333 998//333 999//333
f 1000//334 1001//334 1002//334
f 1003//335 1004//335 1005//335
f 1006//336 1007//336 1008//336
f 1009//337 1010//337 1011//337
f 1012//338 1013//338 1014//338
f 1015//339 1016//339 1017//339
f 1018//340 1019//340 1020//340
f 1021//341 1022//341 1023//341
f 1024//342 1025//342 1026//342
f 1027//343 1028//343 1029//343
f 1030//344 1031//344 1032//344
f 1033//345 1034//345 1035//345
f 1036//346 1037//346 1038//346
f 1039//347 1040//347 1041//347
f 1042//348 1043//348 1044//348
f 1045//349 1046//349 1047//349
f 1048//350 1049//350 1050//350
f 1051//351 1052//351 1053//351
f 1054//352 1055//352 1056//352
f 1057//353 1058//353 1059//353
f 1060//354 1061//354 1062//354
f 1063//355 1064//355 1065//355
f 1066//356 1067//356 1068//356
f 1069//357 1070//357 1071//357
f 1072//358 1073//358 1074//358
f 1075//359 1076//359 1077//359
f 1078//360 1079//360 1080//360
f 1081//361 1082//361 1083//361
f 1084//362 1085//362 1086//362
f 1087//363 1088//363 1089//363
f 1090//364 1091//364 1092//364
f 1093//365 1094//365 1095//365
f 1096//366 1097//366 1098//366
f 1099//367 1100//367 1101//367
f 1102//368 1103//368 1104//368
f 1105//369 1106//369 1107//369
f 1108//370 1109//370 1110//370
f 1111//371 1112//371 1113//371
f 1114//372 1115//372 1116//372
f 1117//373 1118//373 1119//373
f 1120//374 1121//374 1122//374
f 1123//375 1124//375 1125//375
f 1126//376 1127//376 1128//376
f 1129//377 1130//377 1131//377
f 1132//378 1133//378 1134//378
f 1135//379 1136//379 1137//379
f 1138//380 1139//380 1140//380
f 1141//381 1142//381 1143//381
f 1144//382 1145//382 1146//382
f 1147//383 1148//383 1149//383
f 1150//384 1151//384 1152//384
f 1153//385 1154//385 1155//385
f 1156//386 1157//386 1158//386
f 1159//387 1160//387 1161//387
f 1162//388 1163//388 1164//388
f 1165//389 1166//389 1167//389
f 1168//390 1169//390 1170//390
f 1171//391 1172//391 1173//391
f 1174//392 1175//392 1176//392
f 1177//393 1178//393 1179//393
f 1180//394 1181//394 1182//394
f 1183//395 1184//395 1185//395
f 1186//396 1187//396 1188//396
f 1189//397 1190//397 1191//397
f 1192//398 1193//398 1194//398
f 1195//399 1196//399 1197//399
f 1198//400 1199//400 1200//400
f 1201//401 1202//401 1203//401
f 1204//402 1205//402 1206//402
f 1207//403 1208//403 1209//403
f 1210//404 1211//404 1212//404
f 1213//405 1214//405 1215//405
f 1216//406 1217//406 1218//406
f 1219//407 1220//407 1221//407
f 1222//408 1223//408 1224//408
f 1225//409 1226//409 1227//409
f 1228//410 1229//410 1230//410
f 1231//411 1232//411 1233//411
f 1234//412 1235//412 1236//412
f 1237//413 1238//413 1239//413
f 1240//414 1241//414 1242//414
f 1243//415 1244//415 1245//415
f 1246//416 1247//416 1248//416
f 1249//417 1250//417 1251//417
f 1252//418 1253//418 1254//418
f 1255//419 1256//419 1257//419
f 1258//420 1259//420 1260//420
f 1261//421 1262//421 1263//421
f 1264//422 1265//422 1266//422
f 1267//423 1268//423 1269//423
f 1270//424 1271//424 1272//424
f 1273//425 1274//425 1275//425
f 1276//426 1277//426 1278//426
f 1279//427 1280//427 1281//427
f 1282//428 1283//428 1284//428
f 1285//429 1286//429 1287//429
f 1288//430 1289//430 1290//430
f 1291//431 1292//431 1293//431
f 1294//432 1295//432 1296//432
f 1297//433 1298//433 1299//433
f 1300//434 1301//434 1302//434
f 1303//435 1304//435 1305//435
f 1306//436 1307//436 1308//436
f 1309//437 1310//437 1311//437
f 1312//438 1313//438 1314//438
f 1315//439 1316//439 1317//439
f 1318//440 1319//440 1320//440
f 1321//441 1322//441 1323//441
f 1324//442 1325//442 1326//442
f 1327//443 1328//443 1329//443
f 1330//444 1331//444 1332//444
f 1333//445 1334//445 1335//445
f 1336//446 1337//446 1338//446
f 1339//447 1340//447 1341//447
f 1342//448 1343//448 1344//448
f 1345//449 1346//449 1347//449
f 1348//450 1349//450 1350//450
f 1351//451 1352//451 1353//451
f 1354//452 1355//452 1356//452
f 1357//453 1358//453 1359//453
f 1360//454 1361//454 1362//454
f 1363//455 1364//455 1365//455
f 1366//456 1367//456 1368//456
f 1369//457 1370//457 1371//457
f 1372//458 1373//458 1374//458
f 1375//459 1376//459 1377//459
f 1378//460 1379//460 1380//460
f 1381//461 1382//461 1383//461
f 1384//462 1385//462 1386//462
f 1387//463 1388//463 1389//463
f 1390//464 1391//464 1392//464
f 1393//465 1394//465 1395//465
f 1396//466 1397//466 1398//466
f 1399//467 1400//467 1401//467
f 1402//468 1403//468 1404//468
f 1405//469 1406//469 1407//469
f 1408//470 1409//470 1410//470
f 1411//471 1412//471 1413//471
f 1414//472 1415//472 1416//472
f 1417//473 1418//473 1419//473
f 1420//474 1421//474 1422//474
f 1423//475 1424//475 1425//475
f 1426//476 1427//476 1428//476
f 1429//477 1430//477 1431//477
f 1432//478 1433//478 1434//478
f 1435//479 1436//479 1437//479
f 1438//480 1439//480 1440//480
f 1441//481 1442//481 1443//481
f 1444//482 1445//482 1446//482
f 1447//483 1448//483 1449//483
f 1450//484 1451//484 1452//484
f 1453//485 1454//485 1455//485
f 1456//486 1457//486 1458//486
f 1459//487 1460//487 1461//487
f 1462//488 1463//488 1464//488
f 1465//489 1466//489 1467//489
f 1468//490 1469//490 1470//490
f 1471//491 1472//491 1473//491
f 1474//492 1475//492 1476//492
f 1477//493 1478//493 1479//493
f 1480//494 1481//494 1482//494
f 1483//495 1484//495 1485//495
f 1486//496 1487//496 1488//496
f 1489//497 1490//497 1491//497
f 1492//498 1493//498 1494//498
f 1495//499 1496//499 1497//499
f 1498//500 1499//500 1500//500
f 1501//501 1502//501 1503//501
f 1504//502 1505//502 1506//502
f 1507//503 1508//503 1509//503
f 1510//504 1511//504 1512//504
f 1513//505 1514//505 1515//505
f 1516//506 1517//506 1518//506
f 1519//507 1520//507 1521//507
f 1522//508 1523//508 1524//508
f 1525//509 1526//509 1527//509
f 1528//510 1529//510 1530//510
f 1531//511 1532//511 1533//511
f 1534//512 1535//512 1536//512
f 1537//513 1538//513 1539//513
f 1540//514 1541//514 1542//514
f 1543//515 1544//515 1545//515
f 1546//516 1547//516 1548//516
f 1549//517 1550//517 1551//517
f 1552//518 1553//518 1554//518
f 1555//519 1556//519 1557//519
f 1558//520 1559//520 1560//520
f 1561//521 1562//521 1563//521
f 1564//522 1565//522 1566//522
f 1567//523 1568//523 1569//523
f 1570//524 1571//524 1572//524
f 1573//525 1574//525 1575//525
f 1576//526 1577//526 1578//526
f 1579//527 1580//527 1581//527
f 1582//528 1583//528 1584//528
f 1585//529 1586//529 1587//529
f 1588//530 1589//530 1590//530
f 1591//531 1592//531 1593//531
f 1594//532 1595//532 1596//532
f 1597//533 1598//533 1599//533
f 1600//534 1601//534 1602//534
f 1603//535 1604//535 1605//535
f 1606//536 1607//536 1608//536
f 1609//537 1610//537 1611//537
f 1612//538 1613//538 1614//538
f 1615//539 1616//539 1617//539
f 1618//540 1619//540 1620//540
f 1621//541 1622//541 1623//541
f 1624//542 1625//542 1626//542
f 1627//543 1628//543 1629//543
f 1630//544 1631//544 1632//544
f 1633//545 1634//545 1635//545
f 1636//546 1637//546 1638//546
f 1639//547 1640//547 1641//547
f 1642//548 1643//548 1644//548
f 1645//549 1646//549 1647//549
f 1648//550 1649//550 1650//550
f 1651//551 1652//551 1653//551
f 1654//552 1655//552 1656//552
f 1657//553 1658//553 1659//553
f 1660//554 1661//554 1662//554
f 1663//555 1664//555 1665//555
f 1666//556 1667//556 1668//556
f 1669//557 1670//557 1671//557
f 1672//558 1673//558 1674//558
f 1675//559 1676//559 1677//559
f 1678//560 1679//560 1680//560
f 1681//561 1682//561 1683//561
f 1684//562 1685//562 1686//562
f 1687//563 1688//563 1689//563
f 1690//564 1691//564 1692//564
f 1693//565 1694//565 1695//565
f 1696//566 1697//566 1698//566
f 1699//567 1700//567 1701//567
f 1702//568 1703//568 1704//568
f 1705//569 1706//569 1707//569
f 1708//570 1709//570 1710//570
f 1711//571 1712//571 1713//571
f 1714//572 1715//572 1716//572
f 1717//573 1718//573 1719//573
f 1720//574 1721//574 1722//574
f 1723//575 1724//575 1725//575
f 1726//576 1727//576 1728//576
f 1729//577 1730//577 1731//577
f 1732//578 1733//578 1734//578
f 1735//579 1736//579 1737//579
f 1738//580 1739//580 1740//580
f 1741//581 1742//581 1743//581
f 1744//582 1745//582 1746//582
f 1747//583 1748//583 1749//583
f 1750//584 1751//584 1752//584
f 1753//585 1754//585 1755//585
f 1756//586 1757//586 1758//586
f 1759//587 1760//587 1761//587
f 1762//588 1763//588 1764//588
f 1765//589 1766//589 1767//589
f 1768//590 1769//590 1770//590
f 1771//591 1772//591 1773//591
f 1774//592 1775//592 1776//592
f 1777//593 1778//593 1779//593
f 1780//594 1781//594 1782//594
f 1783//595 1784//595 1785//595
f 1786//596 1787//596 1788//596
f 1789//597 1790//597 1791//597
f 1792//598 1793//598 1794//598
f 1795//599 1796//599 1797//599
f 1798//600 1799//600 1800//600
f 1801//601 1802//601 1803//601
f 1804//602 1805//602 1806//602
f 1807//603 1808//603 1809//603
f 1810//604 1811//604 1812//604
f 1813//605 1814//605 1815//605
f 1816//606 1817//606 1818//606
f 1819//607 1820//607 1821//607
f 1822//608 1823//608 1824//608
f 1825//609 1826//609 1827//609
f 1828//610 1829//610 1830//610
f 1831//611 1832//611 1833//611
f 1834//612 1835//612 1836//612
f 1837//613 1838//613 1839//613
f 1840//614 1841//614 1842//614
f 1843//615 1844//615 1845//615
f 1846//616 1847//616 1848//616
f 1849//617 1850//617 1851//617
f 1852//618 1853//618 1854//618
f 1855//619 1856//619 1857//619
f 1858//620 1859//620 1860//620
f 1861//621 1862//621 1863//621
f 1864//622 1865//622 1866//622
f 1867//623 1868//623 1869//623
f 1870//624 1871//624 1872//624
f 1873//625 1874//625 1875//625
f 1876//626 1877//626 1878//626
f 1879//627 1880//627 1881//627
f 1882//628 1883//628 1884//628
f 1885//629 1886//629 1887//629
f 1888//630 1889//630 1890//630
f 1891//631 1892//631 1893//631
f 1894//632 1895//632 1896//632
f 1897//633 1898//633 1899//633
f 1900//634 1901//634 1902//634
f 1903//635 1904//635 1905//635
f 1906//636 1907//636 1908//636
f 1909//637 1910//637 1911//637
f 1912//638 1913//638 1914//638
f 1915//639 1916//639 1917//639
f 1918//640 1919//640 1920//640
f 1921//641 1922//641 1923//641
f 1924//642 1925//642 1926//642
f 1927//643 1928//643 1929//643
f 1930//644 1931//644 1932//644
f 1933//645 1934//645 1935//645
f 1936//646 1937//646 1938//646
f 1939//647 1940//647 1941//647
f 1942//648 1943//648 1944//648
f 1945//649 1946//649 1947//649
f 1948//650 1949//650 1950//650
f 1951//651 1952//651 1953//651
f 1954//652 1955//652 1956//652
f 1957//653 1958//653 1959//653
f 1960//654 1961//654 1962//654
f 1963//655 1964//655 1965//655
f 1966//656 1967//656 1968//656
f 1969//657 1970//657 1971//657
f 1972//658 1973//658 1974//658
f 1975//659 1976//659 1977//659
f 1978//660 1979//660 1980//660
f 1981//661 1982//661 1983//661
f 1984//662 1985//662 1986//662
f 1987//663 1988//663 1989//663
f 1990//664 1991//664 1992//664
f 1993//665 1994//665 1995//665
f 1996//666 1997//666 1998//666
f 1999//667 2000//667 2001//667
f 2002//668 2003//668 2004//668
f 2005//669 2006//669 2007//669
f 2008//670 2009//670 2010//670
f 2011//671 2012//671 2013//671
f 2014//672 2015//672 2016//672
f 2017//673 2018//673 2019//673
f 2020//674 2021//674 2022//674
f 2023//675 2024//675 2025//675
f 2026//676 2027//676 2028//676
f 2029//677 2030//677 2031//677
f 2032//678 2033//678 2034//678
f 2035//679 2036//679 2037//679
f 2038//680 2039//680 2040//680
f 2041//681 2042//681 2043//681
f 2044//682 2045//682 2046//682
f 2047//683 2048//683 2049//683
f 2050//684 2051//684 2052//684
f 2053//685 2054//685 2055//685
f 2056//686 2057//686 2058//686
f 2059//687 2060//687 2061//687
f 2062//688 2063//688 2064//688
f 2065//689 2066//689 2067//689
f 2068//690 2069//690 2070//690
f 2071//691 2072//691 2073//691
f 2074//692 2075//692 2076//692
f 2077//693 2078//693 2079//693
f 2080//694 2081//694 2082//694
f 2083//695 2084//695 2085//695
f 2086//696 2087//696 2088//696
f 2089//697 2090//697 2091//697
f 2092//698 2093//698 2094//698
f 2095//699 2096//699 2097//699
f 2098//700 2099//700 2100//700
f 2101//701 2102//701 2103//701
f 2104//702 2105//702 2106//702
f 2107//703 2108//703 2109//703
f 2110//704 2111//704 2112//704
f 2113//705 2114//705 2115//705
f 2116//706 2117//706 2118//706
f 2119//707 2120//707 2121//707
f 2122//708 2123//708 2124//708
f 2125//709 2126//709 2127//709
f 2128//710 2129//710 2130//710
f 2131//711 2132//711 2133//711
f 2134//712 2135//712 2136//712
f 2137//713 2138//713 2139//713
f 2140//714 2141//714 2142//714
f 2143//715 2144//715 2145//715
f 2146//716 2147//716 2148//716
f 2149//717 2150//717 2151//717
f 2152//718 2153//718 2154//718
f 2155//719 2156//719 2157//719
f 2158//720 2159//720 2160//720
f 2161//721 2162//721 2163//721
f 2164//722 2165//722 2166//722
f 2167//723 2168//723 2169//723
f 2170//724 2171//724 2172//724
f 2173//725 2174//725 2175//725
f 2176//726 2177//726 2178//726
f 2179//727 2180//727 2181//727
f 2182//728 2183//728 2184//728
f 2185//729 2186//729 2187//729
f 2188//730 2189//730 2190//730
f 2191//731 2192//731 2193//731
f 2194//732 2195//732 2196//732
f 2197//733 2198//733 2199//733
f 2200//734 2201//734 2202//734
f 2203//735 2204//735 2205//735
f 2206//736 2207//736 2208//736
f 2209//737 2210//737 2211//737
f 2212//738 2213//738 2214//738
f 2215//739 2216//739 2217//739
f 2218//740 2219//740 2220//740
f 2221//741 2222//741 2223//741
f 2224//742 2225//742 2226//742
f 2227//743 2228//743 2229//743
f 2230//744 2231//744 2232//744
f 2233//745 2234//745 2235//745
f 2236//746 2237//746 2238//746
f 2239//747 2240//747 2241//747
f 2242//748 2243//748 2244//748
f 2245//749 2246//749 2247//749
f 2248//750 2249//750 2250//750
f 2251//751 2252//751 2253//751
f 2254//752 2255//752 2256//752
f 2257//753 2258//753 2259//753
f 2260//754 2261//754 2262//754
f 2263//755 2264//755 2265//755
f 2266//756 2267//756 2268//756
f 2269//757 2270//757 2271//757
f 2272//758 2273//758 2274//758
f 2275//759 2276//759 2277//759
f 2278//760 2279//760 2280//760
f 2281//761 2282//761 2283//761
f 2284//762 2285//762 2286//762
f 2287//763 2288//763 2289//763
f 2290//764 2291//764 2292//764
f 2293//765 2294//765 2295//765
f 2296//766 2297//766 2298//766
f 2299//767 2300//767 2301//767
f 2302//768 2303//768 2304//768
f 2305//769 2306//769 2307//769
f 2308//770 2309//770 2310//770
f 2311//771 2312//771 2313//771
f 2314//772 2315//772 2316//772
f 2317//773 2318//773 2319//773
f 2320//774 2321//774 2322//774
f 2323//775 2324//775 2325//775
f 2326//776 2327//776 2328//776
f 2329//777 2330//777 2331//777
f 2332//778 2333//778 2334//778
f 2335//779 2336//779 2337//779
f 2338//780 2339//780 2340//780
f 2341//781 2342//781 2343//781
f 2344//782 2345//782 2346//782
f 2347//783 2348//783 2349//783
f 2350//784 2351//784 2352//784
f 2353//785 2354//785 2355//785
f 2356//786 2357//786 2358//786
f 2359//787 2360//787 2361//787
f 2362//788 2363//788 2364//788
f 2365//789 2366//789 2367//789
f 2368//790 2369//790 2370//790
f 2371//791 2372//791 2373//791
f 2374//792 2375//792 2376//792
f 2377//793 2378//793 2379//793
f 2380//794 2381//794 2382//794
f 2383//795 2384//795 2385//795
f 2386//796 2387//796 2388//796
f 2389//797 2390//797 2391//797
f 2392//798 2393//798 2394//798
f 2395//799 2396//799 2397//799
f 2398//800 2399//800 2400//800
f 2401//801 2402//801 2403//801
f 2404//802 2405//802 2406//802
f 2407//803 2408//803 2409//803
f 2410//804 2411//804 2412//804
f 2413//805 2414//805 2415//805
f 2416//806 2417//806 2418//806
f 2419//807 2420//807 2421//807
f 2422//808 2423//808 2424//808
f 2425//809 2426//809 2427//809
f 2428//810 2429//810 2430//810
f 2431//811 2432//811 2433//811
f 2434//812 2435//812 2436//812
f 2437//813 2438//813 2439//813
f 2440//814 2441//814 2442//814
f 2443//815 2444//815 2445//815
f 2446//816 2447//816 2448//816
f 2449//817 2450//817 2451//817
f 2452//818 2453//818 2454//818
f 2455//819 2456//819 2457//819
f 2458//820 2459//820 2460//820
f 2461//821 2462//821 2463//821
f 2464//822 2465//822 2466//822
f 2467//823 2468//823 2469//823
f 2470//824 2471//824 2472//824
f 2473//825 2474//825 2475//825
f 2476//826 2477//826 2478//826
f 2479//827 2480//827 2481//827
f 2482//828 2483//828 2484//828
f 2485//829 2486//829 2487//829
f 2488//830 2489//830 2490//830
f 2491//831 2492//831 2493//831
f 2494//832 2495//832 2496//832
f 2497//833 2498//833 2499//833
f 2500//834 2501//834 2502//834
f 2503//835 2504//835 2505//835
f 2506//836 2507//836 2508//836
f 2509//837 2510//837 2511//837
f 2512//838 2513//838 2514//838
f 2515//839 2516//839 2517//839
f 2518//840 2519//840 2520//840
f 2521//841 2522//841 2523//841
f 2524//842 2525//842 2526//842
f 2527//843 2528//843 2529//843
f 2530//844 2531//844 2532//844
f 2533//845 2534//845 2535//845
f 2536//846 2537//846 2538//846
f 2539//847 2540//847 2541//847
f 2542//848 2543//848 2544//848
f 2545//849 2546//849 2547//849
f 2548//850 2549//850 2550//850
f 2551//851 2552//851 2553//851
f 2554//852 2555//852 2556//852
f 2557//853 2558//853 2559//853
f 2560//854 2561//854 2562//854
f 2563//855 2564//855 2565//855
f 2566//856 2567//856 2568//856
f 2569//857 2570//857 2571//857
f 2572//858 2573//858 2574//858
f 2575//859 2576//859 2577//859
f 2578//860 2579//860 2580//860
f 2581//861 2582//861 2583//861
f 2584//862 2585//862 2586//862
f 2587//863 2588//863 2589//863
f 2590//864 2591//864 2592//864
f 2593//865 2594//865 2595//865
f 2596//866 2597//866 2598//866
f 2599//867 2600//867 2601//867
f 2602//868 2603//868 2604//868
f 2605//869 2606//869 2607//869
f 2608//870 2609//870 2610//870
f 2611//871 2612//871 2613//871
f 2614//872 2615//872 2616//872
f 2617//873 2618//873 2619//873
f 2620//874 2621//874 2622//874
f 2623//875 2624//875 2625//875
f 2626//876 2627//876 2628//876
f 2629//877 2630//877 2631//877
f 2632//878 2633//878 2634//878
f 2635//879 2636//879 2637//879
f 2638//880 2639//880 2640//880
f 2641//881 2642//881 2643//881
f 2644//882 2645//882 2646//882
f 2647//883 2648//883 2649//883
f 2650//884 2651//884 2652//884
f 2653//885 2654//885 2655//885
f 2656//886 2657//886 2658//886
f 2659//887 2660//887 2661//887
f 2662//888 2663//888 2664//888
f 2665//889 2666//889 2667//889
f 2668//890 2669//890 2670//890
f 2671//891 2672//891 2673//891
f 2674//892 2675//892 2676//892
f 2677//893 2678//893 2679//893
f 2680//894 2681//894 2682//894
f 2683//895 2684//895 2685//895
f 2686//896 2687//896 2688//896
f 2689//897 2690//897 2691//897
f 2692//898 2693//898 2694//898
f 2695//899 2696//899 2697//899
f 2698//900 2699//900 2700//900
f 2701//901 2702//901 2703//901
f 2704//902 2705//902 2706//902
f 2707//903 2708//903 2709//903
f 2710//904 2711//904 2712//904
f 2713//905 2714//905 2715//905
f 2716//906 2717//906 2718//906
f 2719//907 2720//907 2721//907
f 2722//908 2723//908 2724//908
f 2725//909 2726//909 2727//909
f 2728//910 2729//910 2730//910
f 2731//911 2732//911 2733//911
f 2734//912 2735//912 2736//912
f 2737//913 2738//913 2739//913
f 2740//914 2741//914 2742//914
f 2743//915 2744//915 2745//915
f 2746//916 2747//916 2748//916
f 2749//917 2750//917 2751//917
f 2752//918 2753//918 2754//918
f 2755//919 2756//919 2757//919
f 2758//920 2759//920 2760//920
f 2761//921 2762//921 2763//921
f 2764//922 2765//922 2766//922
f 2767//923 2768//923 2769//923
f 2770//924 2771//924 2772//924
f 2773//925 2774//925 2775//925
f 2776//926 2777//926 2778//926
f 2779//927 2780//927 2781//927
f 2782//928 2783//928 2784//928
f 2785//929 2786//929 2787//929
f 2788//930 2789//930 2790//930
f 2791//931 2792//931 2793//931
f 2794//932 2795//932 2796//932
f 2797//933 2798//933 2799//933
f 2800//934 2801//934 2802//934
f 2803//935 2804//935 2805//935
f 2806//936 2807//936 2808//936
f 2809//937 2810//937 2811//937
f 2812//938 2813//938 2814//938
f 2815//939 2816//939 2817//939
f 2818//940 2819//940 2820//940
f 2821//941 2822//941 2823//941
f 2824//942 2825//942 2826//942
f 2827//943 2828//943 2829//943
f 2830//944 2831//944 2832//944
f 2833//945 2834//945 2835//945
f 2836//946 2837//946 2838//946
f 2839//947 2840//947 2841//947
f 2842//948 2843//948 2844//948
f 2845//949 2846//949 2847//949
f 2848//950 2849//950 2850//950
f 2851//951 2852//951 2853//951
f 2854//952 2855//952 2856//952
f 2857//953 2858//953 2859//953
f 2860//954 2861//954 2862//954
f 2863//955 2864//955 2865//955
f 2866//956 2867//956 2868//956
f 2869//957 2870//957 2871//957
f 2872//958 2873//958 2874//958
f 2875//959 2876//959 2877//959
f 2878//960 2879//960 2880//960
f 2881//961 2882//961 2883//961
f 2884//962 2885//962 2886//962
f 2887//963 2888//963 2889//963
f 2890//964 2891//964 2892//964
f 2893//965 2894//965 2895//965
f 2896//966 2897//966 2898//966
f 2899//967 2900//967 2901//967
f 2902//968 2903//968 2904//968
f 2905//969 2906//969 2907//969
f 2908//970 2909//970 2910//970
f 2911//971 2912//971 2913//971
f 2914//972 2915//972 2916//972
f 2917//973 2918//973 2919//973
f 2920//974 2921//974 2922//974
f 2923//975 2924//975 2925//975
f 2926//976 2927//976 2928//976
f 2929//977 2930//977 2931//977
f 2932//978 2933//978 2934//978
f 2935//979 2936//979 2937//979
f 2938//980 2939//980 2940//980
f 2941//981 2942//981 2943//981
f 2944//982 2945//982 2946//982
f 2947//983 2948//983 2949//983
f 2950//984 2951//984 2952//984
f 2953//985 2954//985 2955//985
f 2956//986 2957//986 2958//986
f 2959//987 2960//987 2961//987
f 2962//988 2963//988 2964//988
f 2965//989 2966//989 2967//989
f 2968//990 2969//990 2970//990
f 2971//991 2972//991 2973//991
f 2974//992 2975//992 2976//992
f 2977//993 2978//993 2979//993
f 2980//994 2981//994 2982//994
f 2983//995 2984//995 2985//995
f 2986//996 2987//996 2988//996
f 2989//997 2990//997 2991//997
f 2992//998 2993//998 2994//998
f 2995//999 2996//999 2997//999
f 2998//1000 2999//1000 3000//1000
f 3001//1001 3002//1001 3003//1001
f 3004//1002 3005//1002 3006//1002
f 3007//1003 3008//1003 3009//1003
f 3010//1004 3011//1004 3012//1004
f 3013//1005 3014//1005 3015//1005
f 3016//1006 3017//1006 3018//1006
f 3019//1007 3020//1007 3021//1007
f 3022//1008 3023//1008 3024//1008
f 3025//1009 3026//1009 3027//1009
f 3028//1010 3029//1010 3030//1010
f 3031//1011 3032//1011 3033//1011
f 3034//1012 3035//1012 3036//1012
f 3037//1013 3038//1013 3039//1013
f 3040//1014 3041//1014 3042//1014
f 3043//1015 3044//1015 3045//1015
f 3046//1016 3047//1016 3048//1016
f 3049//1017 3050//1017 3051//1017
f 3052//1018 3053//1018 3054//1018
f 3055//1019 3056//1019 3057//1019
f 3058//1020 3059//1020 3060//1020
f 3061//1021 3062//1021 3063//1021
f 3064//1022 3065//1022 3066//1022
f 3067//1023 3068//1023 3069//1023
f 3070//1024 3071//1024 3072//1024
f 3073//1025 3074//1025 3075//1025
f 3076//1026 3077//1026 3078//1026
f 3079//1027 3080//1027 3081//1027
f 3082//1028 3083//1028 3084//1028
f 3085//1029 3086//1029 3087//1029
f 3088//1030 3089//1030 3090//1030
f 3091//1031 3092//1031 3093//1031
f 3094//1032 3095//1032 3096//1032
f 3097//1033 3098//1033 3099//1033
f 3100//1034 3101//1034 3102//1034
f 3103//1035 3104//1035 3105//1035
f 3106//1036 3107//1036 3108//1036
f 3109//1037 3110//1037 3111//1037
f 3112//1038 3113//1038 3114//1038
f 3115//1039 3116//1039 3117//1039
f 3118//1040 3119//1040 3120//1040
f 3121//1041 3122//1041 3123//1041
f 3124//1042 3125//1042 3126//1042
f 3127//1043 3128//1043 3129//1043
f 3130//1044 3131//1044 3132//1044
f 3133//1045 3134//1045 3135//1045
f 3136//1046 3137//1046 3138//1046
f 3139//1047 3140//1047 3141//1047
f 3142//1048 3143//1048 3144//1048
f 3145//1049 3146//1049 3147//1049
f 3148//1050 3149//1050 3150//1050
f 3151//1051 3152//1051 3153//1051
f 3154//1052 3155//1052 3156//1052
f 3157//1053 3158//1053 3159//1053
f 3160//1054 3161//1054 3162//1054
f 3163//1055 3164//1055 3165//1055
f 3166//1056 3167//1056 3168//1056
f 3169//1057 3170//1057 3171//1057
f 3172//1058 3173//1058 3174//1058
f 3175//1059 3176//1059 3177//1059
f 3178//1060 3179//1060 3180//1060
f 3181//1061 3182//1061 3183//1061
f 3184//1062 3185//1062 3186//1062
f 3187//1063 3188//1063 3189//1063
f 3190//1064 3191//1064 3192//1064
f 3193//1065 3194//1065 3195//1065
f 3196//1066 3197//1066 3198//1066
f 3199//1067 3200//1067 3201//1067
f 3202//1068 3203//1068 3204//1068
f 3205//1069 3206//1069 3207//1069
f 3208//1070 3209//1070 3210//1070
f 3211//1071 3212//1071 3213//1071
f 3214//1072 3215//1072 3216//1072
f 3217//1073 3218//1073 3219//1073
f 3220//1074 3221//1074 3222//1074
f 3223//1075 3224//1075 3225//1075
f 3226//1076 3227//1076 3228//1076
f 3229//1077 3230//1077 3231//1077
f 3232//1078 3233//1078 3234//1078
f 3235//1079 3236//1079 3237//1079
f 3238//1080 3239//1080 3240//1080
f 3241//1081 3242//1081 3243//1081
f 3244//1082 3245//1082 3246//1082
f 3247//1083 3248//1083 3249//1083
f 3250//1084 3251//1084 3252//1084
f 3253//1085 3254//1085 3255//1085
f 3256//1086 3257//1086 3258//1086
f 3259//1087 3260//1087 3261//1087
f 3262//1088 3263//1088 3264//1088
f 3265//1089 3266//1089 3267//1089
f 3268//1090 3269//1090 3270//1090
f 3271//1091 3272//1091 3273//1091
f 3274//1092 3275//1092 3276//1092
f 3277//1093 3278//1093 3279//1093
f 3280//1094 3281//1094 3282//1094
f 3283//1095 3284//1095 3285//1095
f 3286//1096 3287//1096 3288//1096
f 3289//1097 3290//1097 3291//1097
f 3292//1098 3293//1098 3294//1098
f 3295//1099 3296//1099 3297//1099
f 3298//1100 3299//1100 3300//1100
f 3301//1101 3302//1101 3303//1101
f 3304//1102 3305//1102 3306//1102
f 3307//1103 3308//1103 3309//1103
f 3310//1104 3311//1104 3312//1104
f 3313//1105 3314//1105 3315//1105
f 3316//1106 3317//1106 3318//1106
f 3319//1107 3320//1107 3321//1107
f 3322//1108 3323//1108 3324//1108
f 3325//1109 3326//1109 3327//1109
f 3328//1110 3329//1110 3330//1110
f 3331//1111 3332//1111 3333//1111
f 3334//1112 3335//1112 3336//1112
f 3337//1113 3338//1113 3339//1113
f 3340//1114 3341//1114 3342//1114
f 3343//1115 3344//1115 3345//1115
f 3346//1116 3347//1116 3348//1116
f 3349//1117 3350//1117 3351//1117
f 3352//1118 3353//1118 3354//1118
f 3355//1119 3356//1119 3357//1119
f 3358//1120 3359//1120 3360//1120
f 3361//1121 3362//1121 3363//1121
f 3364//1122 3365//1122 3366//1122
f 3367//1123 3368//1123 3369//1123
f 3370//1124 3371//1124 3372//1124
f 3373//1125 3374//1125 3375//1125
f 3376//1126 3377//1126 3378//1126
f 3379//1127 3380//1127 3381//1127
f 3382//1128 3383//1128 3384//1128
f 3385//1129 3386//1129 3387//1129
f 3388//1130 3389//1130 3390//1130
f 3391//1131 3392//1131 3393//1131
f 3394//1132 3395//1132 3396//1132
f 3397//1133 3398//1133 3399//1133
f 3400//1134 3401//1134 3402//1134
f 3403//1135 3404//1135 3405//1135
f 3406//1136 3407//1136 3408//1136
f 3409//1137 3410//1137 3411//1137
f 3412//1138 3413//1138 3414//1138
f 3415//1139 3416//1139 3417//1139
f 3418//1140 3419//1140 3420//1140
f 3421//1141 3422//1141 3423//1141
f 3424//1142 3425//1142 3426//1142
f 3427//1143 3428//1143 3429//1143
f 3430//1144 3431//1144 3432//1144
f 3433//1145 3434//1145 3435//1145
f 3436//1146 3437//1146 3438//1146
f 3439//1147 3440//1147 3441//1147
f 3442//1148 3443//1148 3444//1148
f 3445//1149 3446//1149 3447//1149
f 3448//1150 3449//1150 3450//1150
f 3451//1151 3452//1151 3453//1151
f 3454//1152 3455//1152 3456//1152
f 3457//1153 3458//1153 3459//1153
f 3460//1154 3461//1154 3462//1154
f 3463//1155 3464//1155 3465//1155
f 3466//1156 3467//1156 3468//1156
f 3469//1157 3470//1157 3471//1157
f 3472//1158 3473//1158 3474//1158
f 3475//1159 3476//1159 3477//1159
f 3478//1160 3479//1160 3480//1160
f 3481//1161 3482//1161 3483//1161
f 3484//1162 3485//1162 3486//1162
f 3487//1163 3488//1163 3489//1163
f 3490//1164 3491//1164 3492//1164
f 3493//1165 3494//1165 3495//1165
f 3496//1166 3497//1166 3498//1166
f 3499//1167 3500//1167 3501//1167
f 3502//1168 3503//1168 3504//1168
f 3505//1169 3506//1169 3507//1169
f 3508//1170 3509//1170 3510//1170
f 3511//1171 3512//1171 3513//1171
f 3514//1172 3515//1172 3516//1172
f 3517//1173 3518//1173 3519//1173
f 3520//1174 3521//1174 3522//1174
f 3523//1175 3524//1175 3525//1175
f 3526//1176 3527//1176 3528//1176
f 3529//1177 3530//1177 3531//1177
f 3532//1178 3533//1178 3534//1178
f 3535//1179 3536//1179 3537//1179
f 3538//1180 3539//1180 3540//1180
f 3541//1181 3542//1181 3543//1181
f 3544//1182 3545//1182 3546//1182
f 3547//1183 3548//1183 3549//1183
f 3550//1184 3551//1184 3552//1184
f 3553//1185 3554//1185 3555//1185
f 3556//1186 3557//1186 3558//1186
f 3559//1187 3560//1187 3561//1187
f 3562//1188 3563//1188 3564//1188
f 3565//1189 3566//1189 3567//1189
f 3568//1190 3569//1190 3570//1190
f 3571//1191 3572//1191 3573//1191
f 3574//1192 3575//1192 3576//1192
f 3577//1193 3578//1193 3579//1193
f 3580//1194 3581//1194 3582//1194
f 3583//1195 3584//1195 3585//1195
f 3586//1196 3587//1196 3588//1196
f 3589//1197 3590//1197 3591//1197
f 3592//1198 3593//1198 3594//1198
f 3595//1199 3596//1199 3597//1199
f 3598//1200 3599//1200 3600//1200
f 3601//1201 3602//1201 3603//1201
f 3604//1202 3605//1202 3606//1202
f 3607//1203 3608//1203 3609//1203
f 3610//1204 3611//1204 3612//1204
f 3613//1205 3614//1205 3615//1205
f 3616//1206 3617//1206 3618//1206
f 3619//1207 3620//1207 3621//1207
f 3622//1208 3623//1208 3624//1208
f 3625//1209 3626//1209 3627//1209
f 3628//1210 3629//1210 3630//1210
f 3631//1211 3632//1211 3633//1211
f 3634//1212 3635//1212 3636//1212
f 3637//1213 3638//1213 3639//1213
f 3640//1214 3641//1214 3642//1214
f 3643//1215 3644//1215 3645//1215
f 3646//1216 3647//1216 3648//1216
f 3649//1217 3650//1217 3651//1217
f 3652//1218 3653//1218 3654//1218
f 3655//1219 3656//1219 3657//1219
f 3658//1220 3659//1220 3660//1220
f 3661//1221 3662//1221 3663//1221
f 3664//1222 3665//1222 3666//1222
f 3667//1223 3668//1223 3669//1223
f 3670//1224 3671//1224 3672//1224
f 3673//1225 3674//1225 3675//1225
f 3676//1226 3677//1226 3678//1226
f 3679//1227 3680//1227 3681//1227
f 3682//1228 3683//1228 3684//1228
f 3685//1229 3686//1229 3687//1229
f 3688//1230 3689//1230 3690//1230
f 3691//1231 3692//1231 3693//1231
f 3694//1232 3695//1232 3696//1232
f 3697//1233 3698//1233 3699//1233
f 3700//1234 3701//1234 3702//1234
f 3703//1235 3704//1235 3705//1235
f 3706//1236 3707//1236 3708//1236
f 3709//1237 3710//1237 3711//1237
f 3712//1238 3713//1238 3714//1238
f 3715//1239 3716//1239 3717//1239
f 3718//1240 3719//1240 3720//1240
f 3721//1241 3722//1241 3723//1241
f 3724//1242 3725//1242 3726//1242
f 3727//1243 3728//1243 3729//1243
f 3730//1244 3731//1244 3732//1244
f 3733//1245 3734//1245 3735//1245
f 3736//1246 3737//1246 3738//1246
f 3739//1247 3740//1247 3741//1247
f 3742//1248 3743//1248 3744//1248
f 3745//1249 3746//1249 3747//1249
f 3748//1250 3749//1250 3750//1250
f 3751//1251 3752//1251 3753//1251
f 3754//1252 3755//1252 3756//1252
f 3757//1253 3758//1253 3759//1253
f 3760//1254 3761//1254 3762//1254
f 3763//1255 3764//1255 3765//1255
f 3766//1256 3767//1256 3768//1256
f 3769//1257 3770//1257 3771//1257
f 3772//1258 3773//1258 3774//1258
f 3775//1259 3776//1259 3777//1259
f 3778//1260 3779//1260 3780//1260
f 3781//1261 3782//1261 3783//1261
f 3784//1262 3785//1262 3786//1262
f 3787//1263 3788//1263 3789//1263
f 3790//1264 3791//1264 3792//1264
f 3793//1265 3794//1265 3795//1265
f 3796//1266 3797//1266 3798//1266
f 3799//1267 3800//1267 3801//1267
f 3802//1268 3803//1268 3804//1268
f 3805//1269 3806//1269 3807//1269
f 3808//1270 3809//1270 3810//1270
f 3811//1271 3812//1271 3813//1271
f 3814//1272 3815//1272 3816//1272
f 3817//1273 3818//1273 3819//1273
f 3820//1274 3821//1274 3822//1274
f 3823//1275 3824//1275 3825//1275
f 3826//1276 3827//1276 3828//1276
f 3829//1277 3830//1277 3831//1277
f 3832//1278 3833//1278 3834//1278
f 3835//1279 3836//1279 3837//1279
f 3838//1280 3839//1280 3840//1280
f 3841//1281 3842//1281 3843//1281
f 3844//1282 3845//1282 3846//1282
f 3847//1283 3848//1283 3849//1283
f 3850//1284 3851//1284 3852//1284
f 3853//1285 3854//1285 3855//1285
f 3856//1286 3857//1286 3858//1286
f 3859//1287 3860//1287 3861//1287
f 3862//1288 3863//1288 3864//1288
f 3865//1289 3866//1289 3867//1289
f 3868//1290 3869//1290 3870//1290
f 3871//1291 3872//1291 3873//1291
f 3874//1292 3875//1292 3876//1292
f 3877//1293 3878//1293 3879//1293
f 3880//1294 3881//1294 3882//1294
f 3883//1295 3884//1295 3885//1295
f 3886//1296 3887//1296 3888//1296
f 3889//1297 3890//1297 3891//1297
f 3892//1298 3893//1298 3894//1298
f 3895//1299 3896//1299 3897//1299
f 3898//1300 3899//1300 3900//1300
f 3901//1301 3902//1301 3903//1301
f 3904//1302 3905//1302 3906//1302
f 3907//1303 3908//1303 3909//1303
f 3910//1304 3911//1304 3912//1304
f 3913//1305 3914//1305 3915//1305
f 3916//1306 3917//1306 3918//1306
f 3919//1307 3920//1307 3921//1307
f 3922//1308 3923//1308 3924//1308
f 3925//1309 3926//1309 3927//1309
f 3928//1310 3929//1310 3930//1310
f 3931//1311 3932//1311 3933//1311
f 3934//1312 3935//1312 3936//1312
f 3937//1313 3938//1313 3939//1313
f 3940//1314 3941//1314 3942//1314
f 3943//1315 3944//1315 3945//1315
f 3946//1316 3947//1316 3948//1316
f 3949//1317 3950//1317 3951//1317
f 3952//1318 3953//1318 3954//1318
f 3955//1319 3956//1319 3957//1319
f 3958//1320 3959//1320 3960//1320
f 3961//1321 3962//1321 3963//1321
f 3964//1322 3965//1322 3966//1322
f 3967//1323 3968//1323 3969//1323
f 3970//1324 3971//1324 3972//1324
f 3973//1325 3974//1325 3975//1325
f 3976//1326 3977//1326 3978//1326
f 3979//1327 3980//1327 3981//1327
f 3982//1328 3983//1328 3984//1328
f 3985//1329 3986//1329 3987//1329
f 3988//1330 3989//1330 3990//1330
f 3991//1331 3992//1331 3993//1331
f 3994//1332 3995//1332 3996//1332
f 3997//1333 3998//1333 3999//1333
f 4000//1334 4001//1334 4002//1334
f 4003//1335 4004//1335 4005//1335
f 4006//1336 4007//1336 4008//1336
f 4009//1337 4010//1337 4011//1337
f 4012//1338 4013//1338 4014//1338
f 4015//1339 4016//1339 4017//1339
f 4018//1340 4019//1340 4020//1340
f 4021//1341 4022//1341 4023//1341
f 4024//1342 4025//1342 4026//1342
f 4027//1343 4028//1343 4029//1343
f 4030//1344 4031//1344 4032//1344
f 4033//1345 4034//1345 4035//1345
f 4036//1346 4037//1346 4038//1346
f 4039//1347 4040//1347 4041//1347
f 4042//1348 4043//1348 4044//1348
f 4045//1349 4046//1349 4047//1349
f 4048//1350 4049//1350 4050//1350
f 4051//1351 4052//1351 4053//1351
f 4054//1352 4055//1352 4056//1352
f 4057//1353 4058//1353 4059//1353
f 4060//1354 4061//1354 4062//1354
f 4063//1355 4064//1355 4065//1355
f 4066//1356 4067//1356 4068//1356
f 4069//1357 4070//1357 4071//1357
f 4072//1358 4073//1358 4074//1358
f 4075//1359 4076//1359 4077//1359
f 4078//1360 4079//1360 4080//1360
f 4081//1361 4082//1361 4083//1361
f 4084//1362 4085//1362 4086//1362
f 4087//1363 4088//1363 4089//1363
f 4090//1364 4091//1364 4092//1364
f 4093//1365 4094//1365 4095//1365
f 4096//1366 4097//1366 4098//1366
f 4099//1367 4100//1367 4101//1367
f 4102//1368 4103//1368 4104//1368
f 4105//1369 4106//1369 4107//1369
f 4108//1370 4109//1370 4110//1370
f 4111//1371 4112//1371 4113//1371
f 4114//1372 4115//1372 4116//1372
f 4117//1373 4118//1373 4119//1373
f 4120//1374 4121//1374 4122//1374
f 4123//1375 4124//1375 4125//1375
f 4126//1376 4127//1376 4128//1376
f 4129//1377 4130//1377 4131//1377
f 4132//1378 4133//1378 4134//1378
f 4135//1379 4136//1379 4137//1379
f 4138//1380 4139//1380 4140//1380
f 4141//1381 4142//1381 4143//1381
f 4144//1382 4145//1382 4146//1382
f 4147//1383 4148//1383 4149//1383
f 4150//1384 4151//1384 4152//1384
f 4153//1385 4154//1385 4155//1385
f 4156//1386 4157//1386 4158//1386
f 4159//1387 4160//1387 4161//1387
f 4162//1388 4163//1388 4164//1388
f 4165//1389 4166//1389 4167//1389
f 4168//1390 4169//1390 4170//1390
f 4171//1391 4172//1391 4173//1391
f 4174//1392 4175//1392 4176//1392
f 4177//1393 4178//1393 4179//1393
f 4180//1394 4181//1394 4182//1394
f 4183//1395 4184//1395 4185//1395
f 4186//1396 4187//1396 4188//1396
f 4189//1397 4190//1397 4191//1397
f 4192//1398 4193//1398 4194//1398
f 4195//1399 4196//1399 4197//1399
f 4198//1400 4199//1400 4200//1400
f 4201//1401 4202//1401 4203//1401
f 4204//1402 4205//1402 4206//1402
f 4207//1403 4208//1403 4209//1403
f 4210//1404 4211//1404 4212//1404
f 4213//1405 4214//1405 4215//1405
f 4216//1406 4217//1406 4218//1406
f 4219//1407 4220//1407 4221//1407
f 4222//1408 4223//1408 4224//1408
f 4225//1409 4226//1409 4227//1409
f 4228//1410 4229//1410 4230//1410
f 4231//1411 4232//1411 4233//1411
f 4234//1412 4235//1412 4236//1412
f 4237//1413 4238//1413 4239//1413
f 4240//1414 4241//1414 4242//1414
f 4243//1415 4244//1415 4245//1415
f 4246//1416 4247//1416 4248//1416
f 4249//1417 4250//1417 4251//1417
f 4252//1418 4253//1418 4254//1418
f 4255//1419 4256//1419 4257//1419
f 4258//1420 4259//1420 4260//1420
f 4261//1421 4262//1421 4263//1421
f 4264//1422 4265//1422 4266//1422
f 4267//1423 4268//1423 4269//1423
f 4270//1424 4271//1424 4272//1424
f 4273//1425 4274//1425 4275//1425
f 4276//1426 4277//1426 4278//1426
f 4279//1427 4280//1427 4281//1427
f 4282//1428 4283//1428 4284//1428
f 4285//1429 4286//1429 4287//1429
f 4288//1430 4289//1430 4290//1430
f 4291//1431 4292//1431 4293//1431
f 4294//1432 4295//1432 4296//1432
f 4297//1433 4298//1433 4299//1433
f 4300//1434 4301//1434 4302//1434
f 4303//1435 4304//1435 4305//1435
f 4306//1436 4307//1436 4308//1436
f 4309//1437 4310//1437 4311//1437
f 4312//1438 4313//1438 4314//1438
f 4315//1439 4316//1439 4317//1439
f 4318//1440 4319//1440 4320//1440
f 4321//1441 4322//1441 4323//1441
f 4324//1442 4325//1442 4326//1442
f 4327//1443 4328//1443 4329//1443
f 4330//1444 4331//1444 4332//1444
f 4333//1445 4334//1445 4335//1445
f 4336//1446 4337//1446 4338//1446
f 4339//1447 4340//1447 4341//1447
f 4342//1448 4343//1448 4344//1448
f 4345//1449 4346//1449 4347//1449
f 4348//1450 4349//1450 4350//1450
f 4351//1451 4352//1451 4353//1451
f 4354//1452 4355//1452 4356//1452
f 4357//1453 4358//1453 4359//1453
f 4360//1454 4361//1454 4362//1454
f 4363//1455 4364//1455 4365//1455
f 4366//1456 4367//1456 4368//1456
f 4369//1457 4370//1457 4371//1457
f 4372//1458 4373//1458 4374//1458
f 4375//1459 4376//1459 4377//1459
f 4378//1460 4379//1460 4380//1460
f 4381//1461 4382//1461 4383//1461
f 4384//1462 4385//1462 4386//1462
f 4387//1463 4388//1463 4389//1463
f 4390//1464 4391//1464 4392//1464
f 4393//1465 4394//1465 4395//1465
f 4396//1466 4397//1466 4398//1466
f 4399//1467 4400//1467 4401//1467
f 4402//1468 4403//1468 4404//1468
f 4405//1469 4406//1469 4407//1469
f 4408//1470 4409//1470 4410//1470
f 4411//1471 4412//1471 4413//1471
f 4414//1472 4415//1472 4416//1472
f 4417//1473 4418//1473 4419//1473
f 4420//1474 4421//1474 4422//1474
f 4423//1475 4424//1475 4425//1475
f 4426//1476 4427//1476 4428//1476
f 4429//1477 4430//1477 4431//1477
f 4432//1478 4433//1478 4434//1478
f 4435//1479 4436//1479 4437//1479
f 4438//1480 4439//1480 4440//1480
f 4441//1481 4442//1481 4443//1481
f 4444//1482 4445//1482 4446//1482
f 4447//1483 4448//1483 4449//1483
f 4450//1484 4451//1484 4452//1484
f 4453//1485 4454//1485 4455//1485
f 4456//1486 4457//1486 4458//1486
f 4459//1487 4460//1487 4461//1487
f 4462//1488 4463//1488 4464//1488
f 4465//1489 4466//1489 4467//1489
f 4468//1490 4469//1490 4470//1490
f 4471//1491 4472//1491 4473//1491
f 4474//1492 4475//1492 4476//1492
f 4477//1493 4478//1493 4479//1493
f 4480//1494 4481//1494 4482//1494
f 4483//1495 4484//1495 4485//1495
f 4486//1496 4487//1496 4488//1496
f 4489//1497 4490//1497 4491//1497
f 4492//1498 4493//1498 4494//1498
f 4495//1499 4496//1499 4497//1499
f 4498//1500 4499//1500 4500//1500
f 4501//1501 4502//1501 4503//1501
f 4504//1502 4505//1502 4506//1502
f 4507//1503 4508//1503 4509//1503
f 4510//1504 4511//1504 4512//1504
f 4513//1505 4514//1505 4515//1505
f 4516//1506 4517//1506 4518//1506
f 4519//1507 4520//1507 4521//1507
f 4522//1508 4523//1508 4524//1508
f 4525//1509 4526//1509 4527//1509
f 4528//1510 4529//1510 4530//1510
f 4531//1511 4532//1511 4533//1511
f 4534//1512 4535//1512 4536//1512
f 4537//1513 4538//1513 4539//1513
f 4540//1514 4541//1514 4542//1514
f 4543//1515 4544//1515 4545//1515
f 4546//1516 4547//1516 4548//1516
f 4549//1517 4550//1517 4551//1517
f 4552//1518 4553//1518 4554//1518
f 4555//1519 4556//1519 4557//1519
f 4558//1520 4559//1520 4560//1520
f 4561//1521 4562//1521 4563//1521
f 4564//1522 4565//1522 4566//1522
f 4567//1523 4568//1523 4569//1523
f 4570//1524 4571//1524 4572//1524
f 4573//1525 4574//1525 4575//1525
f 4576//1526 4577//1526 4578//1526
f 4579//1527 4580//1527 4581//1527
f 4582//1528 4583//1528 4584//1528
f 4585//1529 4586//1529 4587//1529
f 4588//1530 4589//1530 4590//1530
f 4591//1531 4592//1531 4593//1531
f 4594//1532 4595//1532 4596//1532
f 4597//1533 4598//1533 4599//1533
f 4600//1534 4601//1534 4602//1534
f 4603//1535 4604//1535 4605//1535
f 4606//1536 4607//1536 4608//1536
f 4609//1537 4610//1537 4611//1537
f 4612//1538 4613//1538 4614//1538
f 4615//1539 4616//1539 4617//1539
f 4618//1540 4619//1540 4620//1540
f 4621//1541 4622//1541 4623//1541
f 4624//1542 4625//1542 4626//1542
f 4627//1543 4628//1543 4629//1543
f 4630//1544 4631//1544 4632//1544
f 4633//1545 4634//1545 4635//1545
f 4636//1546 4637//1546 4638//1546
f 4639//1547 4640//1547 4641//1547
f 4642//1548 4643//1548 4644//1548
f 4645//1549 4646//1549 4647//1549
f 4648//1550 4649//1550 4650//1550
f 4651//1551 4652//1551 4653//1551
f 4654//1552 4655//1552 4656//1552
f 4657//1553 4658//1553 4659//1553
f 4660//1554 4661//1554 4662//1554
f 4663//1555 4664//1555 4665//1555
f 4666//1556 4667//1556 4668//1556
f 4669//1557 4670//1557 4671//1557
f 4672//1558 4673//1558 4674//1558
f 4675//1559 4676//1559 4677//1559
f 4678//1560 4679//1560 4680//1560
f 4681//1561 4682//1561 4683//1561
f 4684//1562 4685//1562 4686//1562
f 4687//1563 4688//1563 4689//1563
f 4690//1564 4691//1564 4692//1564
f 4693//1565 4694//1565 4695//1565
f 4696//1566 4697//1566 4698//1566
f 4699//1567 4700//1567 4701//1567
f 4702//1568 4703//1568 4704//1568
f 4705//1569 4706//1569 4707//1569
f 4708//1570 4709//1570 4710//1570
f 4711//1571 4712//1571 4713//1571
f 4714//1572 4715//1572 4716//1572
f 4717//1573 4718//1573 4719//1573
f 4720//1574 4721//1574 4722//1574
f 4723//1575 4724//1575 4725//1575
f 4726//1576 4727//1576 4728//1576
f 4729//1577 4730//1577 4731//1577
f 4732//1578 4733//1578 4734//1578
f 4735//1579 4736//1579 4737//1579
f 4738//1580 4739//1580 4740//1580
f 4741//1581 4742//1581 4743//1581
f 4744//1582 4745//1582 4746//1582
f 4747//1583 4748//1583 4749//1583
f 4750//1584 4751//1584 4752//1584
f 4753//1585 4754//1585 4755//1585
f 4756//1586 4757//1586 4758//1586
f 4759//1587 4760//1587 4761//1587
f 4762//1588 4763//1588 4764//1588
f 4765//1589 4766//1589 4767//1589
f 4768//1590 4769//1590 4770//1590
f 4771//1591 4772//1591 4773//1591
f 4774//1592 4775//1592 4776//1592
f 4777//1593 4778//1593 4779//1593
f 4780//1594 4781//1594 4782//1594
f 4783//1595 4784//1595 4785//1595
f 4786//1596 4787//1596 4788//1596
f 4789//1597 4790//1597 4791//1597
f 4792//1598 4793//1598 4794//1598
f 4795//1599 4796//1599 4797//1599
f 4798//1600 4799//1600 4800//1600
f 4801//1601 4802//1601 4803//1601
f 4804//1602 4805//1602 4806//1602
f 4807//1603 4808//1603 4809//1603
f 4810//1604 4811//1604 4812//1604
f 4813//1605 4814//1605 4815//1605
f 4816//1606 4817//1606 4818//1606
f 4819//1607 4820//1607 4821//1607
f 4822//1608 4823//1608 4824//1608
f 4825//1609 4826//1609 4827//1609
f 4828//1610 4829//1610 4830//1610
f 4831//1611 4832//1611 4833//1611
f 4834//1612 4835//1612 4836//1612
f 4837//1613 4838//1613 4839//1613
f 4840//1614 4841//1614 4842//1614
f 4843//1615 4844//1615 4845//1615
f 4846//1616 4847//1616 4848//1616
f 4849//1617 4850//1617 4851//1617
f 4852//1618 4853//1618 4854//1618
f 4855//1619 4856//1619 4857//1619
f 4858//1620 4859//1620 4860//1620
f 4861//1621 4862//1621 4863//1621
f 4864//1622 4865//1622 4866//1622
f 4867//1623 4868//1623 4869//1623
f 4870//1624 4871//1624 4872//1624
f 4873//1625 4874//1625 4875//1625
f 4876//1626 4877//1626 4878//1626
f 4879//1627 4880//1627 4881//1627
f 4882//1628 4883//1628 4884//1628
f 4885//1629 4886//1629 4887//1629
f 4888//1630 4889//1630 4890//1630
f 4891//1631 4892//1631 4893//1631
f 4894//1632 4895//1632 4896//1632
f 4897//1633 4898//1633 4899//1633
f 4900//1634 4901//1634 4902//1634
f 4903//1635 4904//1635 4905//1635
f 4906//1636 4907//1636 4908//1636
f 4909//1637 4910//1637 4911//1637
f 4912//1638 4913//1638 4914//1638
f 4915//1639 4916//1639 4917//1639
f 4918//1640 4919//1640 4920//1640
f 4921//1641 4922//1641 4923//1641
f 4924//1642 4925//1642 4926//1642
f 4927//1643 4928//1643 4929//1643
f 4930//1644 4931//1644 4932//1644
f 4933//1645 4934//1645 4935//1645
f 4936//1646 4937//1646 4938//1646
f 4939//1647 4940//1647 4941//1647
f 4942//1648 4943//1648 4944//1648
f 4945//1649 4946//1649 4947//1649
f 4948//1650 4949//1650 4950//1650
f 4951//1651 4952//1651 4953//1651
f 4954//1652 4955//1652 4956//1652
f 4957//1653 4958//1653 4959//1653
f 4960//1654 4961//1654 4962//1654
f 4963//1655 4964//1655 4965//1655
f 4966//1656 4967//1656 4968//1656
f 4969//1657 4970//1657 4971//1657
f 4972//1658 4973//1658 4974//1658
f 4975//1659 4976//1659 4977//1659
f 4978//1660 4979//1660 4980//1660
f 4981//1661 4982//1661 4983//1661
f 4984//1662 4985//1662 4986//1662
f 4987//1663 4988//1663 4989//1663
f 4990//1664 4991//1664 4992//1664
f 4993//1665 4994//1665 4995//1665
f 4996//1666 4997//1666 4998//1666
f 4999//1667 5000//1667 5001//1667
f 5002//1668 5003//1668 5004//1668
f 5005//1669 5006//1669 5007//1669
f 5008//1670 5009//1670 5010//1670
f 5011//1671 5012//1671 5013//1671
f 5014//1672 5015//1672 5016//1672
f 5017//1673 5018//1673 5019//1673
f 5020//1674 5021//1674 5022//1674
f 5023//1675 5024//1675 5025//1675
f 5026//1676 5027//1676 5028//1676
f 5029//1677 5030//1677 5031//1677
f 5032//1678 5033//1678 5034//1678
f 5035//1679 5036//1679 5037//1679
f 5038//1680 5039//1680 5040//1680
f 5041//1681 5042//1681 5043//1681
f 5044//1682 5045//1682 5046//1682
f 5047//1683 5048//1683 5049//1683
f 5050//1684 5051//1684 5052//1684
f 5053//1685 5054//1685 5055//1685
f 5056//1686 5057//1686 5058//1686
f 5059//1687 5060//1687 5061//1687
f 5062//1688 5063//1688 5064//1688
f 5065//1689 5066//1689 5067//1689
f 5068//1690 5069//1690 5070//1690
f 5071//1691 5072//1691 5073//1691
f 5074//1692 5075//1692 5076//1692
f 5077//1693 5078//1693 5079//1693
f 5080//1694 5081//1694 5082//1694
f 5083//1695 5084//1695 5085//1695
f 5086//1696 5087//1696 5088//1696
f 5089//1697 5090//1697 5091//1697
f 5092//1698 5093//1698 5094//1698
f 5095//1699 5096//1699 5097//1699
f 5098//1700 5099//1700 5100//1700
f 5101//1701 5102//1701 5103//1701
f 5104//1702 5105//1702 5106//1702
f 5107//1703 5108//1703 5109//1703
f 5110//1704 5111//1704 5112//1704
f 5113//1705 5114//1705 5115//1705
f 5116//1706 5117//1706 5118//1706
f 5119//1707 5120//1707 5121//1707
f 5122//1708 5123//1708 5124//1708
f 5125//1709 5126//1709 5127//1709
f 5128//1710 5129//1710 5130//1710
f 5131//1711 5132//1711 5133//1711
f 5134//1712 5135//1712 5136//1712
f 5137//1713 5138//1713 5139//1713
f 5140//1714 5141//1714 5142//1714
f 5143//1715 5144//1715 5145//1715
f 5146//1716 5147//1716 5148//1716
f 5149//1717 5150//1717 5151//1717
f 5152//1718 5153//1718 5154//1718
f 5155//1719 5156//1719 5157//1719
f 5158//1720 5159//1720 5160//1720
f 5161//1721 5162//1721 5163//1721
f 5164//1722 5165//1722 5166//1722
f 5167//1723 5168//1723 5169//1723
f 5170//1724 5171//1724 5172//1724
f 5173//1725 5174//1725 5175//1725
f 5176//1726 5177//1726 5178//1726
f 5179//1727 5180//1727 5181//1727
f 5182//1728 5183//1728 5184//1728
f 5185//1729 5186//1729 5187//1729
f 5188//1730 5189//1730 5190//1730
f 5191//1731 5192//1731 5193//1731
f 5194//1732 5195//1732 5196//1732
f 5197//1733 5198//1733 5199//1733
f 5200//1734 5201//1734 5202//1734
f 5203//1735 5204//1735 5205//1735
f 5206//1736 5207//1736 5208//1736
f 5209//1737 5210//1737 5211//1737
f 5212//1738 5213//1738 5214//1738
f 5215//1739 5216//1739 5217//1739
f 5218//1740 5219//1740 5220//1740
f 5221//1741 5222//1741 5223//1741
f 5224//1742 5225//1742 5226//1742
f 5227//1743 5228//1743 5229//1743
f 5230//1744 5231//1744 5232//1744
f 5233//1745 5234//1745 5235//1745
f 5236//1746 5237//1746 5238//1746
f 5239//1747 5240//1747 5241//1747
f 5242//1748 5243//1748 5244//1748
f 5245//1749 5246//1749 5247//1749
f 5248//1750 5249//1750 5250//1750
f 5251//1751 5252//1751 5253//1751
f 5254//1752 5255//1752 5256//1752
f 5257//1753 5258//1753 5259//1753
f 5260//1754 5261//1754 5262//1754
f 5263//1755 5264//1755 5265//1755
f 5266//1756 5267//1756 5268//1756
f 5269//1757 5270//1757 5271//1757
f 5272//1758 5273//1758 5274//1758
f 5275//1759 5276//1759 5277//1759
f 5278//1760 5279//1760 5280//1760
f 5281//1761 5282//1761 5283//1761
f 5284//1762 5285//1762 5286//1762
f 5287//1763 5288//1763 5289//1763
f 5290//1764 5291//1764 5292//1764
f 5293//1765 5294//1765 5295//1765
f 5296//1766 5297//1766 5298//1766
f 5299//1767 5300//1767 5301//1767
f 5302//1768 5303//1768 5304//1768
f 5305//1769 5306//1769 5307//1769
f 5308//1770 5309//1770 5310//1770
f 5311//1771 5312//1771 5313//1771
f 5314//1772 5315//1772 5316//1772
f 5317//1773 5318//1773 5319//1773
f 5320//1774 5321//1774 5322//1774
f 5323//1775 5324//1775 5325//1775
f 5326//1776 5327//1776 5328//1776
f 5329//1777 5330//1777 5331//1777
f 5332//1778 5333//1778 5334//1778
f 5335//1779 5336//1779 5337//1779
f 5338//1780 5339//1780 5340//1780
f 5341//1781 5342//1781 5343//1781
f 5344//1782 5345//1782 5346//1782
f 5347//1783 5348//1783 5349//1783
f 5350//1784 5351//1784 5352//1784
f 5353//1785 5354//1785 5355//1785
f 5356//1786 5357//1786 5358//1786
f 5359//1787 5360//1787 5361//1787
f 5362//1788 5363//1788 5364//1788
f 5365//1789 5366//1789 5367//1789
f 5368//1790 5369//1790 5370//1790
f 5371//1791 5372//1791 5373//1791
f 5374//1792 5375//1792 5376//1792
f 5377//1793 5378//1793 5379//1793
f 5380//1794 5381//1794 5382//1794
f 5383//1795 5384//1795 5385//1795
f 5386//1796 5387//1796 5388//1796
f 5389//1797 5390//1797 5391//1797
f 5392//1798 5393//1798 5394//1798
f 5395//1799 5396//1799 5397//1799
f 5398//1800 5399//1800 5400//1800
f 5401//1801 5402//1801 5403//1801
f 5404//1802 5405//1802 5406//1802
f 5407//1803 5408//1803 5409//1803
f 5410//1804 5411//1804 5412//1804
f 5413//1805 5414//1805 5415//1805
f 5416//1806 5417//1806 5418//1806
f 5419//1807 5420//1807 5421//1807
f 5422//1808 5423//1808 5424//1808
f 5425//1809 5426//1809 5427//1809
f 5428//1810 5429//1810 5430//1810
f 5431//1811 5432//1811 5433//1811
f 5434//1812 5435//1812 5436//1812
f 5437//1813 5438//1813 5439//1813
f 5440//1814 5441//1814 5442//1814
f 5443//1815 5444//1815 5445//1815
f 5446//1816 5447//1816 5448//1816
f 5449//1817 5450//1817 5451//1817
f 5452//1818 5453//1818 5454//1818
f 5455//1819 5456//1819 5457//1819
f 5458//1820 5459//1820 5460//1820
f 5461//1821 5462//1821 5463//1821
f 5464//1822 5465//1822 5466//1822
f 5467//1823 5468//1823 5469//1823
f 5470//1824 5471//1824 5472//1824
f 5473//1825 5474//1825 5475//1825
f 5476//1826 5477//1826 5478//1826
f 5479//1827 5480//1827 5481//1827
f 5482//1828 5483//1828 5484//1828
f 5485//1829 5486//1829 5487//1829
f 5488//1830 5489//1830 5490//1830
f 5491//1831 5492//1831 5493//1831
f 5494//1832 5495//1832 5496//1832
f 5497//1833 5498//1833 5499//1833
f 5500//1834 5501//1834 5502//1834
f 5503//1835 5504//1835 5505//1835
f 5506//1836 5507//1836 5508//1836
f 5509//1837 5510//1837 5511//1837
f 5512//1838 5513//1838 5514//1838
f 5515//1839 5516//1839 5517//1839
f 5518//1840 5519//1840 5520//1840
f 5521//1841 5522//1841 5523//1841
f 5524//1842 5525//1842 5526//1842
f 5527//1843 5528//1843 5529//1843
f 5530//1844 5531//1844 5532//1844
f 5533//1845 5534//1845 5535//1845
f 5536//1846 5537//1846 5538//1846
f 5539//1847 5540//1847 5541//1847
f 5542//1848 5543//1848 5544//1848
f 5545//1849 5546//1849 5547//1849
f 5548//1850 5549//1850 5550//1850
f 5551//1851 5552//1851 5553//1851
f 5554//1852 5555//1852 5556//1852
f 5557//1853 5558//1853 5559//1853
f 5560//1854 5561//1854 5562//1854
f 5563//1855 5564//1855 5565//1855
f 5566//1856 5567//1856 5568//1856
f 5569//1857 5570//1857 5571//1857
f 5572//1858 5573//1858 5574//1858
f 5575//1859 5576//1859 5577//1859
f 5578//1860 5579//1860 5580//1860
f 5581//1861 5582//1861 5583//1861
f 5584//1862 5585//1862 5586//1862
f 5587//1863 5588//1863 5589//1863
f 5590//1864 5591//1864 5592//1864
f 5593//1865 5594//1865 5595//1865
f 5596//1866 5597//1866 5598//1866
f 5599//1867 5600//1867 5601//1867
f 5602//1868 5603//1868 5604//1868
f 5605//1869 5606//1869 5607//1869
f 5608//1870 5609//1870 5610//1870
f 5611//1871 5612//1871 5613//1871
f 5614//1872 5615//1872 5616//1872
f 5617//1873 5618//1873 5619//1873
f 5620//1874 5621//1874 5622//1874
f 5623//1875 5624//1875 5625//1875
f 5626//1876 5627//1876 5628//1876
f 5629//1877 5630//1877 5631//1877
f 5632//1878 5633//1878 5634//1878
f 5635//1879 5636//1879 5637//1879
f 5638//1880 5639//1880 5640//1880
f 5641//1881 5642//1881 5643//1881
f 5644//1882 5645//1882 5646//1882
f 5647//1883 5648//1883 5649//1883
f 5650//1884 5651//1884 5652//1884
f 5653//1885 5654//1885 5655//1885
f 5656//1886 5657//1886 5658//1886
f 5659//1887 5660//1887 5661//1887
f 5662//1888 5663//1888 5664//1888
f 5665//1889 5666//1889 5667//1889
f 5668//1890 5669//1890 5670//1890
f 5671//1891 5672//1891 5673//1891
f 5674//1892 5675//1892 5676//1892
f 5677//1893 5678//1893 5679//1893
f 5680//1894 5681//1894 5682//1894
f 5683//1895 5684//1895 5685//1895
f 5686//1896 5687//1896 5688//1896
f 5689//1897 5690//1897 5691//1897
f 5692//1898 5693//1898 5694//1898
f 5695//1899 5696//1899 5697//1899
f 5698//1900 5699//1900 5700//1900
f 5701//1901 5702//1901 5703//1901
f 5704//1902 5705//1902 5706//1902
f 5707//1903 5708//1903 5709//1903
f 5710//1904 5711//1904 5712//1904
f 5713//1905 5714//1905 5715//1905
f 5716//1906 5717//1906 5718//1906
f 5719//1907 5720//1907 5721//1907
f 5722//1908 5723//1908 5724//1908
f 5725//1909 5726//1909 5727//1909
f 5728//1910 5729//1910 5730//1910
f 5731//1911 5732//1911 5733//1911
f 5734//1912 5735//1912 5736//1912
f 5737//1913 5738//1913 5739//1913
f 5740//1914 5741//1914 5742//1914
f 5743//1915 5744//1915 5745//1915
f 5746//1916 5747//1916 5748//1916
f 5749//1917 5750//1917 5751//1917
f 5752//1918 5753//1918 5754//1918
f 5755//1919 5756//1919 5757//1919
f 5758//1920 5759//1920 5760//1920
f 5761//1921 5762//1921 5763//1921
f 5764//1922 5765//1922 5766//1922
f 5767//1923 5768//1923 5769//1923
f 5770//1924 5771//1924 5772//1924
f 5773//1925 5774//1925 5775//1925
f 5776//1926 5777//1926 5778//1926
f 5779//1927 5780//1927 5781//1927
f 5782//1928 5783//1928 5784//1928
f 5785//1929 5786//1929 5787//1929
f 5788//1930 5789//1930 5790//1930
f 5791//1931 5792//1931 5793//1931
f 5794//1932 5795//1932 5796//1932
f 5797//1933 5798//1933 5799//1933
f 5800//1934 5801//1934 5802//1934
f 5803//1935 5804//1935 5805//1935
f 5806//1936 5807//1936 5808//1936
f 5809//1937 5810//1937 5811//1937
f 5812//1938 5813//1938 5814//1938
f 5815//1939 5816//1939 5817//1939
f 5818//1940 5819//1940 5820//1940
f 5821//1941 5822//1941 5823//1941
f 5824//1942 5825//1942 5826//1942
f 5827//1943 5828//1943 5829//1943
f 5830//1944 5831//1944 5832//1944
f 5833//1945 5834//1945 5835//1945
f 5836//1946 5837//1946 5838//1946
f 5839//1947 5840//1947 5841//1947
f 5842//1948 5843//1948 5844//1948
f 5845//1949 5846//1949 5847//1949
f 5848//1950 5849//1950 5850//1950
f 5851//1951 5852//1951 5853//1951
f 5854//1952 5855//1952 5856//1952
f 5857//1953 5858//1953 5859//1953
f 5860//1954 5861//1954 5862//1954
f 5863//1955 5864//1955 5865//1955
f 5866//1956 5867//1956 5868//1956
f 5869//1957 5870//1957 5871//1957
f 5872//1958 5873//1958 5874//1958
f 5875//1959 5876//1959 5877//1959
f 5878//1960 5879//1960 5880//1960
f 5881//1961 5882//1961 5883//1961
f 5884//1962 5885//1962 5886//1962
f 5887//1963 5888//1963 5889//1963
f 5890//1964 5891//1964 5892//1964
f 5893//1965 5894//1965 5895//1965
f 5896//1966 5897//1966 5898//1966
f 5899//1967 5900//1967 5901//1967
f 5902//1968 5903//1968 5904//1968
f 5905//1969 5906//1969 5907//1969
f 5908//1970 5909//1970 5910//1970
f 5911//1971 5912//1971 5913//1971
f 5914//1972 5915//1972 5916//1972
f 5917//1973 5918//1973 5919//1973
f 5920//1974 5921//1974 5922//1974
f 5923//1975 5924//1975 5925//1975
f 5926//1976 5927//1976 5928//1976
f 5929//1977 5930//1977 5931//1977
f 5932//1978 5933//1978 5934//1978
f 5935//1979 5936//1979 5937//1979
f 5938//1980 5939//1980 5940//1980
f 5941//1981 5942//1981 5943//1981
f 5944//1982 5945//1982 5946//1982
f 5947//1983 5948//1983 5949//1983
f 5950//1984 5951//1984 5952//1984
f 5953//1985 5954//1985 5955//1985
f 5956//1986 5957//1986 5958//1986
f 5959//1987 5960//1987 5961//1987
f 5962//1988 5963//1988 5964//1988
f 5965//1989 5966//1989 5967//1989
f 5968//1990 5969//1990 5970//1990
f 5971//1991 5972//1991 5973//1991
f 5974//1992 5975//1992 5976//1992
f 5977//1993 5978//1993 5979//1993
f 5980//1994 5981//1994 5982//1994
f 5983//1995 5984//1995 5985//1995
f 5986//1996 5987//1996 5988//1996
f 5989//1997 5990//1997 5991//1997
f 5992//1998 5993//1998 5994//1998
f 5995//1999 5996//1999 5997//1999
f 5998//2000 5999//2000 6000//2000
f 6001//2001 6002//2001 6003//2001
f 6004//2002 6005//2002 6006//2002
f 6007//2003 6008//2003 6009//2003
f 6010//2004 6011//2004 6012//2004
f 6013//2005 6014//2005 6015//2005
f 6016//2006 6017//2006 6018//2006
f 6019//2007 6020//2007 6021//2007
f 6022//2008 6023//2008 6024//2008
f 6025//2009 6026//2009 6027//2009
f 6028//2010 6029//2010 6030//2010
f 6031//2011 6032//2011 6033//2011
f 6034//2012 6035//2012 6036//2012
f 6037//2013 6038//2013 6039//2013
f 6040//2014 6041//2014 6042//2014
f 6043//2015 6044//2015 6045//2015
f 6046//2016 6047//2016 6048//2016
f 6049//2017 6050//2017 6051//2017
f 6052//2018 6053//2018 6054//2018
f 6055//2019 6056//2019 6057//2019
f 6058//2020 6059//2020 6060//2020
f 6061//2021 6062//2021 6063//2021
f 6064//2022 6065//2022 6066//2022
f 6067//2023 6068//2023 6069//2023
f 6070//2024 6071//2024 6072//2024
f 6073//2025 6074//2025 6075//2025
f 6076//2026 6077//2026 6078//2026
f 6079//2027 6080//2027 6081//2027
f 6082//2028 6083//2028 6084//2028
f 6085//2029 6086//2029 6087//2029
f 6088//2030 6089//2030 6090//2030
f 6091//2031 6092//2031 6093//2031
f 6094//2032 6095//2032 6096//2032
f 6097//2033 6098//2033 6099//2033
f 6100//2034 6101//2034 6102//2034
f 6103//2035 6104//2035 6105//2035
f 6106//2036 6107//2036 6108//2036
f 6109//2037 6110//2037 6111//2037
f 6112//2038 6113//2038 6114//2038
f 6115//2039 6116//2039 6117//2039
f 6118//2040 6119//2040 6120//2040
f 6121//2041 6122//2041 6123//2041
f 6124//2042 6125//2042 6126//2042
f 6127//2043 6128//2043 6129//2043
f 6130//2044 6131//2044 6132//2044
f 6133//2045 6134//2045 6135//2045
f 6136//2046 6137//2046 6138//2046
f 6139//2047 6140//2047 6141//2047
f 6142//2048 6143//2048 6144//2048
f 6145//2049 6146//2049 6147//2049
f 6148//2050 6149//2050 6150//2050
f 6151//2051 6152//2051 6153//2051
f 6154//2052 6155//2052 6156//2052
f 6157//2053 6158//2053 6159//2053
f 6160//2054 6161//2054 6162//2054
f 6163//2055 6164//2055 6165//2055
f 6166//2056 6167//2056 6168//2056
f 6169//2057 6170//2057 6171//2057
f 6172//2058 6173//2058 6174//2058
f 6175//2059 6176//2059 6177//2059
f 6178//2060 6179//2060 6180//2060
f 6181//2061 6182//2061 6183//2061
f 6184//2062 6185//2062 6186//2062
f 6187//2063 6188//2063 6189//2063
f 6190//2064 6191//2064 6192//2064
f 6193//2065 6194//2065 6195//2065
f 6196//2066 6197//2066 6198//2066
f 6199//2067 6200//2067 6201//2067
f 6202//2068 6203//2068 6204//2068
f 6205//2069 6206//2069 6207//2069
f 6208//2070 6209//2070 6210//2070
f 6211//2071 6212//2071 6213//2071
f 6214//2072 6215//2072 6216//2072
f 6217//2073 6218//2073 6219//2073
f 6220//2074 6221//2074 6222//2074
f 6223//2075 6224//2075 6225//2075
f 6226//2076 6227//2076 6228//2076
f 6229//2077 6230//2077 6231//2077
f 6232//2078 6233//2078 6234//2078
f 6235//2079 6236//2079 6237//2079
f 6238//2080 6239//2080 6240//2080
f 6241//2081 6242//2081 6243//2081
f 6244//2082 6245//2082 6246//2082
f 6247//2083 6248//2083 6249//2083
f 6250//2084 6251//2084 6252//2084
f 6253//2085 6254//2085 6255//2085
f 6256//2086 6257//2086 6258//2086
f 6259//2087 6260//2087 6261//2087
f 6262//2088 6263//2088 6264//2088
f 6265//2089 6266//2089 6267//2089
f 6268//2090 6269//2090 6270//2090
f 6271//2091 6272//2091 6273//2091
f 6274//2092 6275//2092 6276//2092
f 6277//2093 6278//2093 6279//2093
f 6280//2094 6281//2094 6282//2094
f 6283//2095 6284//2095 6285//2095
f 6286//2096 6287//2096 6288//2096
f 6289//2097 6290//2097 6291//2097
f 6292//2098 6293//2098 6294//2098
f 6295//2099 6296//2099 6297//2099
f 6298//2100 6299//2100 6300//2100
f 6301//2101 6302//2101 6303//2101
f 6304//2102 6305//2102 6306//2102
f 6307//2103 6308//2103 6309//2103
f 6310//2104 6311//2104 6312//2104
f 6313//2105 6314//2105 6315//2105
f 6316//2106 6317//2106 6318//2106
f 6319//2107 6320//2107 6321//2107
f 6322//2108 6323//2108 6324//2108
f 6325//2109 6326//2109 6327//2109
f 6328//2110 6329//2110 6330//2110
f 6331//2111 6332//2111 6333//2111
f 6334//2112 6335//2112 6336//2112
f 6337//2113 6338//2113 6339//2113
f 6340//2114 6341//2114 6342//2114
f 6343//2115 6344//2115 6345//2115
f 6346//2116 6347//2116 6348//2116
f 6349//2117 6350//2117 6351//2117
f 6352//2118 6353//2118 6354//2118
f 6355//2119 6356//2119 6357//2119
f 6358//2120 6359//2120 6360//2120
f 6361//2121 6362//2121 6363//2121
f 6364//2122 6365//2122 6366//2122
f 6367//2123 6368//2123 6369//2123
f 6370//2124 6371//2124 6372//2124
f 6373//2125 6374//2125 6375//2125
f 6376//2126 6377//2126 6378//2126
f 6379//2127 6380//2127 6381//2127
f 6382//2128 6383//2128 6384//2128
f 6385//2129 6386//2129 6387//2129
f 6388//2130 6389//2130 6390//2130
f 6391//2131 6392//2131 6393//2131
f 6394//2132 6395//2132 6396//2132
f 6397//2133 6398//2133 6399//2133
f 6400//2134 6401//2134 6402//2134
f 6403//2135 6404//2135 6405//2135
f 6406//2136 6407//2136 6408//2136
f 6409//2137 6410//2137 6411//2137
f 6412//2138 6413//2138 6414//2138
f 6415//2139 6416//2139 6417//2139
f 6418//2140 6419//2140 6420//2140
f 6421//2141 6422//2141 6423//2141
f 6424//2142 6425//2142 6426//2142
f 6427//2143 6428//2143 6429//2143
f 6430//2144 6431//2144 6432//2144
f 6433//2145 6434//2145 6435//2145
f 6436//2146 6437//2146 6438//2146
f 6439//2147 6440//2147 6441//2147
f 6442//2148 6443//2148 6444//2148
f 6445//2149 6446//2149 6447//2149
f 6448//2150 6449//2150 6450//2150
f 6451//2151 6452//2151 6453//2151
f 6454//2152 6455//2152 6456//2152
f 6457//2153 6458//2153 6459//2153
f 6460//2154 6461//2154 6462//2154
f 6463//2155 6464//2155 6465//2155
f 6466//2156 6467//2156 6468//2156
f 6469//2157 6470//2157 6471//2157
f 6472//2158 6473//2158 6474//2158
f 6475//2159 6476//2159 6477//2159
f 6478//2160 6479//2160 6480//2160
f 6481//2161 6482//2161 6483//2161
f 6484//2162 6485//2162 6486//2162
f 6487//2163 6488//2163 6489//2163
f 6490//2164 6491//2164 6492//2164
f 6493//2165 6494//2165 6495//2165
f 6496//2166 6497//2166 6498//2166
f 6499//2167 6500//2167 6501//2167
f 6502//2168 6503//2168 6504//2168
f 6505//2169 6506//2169 6507//2169
f 6508//2170 6509//2170 6510//2170
f 6511//2171 6512//2171 6513//2171
f 6514//2172 6515//2172 6516//2172
f 6517//2173 6518//2173 6519//2173
f 6520//2174 6521//2174 6522//2174
f 6523//2175 6524//2175 6525//2175
f 6526//2176 6527//2176 6528//2176
f 6529//2177 6530//2177 6531//2177
f 6532//2178 6533//2178 6534//2178
f 6535//2179 6536//2179 6537//2179
f 6538//2180 6539//2180 6540//2180
f 6541//2181 6542//2181 6543//2181
f 6544//2182 6545//2182 6546//2182
f 6547//2183 6548//2183 6549//2183
f 6550//2184 6551//2184 6552//2184
f 6553//2185 6554//2185 6555//2185
f 6556//2186 6557//2186 6558//2186
f 6559//2187 6560//2187 6561//2187
f 6562//2188 6563//2188 6564//2188
f 6565//2189 6566//2189 6567//2189
f 6568//2190 6569//2190 6570//2190
f 6571//2191 6572//2191 6573//2191
f 6574//2192 6575//2192 6576//2192
f 6577//2193 6578//2193 6579//2193
f 6580//2194 6581//2194 6582//2194
f 6583//2195 6584//2195 6585//2195
f 6586//2196 6587//2196 6588//2196
f 6589//2197 6590//2197 6591//2197
f 6592//2198 6593//2198 6594//2198
f 6595//2199 6596//2199 6597//2199
f 6598//2200 6599//2200 6600//2200
f 6601//2201 6602//2201 6603//2201
f 6604//2202 6605//2202 6606//2202
f 6607//2203 6608//2203 6609//2203
f 6610//2204 6611//2204 6612//2204
f 6613//2205 6614//2205 6615//2205
f 6616//2206 6617//2206 6618//2206
f 6619//2207 6620//2207 6621//2207
f 6622//2208 6623//2208 6624//2208
f 6625//2209 6626//2209 6627//2209
f 6628//2210 6629//2210 6630//2210
f 6631//2211 6632//2211 6633//2211
f 6634//2212 6635//2212 6636//2212
f 6637//2213 6638//2213 6639//2213
f 6640//2214 6641//2214 6642//2214
f 6643//2215 6644//2215 6645//2215
f 6646//2216 6647//2216 6648//2216
f 6649//2217 6650//2217 6651//2217
f 6652//2218 6653//2218 6654//2218
f 6655//2219 6656//2219 6657//2219
f 6658//2220 6659//2220 6660//2220
f 6661//2221 6662//2221 6663//2221
f 6664//2222 6665//2222 6666//2222
f 6667//2223 6668//2223 6669//2223
f 6670//2224 6671//2224 6672//2224
f 6673//2225 6674//2225 6675//2225
f 6676//2226 6677//2226 6678//2226
f 6679//2227 6680//2227 6681//2227
f 6682//2228 6683//2228 6684//2228
f 6685//2229 6686//2229 6687//2229
f 6688//2230 6689//2230 6690//2230
f 6691//2231 6692//2231 6693//2231
f 6694//2232 6695//2232 6696//2232
f 6697//2233 6698//2233 6699//2233
f 6700//2234 6701//2234 6702//2234
f 6703//2235 6704//2235 6705//2235
f 6706//2236 6707//2236 6708//2236
f 6709//2237 6710//2237 6711//2237
f 6712//2238 6713//2238 6714//2238
f 6715//2239 6716//2239 6717//2239
f 6718//2240 6719//2240 6720//2240
f 6721//2241 6722//2241 6723//2241
f 6724//2242 6725//2242 6726//2242
f 6727//2243 6728//2243 6729//2243
f 6730//2244 6731//2244 6732//2244
f 6733//2245 6734//2245 6735//2245
f 6736//2246 6737//2246 6738//2246
f 6739//2247 6740//2247 6741//2247
f 6742//2248 6743//2248 6744//2248
f 6745//2249 6746//2249 6747//2249
f 6748//2250 6749//2250 6750//2250
f 6751//2251 6752//2251 6753//2251
f 6754//2252 6755//2252 6756//2252
f 6757//2253 6758//2253 6759//2253
f 6760//2254 6761//2254 6762//2254
f 6763//2255 6764//2255 6765//2255
f 6766//2256 6767//2256 6768//2256
f 6769//2257 6770//2257 6771//2257
f 6772//2258 6773//2258 6774//2258
f 6775//2259 6776//2259 6777//2259
f 6778//2260 6779//2260 6780//2260
f 6781//2261 6782//2261 6783//2261
f 6784//2262 6785//2262 6786//2262
f 6787//2263 6788//2263 6789//2263
f 6790//2264 6791//2264 6792//2264
f 6793//2265 6794//2265 6795//2265
f 6796//2266 6797//2266 6798//2266
f 6799//2267 6800//2267 6801//2267
f 6802//2268 6803//2268 6804//2268
f 6805//2269 6806//2269 6807//2269
f 6808//2270 6809//2270 6810//2270
f 6811//2271 6812//2271 6813//2271
f 6814//2272 6815//2272 6816//2272
f 6817//2273 6818//2273 6819//2273
f 6820//2274 6821//2274 6822//2274
f 6823//2275 6824//2275 6825//2275
f 6826//2276 6827//2276 6828//2276
f 6829//2277 6830//2277 6831//2277
f 6832//2278 6833//2278 6834//2278
f 6835//2279 6836//2279 6837//2279
f 6838//2280 6839//2280 6840//2280
f 6841//2281 6842//2281 6843//2281
f 6844//2282 6845//2282 6846//2282
f 6847//2283 6848//2283 6849//2283
f 6850//2284 6851//2284 6852//2284
f 6853//2285 6854//2285 6855//2285
f 6856//2286 6857//2286 6858//2286
f 6859//2287 6860//2287 6861//2287
f 6862//2288 6863//2288 6864//2288
f 6865//2289 6866//2289 6867//2289
f 6868//2290 6869//2290 6870//2290
f 6871//2291 6872//2291 6873//2291
f 6874//2292 6875//2292 6876//2292
f 6877//2293 6878//2293 6879//2293
f 6880//2294 6881//2294 6882//2294
f 6883//2295 6884//2295 6885//2295
f 6886//2296 6887//2296 6888//2296
f 6889//2297 6890//2297 6891//2297
f 6892//2298 6893//2298 6894//2298
f 6895//2299 6896//2299 6897//2299
f 6898//2300 6899//2300 6900//2300
f 6901//2301 6902//2301 6903//2301
f 6904//2302 6905//2302 6906//2302
f 6907//2303 6908//2303 6909//2303
f 6910//2304 6911//2304 6912//2304
f 6913//2305 6914//2305 6915//2305
f 6916//2306 6917//2306 6918//2306
f 6919//2307 6920//2307 6921//2307
f 6922//2308 6923//2308 6924//2308
f 6925//2309 6926//2309 6927//2309
f 6928//2310 6929//2310 6930//2310
f 6931//2311 6932//2311 6933//2311
f 6934//2312 6935//2312 6936//2312
f 6937//2313 6938//2313 6939//2313
f 6940//2314 6941//2314 6942//2314
f 6943//2315 6944//2315 6945//2315
f 6946//2316 6947//2316 6948//2316
f 6949//2317 6950//2317 6951//2317
f 6952//2318 6953//2318 6954//2318
f 6955//2319 6956//2319 6957//2319
f 6958//2320 6959//2320 6960//2320
f 6961//2321 6962//2321 6963//2321
f 6964//2322 6965//2322 6966//2322
f 6967//2323 6968//2323 6969//2323
f 6970//2324 6971//2324 6972//2324
f 6973//2325 6974//2325 6975//2325
f 6976//2326 6977//2326 6978//2326
f 6979//2327 6980//2327 6981//2327
f 6982//2328 6983//2328 6984//2328
f 6985//2329 6986//2329 6987//2329
f 6988//2330 6989//2330 6990//2330
f 6991//2331 6992//2331 6993//2331
f 6994//2332 6995//2332 6996//2332
f 6997//2333 6998//2333 6999//2333
f 7000//2334 7001//2334 7002//2334
f 7003//2335 7004//2335 7005//2335
f 7006//2336 7007//2336 7008//2336
f 7009//2337 7010//2337 7011//2337
f 7012//2338 7013//2338 7014//2338
f 7015//2339 7016//2339 7017//2339
f 7018//2340 7019//2340 7020//2340
f 7021//2341 7022//2341 7023//2341
f 7024//2342 7025//2342 7026//2342
f 7027//2343 7028//2343 7029//2343
f 7030//2344 7031//2344 7032//2344
f 7033//2345 7034//2345 7035//2345
f 7036//2346 7037//2346 7038//2346
f 7039//2347 7040//2347 7041//2347
f 7042//2348 7043//2348 7044//2348
f 7045//2349 7046//2349 7047//2349
f 7048//2350 7049//2350 7050//2350
f 7051//2351 7052//2351 7053//2351
f 7054//2352 7055//2352 7056//2352
f 7057//2353 7058//2353 7059//2353
f 7060//2354 7061//2354 7062//2354
f 7063//2355 7064//2355 7065//2355
f 7066//2356 7067//2356 7068//2356
f 7069//2357 7070//2357 7071//2357
f 7072//2358 7073//2358 7074//2358
f 7075//2359 7076//2359 7077//2359
f 7078//2360 7079//2360 7080//2360
f 7081//2361 7082//2361 7083//2361
f 7084//2362 7085//2362 7086//2362
f 7087//2363 7088//2363 7089//2363
f 7090//2364 7091//2364 7092//2364
f 7093//2365 7094//2365 7095//2365
f 7096//2366 7097//2366 7098//2366
f 7099//2367 7100//2367 7101//2367
f 7102//2368 7103//2368 7104//2368
f 7105//2369 7106//2369 7107//2369
f 7108//2370 7109//2370 7110//2370
f 7111//2371 7112//2371 7113//2371
f 7114//2372 7115//2372 7116//2372
f 7117//2373 7118//2373 7119//2373
f 7120//2374 7121//2374 7122//2374
f 7123//2375 7124//2375 7125//2375
f 7126//2376 7127//2376 7128//2376
f 7129//2377 7130//2377 7131//2377
f 7132//2378 7133//2378 7134//2378
f 7135//2379 7136//2379 7137//2379
f 7138//2380 7139//2380 7140//2380
f 7141//2381 7142//2381 7143//2381
f 7144//2382 7145//2382 7146//2382
f 7147//2383 7148//2383 7149//2383
f 7150//2384 7151//2384 7152//2384
f 7153//2385 7154//2385 7155//2385
f 7156//2386 7157//2386 7158//2386
f 7159//2387 7160//2387 7161//2387
f 7162//2388 7163//2388 7164//2388
f 7165//2389 7166//2389 7167//2389
f 7168//2390 7169//2390 7170//2390
f 7171//2391 7172//2391 7173//2391
f 7174//2392 7175//2392 7176//2392
f 7177//2393 7178//2393 7179//2393
f 7180//2394 7181//2394 7182//2394
f 7183//2395 7184//2395 7185//2395
f 7186//2396 7187//2396 7188//2396
f 7189//2397 7190//2397 7191//2397
f 7192//2398 7193//2398 7194//2398
f 7195//2399 7196//2399 7197//2399
f 7198//2400 7199//2400 7200//2400
f 7201//2401 7202//2401 7203//2401
f 7204//2402 7205//2402 7206//2402
f 7207//2403 7208//2403 7209//2403
f 7210//2404 7211//2404 7212//2404
f 7213//2405 7214//2405 7215//2405
f 7216//2406 7217//2406 7218//2406
f 7219//2407 7220//2407 7221//2407
f 7222//2408 7223//2408 7224//2408
f 7225//2409 7226//2409 7227//2409
f 7228//2410 7229//2410 7230//2410
f 7231//2411 7232//2411 7233//2411
f 7234//2412 7235//2412 7236//2412
f 7237//2413 7238//2413 7239//2413
f 7240//2414 7241//2414 7242//2414
f 7243//2415 7244//2415 7245//2415
f 7246//2416 7247//2416 7248//2416
f 7249//2417 7250//2417 7251//2417
f 7252//2418 7253//2418 7254//2418
f 7255//2419 7256//2419 7257//2419
f 7258//2420 7259//2420 7260//2420
f 7261//2421 7262//2421 7263//2421
f 7264//2422 7265//2422 7266//2422
f 7267//2423 7268//2423 7269//2423
f 7270//2424 7271//2424 7272//2424
f 7273//2425 7274//2425 7275//2425
f 7276//2426 7277//2426 7278//2426
f 7279//2427 7280//2427 7281//2427
f 7282//2428 7283//2428 7284//2428
f 7285//2429 7286//2429 7287//2429
f 7288//2430 7289//2430 7290//2430
f 7291//2431 7292//2431 7293//2431
f 7294//2432 7295//2432 7296//2432
f 7297//2433 7298//2433 7299//2433
f 7300//2434 7301//2434 7302//2434
f 7303//2435 7304//2435 7305//2435
f 7306//2436 7307//2436 7308//2436
f 7309//2437 7310//2437 7311//2437
f 7312//2438 7313//2438 7314//2438
f 7315//2439 7316//2439 7317//2439
f 7318//2440 7319//2440 7320//2440
f 7321//2441 7322//2441 7323//2441
f 7324//2442 7325//2442 7326//2442
f 7327//2443 7328//2443 7329//2443
f 7330//2444 7331//2444 7332//2444
f 7333//2445 7334//2445 7335//2445
f 7336//2446 7337//2446 7338//2446
f 7339//2447 7340//2447 7341//2447
f 7342//2448 7343//2448 7344//2448
f 7345//2449 7346//2449 7347//2449
f 7348//2450 7349//2450 7350//2450
f 7351//2451 7352//2451 7353//2451
f 7354//2452 7355//2452 7356//2452
f 7357//2453 7358//2453 7359//2453
f 7360//2454 7361//2454 7362//2454
f 7363//2455 7364//2455 7365//2455
f 7366//2456 7367//2456 7368//2456
f 7369//2457 7370//2457 7371//2457
f 7372//2458 7373//2458 7374//2458
f 7375//2459 7376//2459 7377//2459
f 7378//2460 7379//2460 7380//2460
f 7381//2461 7382//2461 7383//2461
f 7384//2462 7385//2462 7386//2462
f 7387//2463 7388//2463 7389//2463
f 7390//2464 7391//2464 7392//2464
f 7393//2465 7394//2465 7395//2465
f 7396//2466 7397//2466 7398//2466
f 7399//2467 7400//2467 7401//2467
f 7402//2468 7403//2468 7404//2468
f 7405//2469 7406//2469 7407//2469
f 7408//2470 7409//2470 7410//2470
f 7411//2471 7412//2471 7413//2471
f 7414//2472 7415//2472 7416//2472
f 7417//2473 7418//2473 7419//2473
f 7420//2474 7421//2474 7422//2474
f 7423//2475 7424//2475 7425//2475
f 7426//2476 7427//2476 7428//2476
f 7429//2477 7430//2477 7431//2477
f 7432//2478 7433//2478 7434//2478
f 7435//2479 7436//2479 7437//2479
f 7438//2480 7439//2480 7440//2480
f 7441//2481 7442//2481 7443//2481
f 7444//2482 7445//2482 7446//2482
f 7447//2483 7448//2483 7449//2483
f 7450//2484 7451//2484 7452//2484
f 7453//2485 7454//2485 7455//2485
f 7456//2486 7457//2486 7458//2486
f 7459//2487 7460//2487 7461//2487
f 7462//2488 7463//2488 7464//2488
f 7465//2489 7466//2489 7467//2489
f 7468//2490 7469//2490 7470//2490
f 7471//2491 7472//2491 7473//2491
f 7474//2492 7475//2492 7476//2492
f 7477//2493 7478//2493 7479//2493
f 7480//2494 7481//2494 7482//2494
f 7483//2495 7484//2495 7485//2495
f 7486//2496 7487//2496 7488//2496
f 7489//2497 7490//2497 7491//2497
f 7492//2498 7493//2498 7494//2498
f 7495//2499 7496//2499 7497//2499
f 7498//2500 7499//2500 7500//2500
f 7501//2501 7502//2501 7503//2501
f 7504//2502 7505//2502 7506//2502
f 7507//2503 7508//2503 7509//2503
f 7510//2504 7511//2504 7512//2504
f 7513//2505 7514//2505 7515//2505
f 7516//2506 7517//2506 7518//2506
f 7519//2507 7520//2507 7521//2507
f 7522//2508 7523//2508 7524//2508
f 7525//2509 7526//2509 7527//2509
f 7528//2510 7529//2510 7530//2510
f 7531//2511 7532//2511 7533//2511
f 7534//2512 7535//2512 7536//2512
f 7537//2513 7538//2513 7539//2513
f 7540//2514 7541//2514 7542//2514
f 7543//2515 7544//2515 7545//2515
f 7546//2516 7547//2516 7548//2516
f 7549//2517 7550//2517 7551//2517
f 7552//2518 7553//2518 7554//2518
f 7555//2519 7556//2519 7557//2519
f 7558//2520 7559//2520 7560//2520
f 7561//2521 7562//2521 7563//2521
f 7564//2522 7565//2522 7566//2522
f 7567//2523 7568//2523 7569//2523
f 7570//2524 7571//2524 7572//2524
f 7573//2525 7574//2525 7575//2525
f 7576//2526 7577//2526 7578//2526
f 7579//2527 7580//2527 7581//2527
f 7582//2528 7583//2528 7584//2528
f 7585//2529 7586//2529 7587//2529
f 7588//2530 7589//2530 7590//2530
f 7591//2531 7592//2531 7593//2531
f 7594//2532 7595//2532 7596//2532
f 7597//2533 7598//2533 7599//2533
f 7600//2534 7601//2534 7602//2534
f 7603//2535 7604//2535 7605//2535
f 7606//2536 7607//2536 7608//2536
f 7609//2537 7610//2537 7611//2537
f 7612//2538 7613//2538 7614//2538
f 7615//2539 7616//2539 7617//2539
f 7618//2540 7619//2540 7620//2540
f 7621//2541 7622//2541 7623//2541
f 7624//2542 7625//2542 7626//2542
f 7627//2543 7628//2543 7629//2543
f 7630//2544 7631//2544 7632//2544
f 7633//2545 7634//2545 7635//2545
f 7636//2546 7637//2546 7638//2546
f 7639//2547 7640//2547 7641//2547
f 7642//2548 7643//2548 7644//2548
f 7645//2549 7646//2549 7647//2549
f 7648//2550 7649//2550 7650//2550
f 7651//2551 7652//2551 7653//2551
f 7654//2552 7655//2552 7656//2552
f 7657//2553 7658//2553 7659//2553
f 7660//2554 7661//2554 7662//2554
f 7663//2555 7664//2555 7665//2555
f 7666//2556 7667//2556 7668//2556
f 7669//2557 7670//2557 7671//2557
f 7672//2558 7673//2558 7674//2558
f 7675//2559 7676//2559 7677//2559
f 7678//2560 7679//2560 7680//2560
f 7681//2561 7682//2561 7683//2561
f 7684//2562 7685//2562 7686//2562
f 7687//2563 7688//2563 7689//2563
f 7690//2564 7691//2564 7692//2564
f 7693//2565 7694//2565 7695//2565
f 7696//2566 7697//2566 7698//2566
f 7699//2567 7700//2567 7701//2567
f 7702//2568 7703//2568 7704//2568
f 7705//2569 7706//2569 7707//2569
f 7708//2570 7709//2570 7710//2570
f 7711//2571 7712//2571 7713//2571
f 7714//2572 7715//2572 7716//2572
f 7717//2573 7718//2573 7719//2573
f 7720//2574 7721//2574 7722//2574
f 7723//2575 7724//2575 7725//2575
f 7726//2576 7727//2576 7728//2576
f 7729//2577 7730//2577 7731//2577
f 7732//2578 7733//2578 7734//2578
f 7735//2579 7736//2579 7737//2579
f 7738//2580 7739//2580 7740//2580
f 7741//2581 7742//2581 7743//2581
f 7744//2582 7745//2582 7746//2582
f 7747//2583 7748//2583 7749//2583
f 7750//2584 7751//2584 7752//2584
f 7753//2585 7754//2585 7755//2585
f 7756//2586 7757//2586 7758//2586
f 7759//2587 7760//2587 7761//2587
f 7762//2588 7763//2588 7764//2588
f 7765//2589 7766//2589 7767//2589
f 7768//2590 7769//2590 7770//2590
f 7771//2591 7772//2591 7773//2591
f 7774//2592 7775//2592 7776//2592
f 7777//2593 7778//2593 7779//2593
f 7780//2594 7781//2594 7782//2594
f 7783//2595 7784//2595 7785//2595
f 7786//2596 7787//2596 7788//2596
f 7789//2597 7790//2597 7791//2597
f 7792//2598 7793//2598 7794//2598
f 7795//2599 7796//2599 7797//2599
f 7798//2600 7799//2600 7800//2600
f 7801//2601 7802//2601 7803//2601
f 7804//2602 7805//2602 7806//2602
f 7807//2603 7808//2603 7809//2603
f 7810//2604 7811//2604 7812//2604
f 7813//2605 7814//2605 7815//2605
f 7816//2606 7817//2606 7818//2606
f 7819//2607 7820//2607 7821//2607
f 7822//2608 7823//2608 7824//2608
f 7825//2609 7826//2609 7827//2609
f 7828//2610 7829//2610 7830//2610
f 7831//2611 7832//2611 7833//2611
f 7834//2612 7835//2612 7836//2612
f 7837//2613 7838//2613 7839//2613
f 7840//2614 7841//2614 7842//2614
f 7843//2615 7844//2615 7845//2615
f 7846//2616 7847//2616 7848//2616
f 7849//2617 7850//2617 7851//2617
f 7852//2618 7853//2618 7854//2618
f 7855//2619 7856//2619 7857//2619
f 7858//2620 7859//2620 7860//2620
f 7861//2621 7862//2621 7863//2621
f 7864//2622 7865//2622 7866//2622
f 7867//2623 7868//2623 7869//2623
f 7870//2624 7871//2624 7872//2624
f 7873//2625 7874//2625 7875//2625
f 7876//2626 7877//2626 7878//2626
f 7879//2627 7880//2627 7881//2627
f 7882//2628 7883//2628 7884//2628
f 7885//2629 7886//2629 7887//2629
f 7888//2630 7889//2630 7890//2630
f 7891//2631 7892//2631 7893//2631
f 7894//2632 7895//2632 7896//2632
f 7897//2633 7898//2633 7899//2633
f 7900//2634 7901//2634 7902//2634
f 7903//2635 7904//2635 7905//2635
f 7906//2636 7907//2636 7908//2636
f 7909//2637 7910//2637 7911//2637
f 7912//2638 7913//2638 7914//2638
f 7915//2639 7916//2639 7917//2639
f 7918//2640 7919//2640 7920//2640
f 7921//2641 7922//2641 7923//2641
f 7924//2642 7925//2642 7926//2642
f 7927//2643 7928//2643 7929//2643
f 7930//2644 7931//2644 7932//2644
f 7933//2645 7934//2645 7935//2645
f 7936//2646 7937//2646 7938//2646
f 7939//2647 7940//2647 7941//2647
f 7942//2648 7943//2648 7944//2648
f 7945//2649 7946//2649 7947//2649
f 7948//2650 7949//2650 7950//2650
f 7951//2651 7952//2651 7953//2651
f 7954//2652 7955//2652 7956//2652
f 7957//2653 7958//2653 7959//2653
f 7960//2654 7961//2654 7962//2654
f 7963//2655 7964//2655 7965//2655
f 7966//2656 7967//2656 7968//2656
f 7969//2657 7970//2657 7971//2657
f 7972//2658 7973//2658 7974//2658
f 7975//2659 7976//2659 7977//2659
f 7978//2660 7979//2660 7980//2660
f 7981//2661 7982//2661 7983//2661
f 7984//2662 7985//2662 7986//2662
f 7987//2663 7988//2663 7989//2663
f 7990//2664 7991//2664 7992//2664
f 7993//2665 7994//2665 7995//2665
f 7996//2666 7997//2666 7998//2666
f 7999//2667 8000//2667 8001//2667
f 8002//2668 8003//2668 8004//2668
f 8005//2669 8006//2669 8007//2669
f 8008//2670 8009//2670 8010//2670
f 8011//2671 8012//2671 8013//2671
f 8014//2672 8015//2672 8016//2672
f 8017//2673 8018//2673 8019//2673
f 8020//2674 8021//2674 8022//2674
f 8023//2675 8024//2675 8025//2675
f 8026//2676 8027//2676 8028//2676
f 8029//2677 8030//2677 8031//2677
f 8032//2678 8033//2678 8034//2678
f 8035//2679 8036//2679 8037//2679
f 8038//2680 8039//2680 8040//2680
f 8041//2681 8042//2681 8043//2681
f 8044//2682 8045//2682 8046//2682
f 8047//2683 8048//2683 8049//2683
f 8050//2684 8051//2684 8052//2684
f 8053//2685 8054//2685 8055//2685
f 8056//2686 8057//2686 8058//2686
f 8059//2687 8060//2687 8061//2687
f 8062//2688 8063//2688 8064//2688
f 8065//2689 8066//2689 8067//2689
f 8068//2690 8069//2690 8070//2690
f 8071//2691 8072//2691 8073//2691
f 8074//2692 8075//2692 8076//2692
f 8077//2693 8078//2693 8079//2693
f 8080//2694 8081//2694 8082//2694
f 8083//2695 8084//2695 8085//2695
f 8086//2696 8087//2696 8088//2696
f 8089//2697 8090//2697 8091//2697
f 8092//2698 8093//2698 8094//2698
f 8095//2699 8096//2699 8097//2699
f 8098//2700 8099//2700 8100//2700
f 8101//2701 8102//2701 8103//2701
f 8104//2702 8105//2702 8106//2702
f 8107//2703 8108//2703 8109//2703
f 8110//2704 8111//2704 8112//2704
f 8113//2705 8114//2705 8115//2705
f 8116//2706 8117//2706 8118//2706
f 8119//2707 8120//2707 8121//2707
f 8122//2708 8123//2708 8124//2708
f 8125//2709 8126//2709 8127//2709
f 8128//2710 8129//2710 8130//2710
f 8131//2711 8132//2711 8133//2711
f 8134//2712 8135//2712 8136//2712
f 8137//2713 8138//2713 8139//2713
f 8140//2714 8141//2714 8142//2714
f 8143//2715 8144//2715 8145//2715
f 8146//2716 8147//2716 8148//2716
f 8149//2717 8150//2717 8151//2717
f 8152//2718 8153//2718 8154//2718
f 8155//2719 8156//2719 8157//2719
f 8158//2720 8159//2720 8160//2720
f 8161//2721 8162//2721 8163//2721
f 8164//2722 8165//2722 8166//2722
f 8167//2723 8168//2723 8169//2723
f 8170//2724 8171//2724 8172//2724
f 8173//2725 8174//2725 8175//2725
f 8176//2726 8177//2726 8178//2726
f 8179//2727 8180//2727 8181//2727
f 8182//2728 8183//2728 8184//2728
f 8185//2729 8186//2729 8187//2729
f 8188//2730 8189//2730 8190//2730
f 8191//2731 8192//2731 8193//2731
f 8194//2732 8195//2732 8196//2732
f 8197//2733 8198//2733 8199//2733
f 8200//2734 8201//2734 8202//2734
f 8203//2735 8204//2735 8205//2735
f 8206//2736 8207//2736 8208//2736
f 8209//2737 8210//2737 8211//2737
f 8212//2738 8213//2738 8214//2738
f 8215//2739 8216//2739 8217//2739
f 8218//2740 8219//2740 8220//2740
f 8221//2741 8222//2741 8223//2741
f 8224//2742 8225//2742 8226//2742
f 8227//2743 8228//2743 8229//2743
f 8230//2744 8231//2744 8232//2744
f 8233//2745 8234//2745 8235//2745
f 8236//2746 8237//2746 8238//2746
f 8239//2747 8240//2747 8241//2747
f 8242//2748 8243//2748 8244//2748
f 8245//2749 8246//2749 8247//2749
f 8248//2750 8249//2750 8250//2750
f 8251//2751 8252//2751 8253//2751
f 8254//2752 8255//2752 8256//2752
f 8257//2753 8258//2753 8259//2753
f 8260//2754 8261//2754 8262//2754
f 8263//2755 8264//2755 8265//2755
f 8266//2756 8267//2756 8268//2756
f 8269//2757 8270//2757 8271//2757
f 8272//2758 8273//2758 8274//2758
f 8275//2759 8276//2759 8277//2759
f 8278//2760 8279//2760 8280//2760
f 8281//2761 8282//2761 8283//2761
f 8284//2762 8285//2762 8286//2762
f 8287//2763 8288//2763 8289//2763
f 8290//2764 8291//2764 8292//2764
f 8293//2765 8294//2765 8295//2765
f 8296//2766 8297//2766 8298//2766
f 8299//2767 8300//2767 8301//2767
f 8302//2768 8303//2768 8304//2768
f 8305//2769 8306//2769 8307//2769
f 8308//2770 8309//2770 8310//2770
f 8311//2771 8312//2771 8313//2771
f 8314//2772 8315//2772 8316//2772
f 8317//2773 8318//2773 8319//2773
f 8320//2774 8321//2774 8322//2774
f 8323//2775 8324//2775 8325//2775
f 8326//2776 8327//2776 8328//2776
f 8329//2777 8330//2777 8331//2777
f 8332//2778 8333//2778 8334//2778
f 8335//2779 8336//2779 8337//2779
f 8338//2780 8339//2780 8340//2780
f 8341//2781 8342//2781 8343//2781
f 8344//2782 8345//2782 8346//2782
f 8347//2783 8348//2783 8349//2783
f 8350//2784 8351//2784 8352//2784
f 8353//2785 8354//2785 8355//2785
f 8356//2786 8357//2786 8358//2786
f 8359//2787 8360//2787 8361//2787
f 8362//2788 8363//2788 8364//2788
f 8365//2789 8366//2789 8367//2789
f 8368//2790 8369//2790 8370//2790
f 8371//2791 8372//2791 8373//2791
f 8374//2792 8375//2792 8376//2792
f 8377//2793 8378//2793 8379//2793
f 8380//2794 8381//2794 8382//2794
f 8383//2795 8384//2795 8385//2795
f 8386//2796 8387//2796 8388//2796
f 8389//2797 8390//2797 8391//2797
f 8392//2798 8393//2798 8394//2798
f 8395//2799 8396//2799 8397//2799
f 8398//2800 8399//2800 8400//2800
f 8401//2801 8402//2801 8403//2801
f 8404//2802 8405//2802 8406//2802
f 8407//2803 8408//2803 8409//2803
f 8410//2804 8411//2804 8412//2804
f 8413//2805 8414//2805 8415//2805
f 8416//2806 8417//2806 8418//2806
f 8419//2807 8420//2807 8421//2807
f 8422//2808 8423//2808 8424//2808
f 8425//2809 8426//2809 8427//2809
f 8428//2810 8429//2810 8430//2810
f 8431//2811 8432//2811 8433//2811
f 8434//2812 8435//2812 8436//2812
f 8437//2813 8438//2813 8439//2813
f 8440//2814 8441//2814 8442//2814
f 8443//2815 8444//2815 8445//2815
f 8446//2816 8447//2816 8448//2816
f 8449//2817 8450//2817 8451//2817
f 8452//2818 8453//2818 8454//2818
f 8455//2819 8456//2819 8457//2819
f 8458//2820 8459//2820 8460//2820
f 8461//2821 8462//2821 8463//2821
f 8464//2822 8465//2822 8466//2822
f 8467//2823 8468//2823 8469//2823
f 8470//2824 8471//2824 8472//2824
f 8473//2825 8474//2825 8475//2825
f 8476//2826 8477//2826 8478//2826
f 8479//2827 8480//2827 8481//2827
f 8482//2828 8483//2828 8484//2828
f 8485//2829 8486//2829 8487//2829
f 8488//2830 8489//2830 8490//2830
f 8491//2831 8492//2831 8493//2831
f 8494//2832 8495//2832 8496//2832
f 8497//2833 8498//2833 8499//2833
f 8500//2834 8501//2834 8502//2834
f 8503//2835 8504//2835 8505//2835
f 8506//2836 8507//2836 8508//2836
f 8509//2837 8510//2837 8511//2837
f 8512//2838 8513//2838 8514//2838
f 8515//2839 8516//2839 8517//2839
f 8518//2840 8519//2840 8520//2840
f 8521//2841 8522//2841 8523//2841
f 8524//2842 8525//2842 8526//2842
f 8527//2843 8528//2843 8529//2843
f 8530//2844 8531//2844 8532//2844
f 8533//2845 8534//2845 8535//2845
f 8536//2846 8537//2846 8538//2846
f 8539//2847 8540//2847 8541//2847
f 8542//2848 8543//2848 8544//2848
f 8545//2849 8546//2849 8547//2849
f 8548//2850 8549//2850 8550//2850
f 8551//2851 8552//2851 8553//2851
f 8554//2852 8555//2852 8556//2852
f 8557//2853 8558//2853 8559//2853
f 8560//2854 8561//2854 8562//2854
f 8563//2855 8564//2855 8565//2855
f 8566//2856 8567//2856 8568//2856
f 8569//2857 8570//2857 8571//2857
f 8572//2858 8573//2858 8574//2858
f 8575//2859 8576//2859 8577//2859
f 8578//2860 8579//2860 8580//2860
f 8581//2861 8582//2861 8583//2861
f 8584//2862 8585//2862 8586//2862
f 8587//2863 8588//2863 8589//2863
f 8590//2864 8591//2864 8592//2864
f 8593//2865 8594//2865 8595//2865
f 8596//2866 8597//2866 8598//2866
f 8599//2867 8600//2867 8601//2867
f 8602//2868 8603//2868 8604//2868
f 8605//2869 8606//2869 8607//2869
f 8608//2870 8609//2870 8610//2870
f 8611//2871 8612//2871 8613//2871
f 8614//2872 8615//2872 8616//2872
f 8617//2873 8618//2873 8619//2873
f 8620//2874 8621//2874 8622//2874
f 8623//2875 8624//2875 8625//2875
f 8626//2876 8627//2876 8628//2876
f 8629//2877 8630//2877 8631//2877
f 8632//2878 8633//2878 8634//2878
f 8635//2879 8636//2879 8637//2879
f 8638//2880 8639//2880 8640//2880
f 8641//2881 8642//2881 8643//2881
f 8644//2882 8645//2882 8646//2882
f 8647//2883 8648//2883 8649//2883
f 8650//2884 8651//2884 8652//2884
f 8653//2885 8654//2885 8655//2885
f 8656//2886 8657//2886 8658//2886
f 8659//2887 8660//2887 8661//2887
f 8662//2888 8663//2888 8664//2888
f 8665//2889 8666//2889 8667//2889
f 8668//2890 8669//2890 8670//2890
f 8671//2891 8672//2891 8673//2891
f 8674//2892 8675//2892 8676//2892
f 8677//2893 8678//2893 8679//2893
f 8680//2894 8681//2894 8682//2894
f 8683//2895 8684//2895 8685//2895
f 8686//2896 8687//2896 8688//2896
f 8689//2897 8690//2897 8691//2897
f 8692//2898 8693//2898 8694//2898
f 8695//2899 8696//2899 8697//2899
f 8698//2900 8699//2900 8700//2900
f 8701//2901 8702//2901 8703//2901
f 8704//2902 8705//2902 8706//2902
f 8707//2903 8708//2903 8709//2903
f 8710//2904 8711//2904 8712//2904
f 8713//2905 8714//2905 8715//2905
f 8716//2906 8717//2906 8718//2906
f 8719//2907 8720//2907 8721//2907
f 8722//2908 8723//2908 8724//2908
f 8725//2909 8726//2909 8727//2909
f 8728//2910 8729//2910 8730//2910
f 8731//2911 8732//2911 8733//2911
f 8734//2912 8735//2912 8736//2912
f 8737//2913 8738//2913 8739//2913
f 8740//2914 8741//2914 8742//2914
f 8743//2915 8744//2915 8745//2915
f 8746//2916 8747//2916 8748//2916
f 8749//2917 8750//2917 8751//2917
f 8752//2918 8753//2918 8754//2918
f 8755//2919 8756//2919 8757//2919
f 8758//2920 8759//2920 8760//2920
f 8761//2921 8762//2921 8763//2921
f 8764//2922 8765//2922 8766//2922
f 8767//2923 8768//2923 8769//2923
f 8770//2924 8771//2924 8772//2924
f 8773//2925 8774//2925 8775//2925
f 8776//2926 8777//2926 8778//2926
f 8779//2927 8780//2927 8781//2927
f 8782//2928 8783//2928 8784//2928
f 8785//2929 8786//2929 8787//2929
f 8788//2930 8789//2930 8790//2930
f 8791//2931 8792//2931 8793//2931
f 8794//2932 8795//2932 8796//2932
f 8797//2933 8798//2933 8799//2933
f 8800//2934 8801//2934 8802//2934
f 8803//2935 8804//2935 8805//2935
f 8806//2936 8807//2936 8808//2936
f 8809//2937 8810//2937 8811//2937
f 8812//2938 8813//2938 8814//2938
f 8815//2939 8816//2939 8817//2939
f 8818//2940 8819//2940 8820//2940
f 8821//2941 8822//2941 8823//2941
f 8824//2942 8825//2942 8826//2942
f 8827//2943 8828//2943 8829//2943
f 8830//2944 8831//2944 8832//2944
f 8833//2945 8834//2945 8835//2945
f 8836//2946 8837//2946 8838//2946
f 8839//2947 8840//2947 8841//2947
f 8842//2948 8843//2948 8844//2948
f 8845//2949 8846//2949 8847//2949
f 8848//2950 8849//2950 8850//2950
f 8851//2951 8852//2951 8853//2951
f 8854//2952 8855//2952 8856//2952
f 8857//2953 8858//2953 8859//2953
f 8860//2954 8861//2954 8862//2954
f 8863//2955 8864//2955 8865//2955
f 8866//2956 8867//2956 8868//2956
f 8869//2957 8870//2957 8871//2957
f 8872//2958 8873//2958 8874//2958
f 8875//2959 8876//2959 8877//2959
f 8878//2960 8879//2960 8880//2960
f 8881//2961 8882//2961 8883//2961
f 8884//2962 8885//2962 8886//2962
f 8887//2963 8888//2963 8889//2963
f 8890//2964 8891//2964 8892//2964
f 8893//2965 8894//2965 8895//2965
f 8896//2966 8897//2966 8898//2966
f 8899//2967 8900//2967 8901//2967
f 8902//2968 8903//2968 8904//2968
f 8905//2969 8906//2969 8907//2969
f 8908//2970 8909//2970 8910//2970
f 8911//2971 8912//2971 8913//2971
f 8914//2972 8915//2972 8916//2972
f 8917//2973 8918//2973 8919//2973
f 8920//2974 8921//2974 8922//2974
f 8923//2975 8924//2975 8925//2975
f 8926//2976 8927//2976 8928//2976
f 8929//2977 8930//2977 8931//2977
f 8932//2978 8933//2978 8934//2978
f 8935//2979 8936//2979 8937//2979
f 8938//2980 8939//2980 8940//2980
f 8941//2981 8942//2981 8943//2981
f 8944//2982 8945//2982 8946//2982
f 8947//2983 8948//2983 8949//2983
f 8950//2984 8951//2984 8952//2984
f 8953//2985 8954//2985 8955//2985
f 8956//2986 8957//2986 8958//2986
f 8959//2987 8960//2987 8961//2987
f 8962//2988 8963//2988 8964//2988
f 8965//2989 8966//2989 8967//2989
f 8968//2990 8969//2990 8970//2990
f 8971//2991 8972//2991 8973//2991
f 8974//2992 8975//2992 8976//2992
f 8977//2993 8978//2993 8979//2993
f 8980//2994 8981//2994 8982//2994
f 8983//2995 8984//2995 8985//2995
f 8986//2996 8987//2996 8988//2996
f 8989//2997 8990//2997 8991//2997
f 8992//2998 8993//2998 8994//2998
f 8995//2999 8996//2999 8997//2999
f 8998//3000 8999//3000 9000//3000
f 9001//3001 9002//3001 9003//3001
f 9004//3002 9005//3002 9006//3002
f 9007//3003 9008//3003 9009//3003
f 9010//3004 9011//3004 9012//3004
f 9013//3005 9014//3005 9015//3005
f 9016//3006 9017//3006 9018//3006
f 9019//3007 9020//3007 9021//3007
f 9022//3008 9023//3008 9024//3008
f 9025//3009 9026//3009 9027//3009
f 9028//3010 9029//3010 9030//3010
f 9031//3011 9032//3011 9033//3011
f 9034//3012 9035//3012 9036//3012
f 9037//3013 9038//3013 9039//3013
f 9040//3014 9041//3014 9042//3014
f 9043//3015 9044//3015 9045//3015
f 9046//3016 9047//3016 9048//3016
f 9049//3017 9050//3017 9051//3017
f 9052//3018 9053//3018 9054//3018
f 9055//3019 9056//3019 9057//3019
f 9058//3020 9059//3020 9060//3020
f 9061//3021 9062//3021 9063//3021
f 9064//3022 9065//3022 9066//3022
f 9067//3023 9068//3023 9069//3023
f 9070//3024 9071//3024 9072//3024
f 9073//3025 9074//3025 9075//3025
f 9076//3026 9077//3026 9078//3026
f 9079//3027 9080//3027 9081//3027
f 9082//3028 9083//3028 9084//3028
f 9085//3029 9086//3029 9087//3029
f 9088//3030 9089//3030 9090//3030
f 9091//3031 9092//3031 9093//3031
f 9094//3032 9095//3032 9096//3032
f 9097//3033 9098//3033 9099//3033
f 9100//3034 9101//3034 9102//3034
f 9103//3035 9104//3035 9105//3035
f 9106//3036 9107//3036 9108//3036
f 9109//3037 9110//3037 9111//3037
f 9112//3038 9113//3038 9114//3038
f 9115//3039 9116//3039 9117//3039
f 9118//3040 9119//3040 9120//3040
f 9121//3041 9122//3041 9123//3041
f 9124//3042 9125//3042 9126//3042
f 9127//3043 9128//3043 9129//3043
f 9130//3044 9131//3044 9132//3044
f 9133//3045 9134//3045 9135//3045
f 9136//3046 9137//3046 9138//3046
f 9139//3047 9140//3047 9141//3047
f 9142//3048 9143//3048 9144//3048
f 9145//3049 9146//3049 9147//3049
f 9148//3050 9149//3050 9150//3050
f 9151//3051 9152//3051 9153//3051
f 9154//3052 9155//3052 9156//3052
f 9157//3053 9158//3053 9159//3053
f 9160//3054 9161//3054 9162//3054
f 9163//3055 9164//3055 9165//3055
f 9166//3056 9167//3056 9168//3056
f 9169//3057 9170//3057 9171//3057
f 9172//3058 9173//3058 9174//3058
f 9175//3059 9176//3059 9177//3059
f 9178//3060 9179//3060 9180//3060
f 9181//3061 9182//3061 9183//3061
f 9184//3062 9185//3062 9186//3062
f 9187//3063 9188//3063 9189//3063
f 9190//3064 9191//3064 9192//3064
f 9193//3065 9194//3065 9195//3065
f 9196//3066 9197//3066 9198//3066
f 9199//3067 9200//3067 9201//3067
f 9202//3068 9203//3068 9204//3068
f 9205//3069 9206//3069 9207//3069
f 9208//3070 9209//3070 9210//3070
f 9211//3071 9212//3071 9213//3071
f 9214//3072 9215//3072 9216//3072
f 9217//3073 9218//3073 9219//3073
f 9220//3074 9221//3074 9222//3074
f 9223//3075 9224//3075 9225//3075
f 9226//3076 9227//3076 9228//3076
f 9229//3077 9230//3077 9231//3077
f 9232//3078 9233//3078 9234//3078
f 9235//3079 9236//3079 9237//3079
f 9238//3080 9239//3080 9240//3080
f 9241//3081 9242//3081 9243//3081
f 9244//3082 9245//3082 9246//3082
f 9247//3083 9248//3083 9249//3083
f 9250//3084 9251//3084 9252//3084
f 9253//3085 9254//3085 9255//3085
f 9256//3086 9257//3086 9258//3086
f 9259//3087 9260//3087 9261//3087
f 9262//3088 9263//3088 9264//3088
f 9265//3089 9266//3089 9267//3089
f 9268//3090 9269//3090 9270//3090
f 9271//3091 9272//3091 9273//3091
f 9274//3092 9275//3092 9276//3092
f 9277//3093 9278//3093 9279//3093
f 9280//3094 9281//3094 9282//3094
f 9283//3095 9284//3095 9285//3095
f 9286//3096 9287//3096 9288//3096
f 9289//3097 9290//3097 9291//3097
f 9292//3098 9293//3098 9294//3098
f 9295//3099 9296//3099 9297//3099
f 9298//3100 9299//3100 9300//3100
f 9301//3101 9302//3101 9303//3101
f 9304//3102 9305//3102 9306//3102
f 9307//3103 9308//3103 9309//3103
f 9310//3104 9311//3104 9312//3104
f 9313//3105 9314//3105 9315//3105
f 9316//3106 9317//3106 9318//3106
f 9319//3107 9320//3107 9321//3107
f 9322//3108 9323//3108 9324//3108
f 9325//3109 9326//3109 9327//3109
f 9328//3110 9329//3110 9330//3110
f 9331//3111 9332//3111 9333//3111
f 9334//3112 9335//3112 9336//3112
f 9337//3113 9338//3113 9339//3113
f 9340//3114 9341//3114 9342//3114
f 9343//3115 9344//3115 9345//3115
f 9346//3116 9347//3116 9348//3116
f 9349//3117 9350//3117 9351//3117
f 9352//3118 9353//3118 9354//3118
f 9355//3119 9356//3119 9357//3119
f 9358//3120 9359//3120 9360//3120
f 9361//3121 9362//3121 9363//3121
f 9364//3122 9365//3122 9366//3122
f 9367//3123 9368//3123 9369//3123
f 9370//3124 9371//3124 9372//3124
f 9373//3125 9374//3125 9375//3125
f 9376//3126 9377//3126 9378//3126
f 9379//3127 9380//3127 9381//3127
f 9382//3128 9383//3128 9384//3128
f 9385//3129 9386//3129 9387//3129
f 9388//3130 9389//3130 9390//3130
f 9391//3131 9392//3131 9393//3131
f 9394//3132 9395//3132 9396//3132
f 9397//3133 9398//3133 9399//3133
f 9400//3134 9401//3134 9402//3134
f 9403//3135 9404//3135 9405//3135
f 9406//3136 9407//3136 9408//3136
f 9409//3137 9410//3137 9411//3137
f 9412//3138 9413//3138 9414//3138
f 9415//3139 9416//3139 9417//3139
f 9418//3140 9419//3140 9420//3140
f 9421//3141 9422//3141 9423//3141
f 9424//3142 9425//3142 9426//3142
f 9427//3143 9428//3143 9429//3143
f 9430//3144 9431//3144 9432//3144
f 9433//3145 9434//3145 9435//3145
f 9436//3146 9437//3146 9438//3146
f 9439//3147 9440//3147 9441//3147
f 9442//3148 9443//3148 9444//3148
f 9445//3149 9446//3149 9447//3149
f 9448//3150 9449//3150 9450//3150
f 9451//3151 9452//3151 9453//3151
f 9454//3152 9455//3152 9456//3152
f 9457//3153 9458//3153 9459//3153
f 9460//3154 9461//3154 9462//3154
f 9463//3155 9464//3155 9465//3155
f 9466//3156 9467//3156 9468//3156
f 9469//3157 9470//3157 9471//3157
f 9472//3158 9473//3158 9474//3158
f 9475//3159 9476//3159 9477//3159
f 9478//3160 9479//3160 9480//3160
f 9481//3161 9482//3161 9483//3161
f 9484//3162 9485//3162 9486//3162
f 9487//3163 9488//3163 9489//3163
f 9490//3164 9491//3164 9492//3164
f 9493//3165 9494//3165 9495//3165
f 9496//3166 9497//3166 9498//3166
f 9499//3167 9500//3167 9501//3167
f 9502//3168 9503//3168 9504//3168
f 9505//3169 9506//3169 9507//3169
f 9508//3170 9509//3170 9510//3170
f 9511//3171 9512//3171 9513//3171
f 9514//3172 9515//3172 9516//3172
f 9517//3173 9518//3173 9519//3173
f 9520//3174 9521//3174 9522//3174
f 9523//3175 9524//3175 9525//3175
f 9526//3176 9527//3176 9528//3176
f 9529//3177 9530//3177 9531//3177
f 9532//3178 9533//3178 9534//3178
f 9535//3179 9536//3179 9537//3179
f 9538//3180 9539//3180 9540//3180
f 9541//3181 9542//3181 9543//3181
f 9544//3182 9545//3182 9546//3182
f 9547//3183 9548//3183 9549//3183
f 9550//3184 9551//3184 9552//3184
f 9553//3185 9554//3185 9555//3185
f 9556//3186 9557//3186 9558//3186
f 9559//3187 9560//3187 9561//3187
f 9562//3188 9563//3188 9564//3188
f 9565//3189 9566//3189 9567//3189
f 9568//3190 9569//3190 9570//3190
f 9571//3191 9572//3191 9573//3191
f 9574//3192 9575//3192 9576//3192
